﻿<?xml version="1.0" encoding="utf-8" ?>
<ThingCategoryDefs>

	<!-- Add new raw plant food categories -->
	<ThingCategoryDef>
	  <defName>FruitFoodRaw</defName>
	  <label>fruits</label>
	  <parent>PlantFoodRaw</parent>
	  <iconPath>Ui/Icons/ThingCategories/FruitFoodRaw</iconPath>
	</ThingCategoryDef>
	<ThingCategoryDef>
		<defName>VegetableFoodRaw</defName>
		<label>vegetables</label>
		<parent>PlantFoodRaw</parent>
		<iconPath>Ui/Icons/ThingCategories/VegetableFoodRaw</iconPath>
	</ThingCategoryDef>
	<ThingCategoryDef>
		<defName>GrainsAndResourcePlants</defName>
		<label>grains &amp; resource plants</label>
		<parent>PlantFoodRaw</parent>
		<iconPath>Ui/Icons/ThingCategories/PlantFoodResources</iconPath>
	</ThingCategoryDef>
			
	<!-- Add new food categories -->
	<ThingCategoryDef>
		<defName>SweetsFood</defName>
		<label>sweets</label>
		<parent>Foods</parent>
		<resourceReadoutRoot>true</resourceReadoutRoot>
		<iconPath>Ui/Icons/ThingCategories/SweetsFood</iconPath>
	</ThingCategoryDef>
	<ThingCategoryDef>
		<defName>CookingSupplies</defName>
		<label>cooking ingredients</label>
		<parent>Foods</parent>
		<resourceReadoutRoot>true</resourceReadoutRoot>
		<iconPath>Ui/Icons/ThingCategories/CookingSupplies</iconPath>
	</ThingCategoryDef>
	<ThingCategoryDef>
		<defName>AlcoholDrugsFood</defName>
		<label>Alcohol, Tobacco, &amp; Drugs</label>
		<parent>Foods</parent>
		<resourceReadoutRoot>true</resourceReadoutRoot>
		<iconPath>Ui/Icons/ThingCategories/AlcoholFood</iconPath>
	</ThingCategoryDef>
	
	
	<!-- Add metal resource categories -->
	<ThingCategoryDef>
        <defName>Metals</defName>
        <label>ore</label>
        <parent>ResourcesRaw</parent>
        <resourceReadoutRoot>true</resourceReadoutRoot>
        <iconPath>Ui/Icons/ThingCategories/Metals</iconPath>
	</ThingCategoryDef>
	<ThingCategoryDef>
        <defName>Minerals</defName>
        <label>minerals</label>
        <parent>ResourcesRaw</parent>
	</ThingCategoryDef>	
	<ThingCategoryDef>
		<defName>PlantResources</defName>
		<label>plants</label>
		<parent>ResourcesRaw</parent>
		<iconPath>Ui/Icons/ThingCategories/RawPlants</iconPath>
	</ThingCategoryDef>
	<ThingCategoryDef>
		<defName>WoolResources</defName>
		<label>wools</label>
		<parent>ResourcesRaw</parent>
		<iconPath>Ui/Icons/ThingCategories/Wool</iconPath>
	</ThingCategoryDef>

	
	<!--adding categories to manufactured resources -->

	<ThingCategoryDef>
		<defName>Electronics</defName>
		<label>electronics</label>
		<parent>Manufactured</parent>
		<resourceReadoutRoot>true</resourceReadoutRoot>
		<iconPath>Ui/Icons/ThingCategories/Electronics</iconPath>
	</ThingCategoryDef>
	<ThingCategoryDef>
		<defName>Ammunition</defName>
		<label>ammunition</label>
		<parent>Manufactured</parent>
		<resourceReadoutRoot>true</resourceReadoutRoot>
		<iconPath>Ui/Icons/ThingCategories/Ammunition</iconPath>
	</ThingCategoryDef>
	<ThingCategoryDef>
		<defName>ArtResources</defName>
		<label>artistic supplies</label>
		<parent>Manufactured</parent>
	</ThingCategoryDef>
	<ThingCategoryDef>
		<defName>CraftingComponents</defName>
		<label>crafting components</label>
		<parent>Manufactured</parent>
	</ThingCategoryDef>
	
	<!-- Add textile resource categories -->
	<ThingCategoryDef>
	  <defName>PlantTextiles</defName>
	  <label>plant textiles</label>
	  <parent>Textiles</parent>
	  <iconPath>Ui/Icons/ThingCategories/PlantTextiles</iconPath>
	</ThingCategoryDef> 
	<ThingCategoryDef>
	  <defName>SyntheticTextiles</defName>
	  <label>plant textiles</label>
	  <parent>Textiles</parent>
	  <iconPath>Ui/Icons/ThingCategories/SyntheticTextiles</iconPath>
	</ThingCategoryDef> 

	<!-- Add new items categories -->
	<ThingCategoryDef>
      <defName>Schematics</defName>
      <label>schematics</label>
      <parent>Items</parent>
    </ThingCategoryDef>
	<ThingCategoryDef>
      <defName>BaseDefense</defName>
      <label>base defense</label>
      <parent>Items</parent>
    </ThingCategoryDef>
	<ThingCategoryDef>
      <defName>Tools</defName>
      <label>tools</label>
      <parent>Items</parent>
    </ThingCategoryDef>
	<ThingCategoryDef>
      <defName>ValuableItems</defName>
      <label>valuables</label>
      <parent>Items</parent>
    </ThingCategoryDef>
	
	<!-- Add new ranged weapon categories -->
	<ThingCategoryDef>
	  <defName>ManPoweredWeapons</defName>
	  <label>man powered weapons</label>
	  <parent>WeaponsRanged</parent>
	</ThingCategoryDef>
	<ThingCategoryDef>
	  <defName>Pistols</defName>
	  <label>pistols</label>
	  <parent>WeaponsRanged</parent>
	</ThingCategoryDef>
	<ThingCategoryDef>
	  <defName>Rifles</defName>
	  <label>rifles</label>
	  <parent>WeaponsRanged</parent>
	</ThingCategoryDef>
	<ThingCategoryDef>
	  <defName>LaserWeapons</defName>
	  <label>laser weapons</label>
	  <parent>WeaponsRanged</parent>
	</ThingCategoryDef>
	<ThingCategoryDef>
	  <defName>PlasmaWeapons</defName>
	  <label>plasma weapons</label>
	  <parent>WeaponsRanged</parent>
	</ThingCategoryDef>
	<ThingCategoryDef>
	  <defName>HeavyWeapons</defName>
	  <label>heavy weapons</label>
	  <parent>WeaponsRanged</parent>
	</ThingCategoryDef>
	
	<!-- Add new apparel categories -->
	<ThingCategoryDef>
      <defName>ApparelTops</defName>
      <label>shirts/tops</label>
      <parent>Apparel</parent>
    </ThingCategoryDef>
	<ThingCategoryDef>
      <defName>ApparelBottoms</defName>
      <label>pants/trousers</label>
      <parent>Apparel</parent>
    </ThingCategoryDef>
	<ThingCategoryDef>
      <defName>ApparelFootwear</defName>
      <label>footwear</label>
      <parent>Apparel</parent>
    </ThingCategoryDef>
	<ThingCategoryDef>
      <defName>ApparelSheilds</defName>
      <label>sheilds</label>
      <parent>Apparel</parent>
    </ThingCategoryDef>
    <ThingCategoryDef>
      <defName>ApparelAccessories</defName>
      <label>accessories</label>
      <parent>Apparel</parent>
    </ThingCategoryDef>
    <ThingCategoryDef>
      <defName>ApparelSuits</defName>
      <label>suits</label>
      <parent>Apparel</parent>
    </ThingCategoryDef>




	<!-- Add new body part categories -->
	<ThingCategoryDef>
      <defName>BodyPartsHumanoid</defName>
      <label>humanoid</label>
      <parent>BodyPartsAndImplants</parent>
    </ThingCategoryDef>
	<ThingCategoryDef>
      <defName>NaturalBodyPartsHumanoid</defName>
      <label>natural body parts</label>
      <parent>BodyPartsHumanoid</parent>
    </ThingCategoryDef>
	<ThingCategoryDef>
      <defName>ProsthesesHumanoid</defName>
      <label>prostheses</label>
      <parent>BodyPartsHumanoid</parent>
    </ThingCategoryDef>
	<ThingCategoryDef>
      <defName>AdvancedProsthesesHumanoid</defName>
      <label>advanced prostheses</label>
      <parent>ProsthesesHumanoid</parent>
    </ThingCategoryDef>
	<ThingCategoryDef>
      <defName>ImplantsHumanoid</defName>
      <label>implants</label>
      <parent>BodyPartsHumanoid</parent>
    </ThingCategoryDef>
	<ThingCategoryDef>
      <defName>BionicsHumanoid</defName>
      <label>bionics</label>
      <parent>BodyPartsHumanoid</parent>
    </ThingCategoryDef>
	<ThingCategoryDef>
      <defName>AdvancedBionicsHumanoid</defName>
      <label>advanced bionics</label>
      <parent>BionicsHumanoid</parent>
    </ThingCategoryDef>
	<ThingCategoryDef>
      <defName>SurrogateOrgansHumanoid</defName>
      <label>surrogate organs</label>
      <parent>BodyPartsHumanoid</parent>
    </ThingCategoryDef>
	<ThingCategoryDef>
      <defName>SyntheticOrgansHumanoid</defName>
      <label>synthetic organs</label>
      <parent>BodyPartsHumanoid</parent>
    </ThingCategoryDef>
	
	
	<ThingCategoryDef>
      <defName>BodyPartsAnimal</defName>
      <label>animal</label>
      <parent>BodyPartsAndImplants</parent>
    </ThingCategoryDef>
	<ThingCategoryDef>
      <defName>NaturalBodyPartsAnimal</defName>
      <label>natural body parts</label>
      <parent>BodyPartsAnimal</parent>
    </ThingCategoryDef>
	<ThingCategoryDef>
      <defName>ProsthesesAnimal</defName>
      <label>prostheses</label>
      <parent>BodyPartsAnimal</parent>
    </ThingCategoryDef>
	<ThingCategoryDef>
      <defName>BionicsAnimal</defName>
      <label>bionics</label>
      <parent>BodyPartsAnimal</parent>
    </ThingCategoryDef>

<!-- Adding a blank category under Chunks that will be used to discard categories from other mods -->
  <ThingCategoryDef>
    <defName>Unused</defName>
    <label></label>
    <parent>Chunks</parent>
  </ThingCategoryDef>

</ThingCategoryDefs>
