<?xml version="1.0" encoding="utf-8" ?>
<TerrainDefs>

  <TerrainDef>
    <defName>SoilTilled</defName>
    <label>tilled soil</label>
	<Description>Tilled soil, for planting crops properly.</Description>
    <texturePath>Terrain/Surfaces/SoilRich</texturePath>
    <EdgeType>FadeRough</EdgeType>
    <RenderPrecedence>335</RenderPrecedence>
    <PathCost>5</PathCost>
    <statBases>
      <Beauty>0</Beauty>
	  <WorkToMake>200</WorkToMake>
    </statBases>
	<designationCategory>MoreFloors</designationCategory><!--changed from Floors-->
	<constructEffect>ConstructDirt</constructEffect>
    <affordances>
      <li>Light</li>
      <li>Heavy</li>
      <li>GrowSoil</li>
      <li>Diggable</li>
    </affordances>
    <TerrainFilthDef>FilthDirt</TerrainFilthDef>
    <Fertility>2.0</Fertility>
    <TakeFootprints>True</TakeFootprints>
	<acceptFilth>false</acceptFilth>
    <avoidWander>true</avoidWander>
	<terrainAffordanceNeeded>GrowSoil</terrainAffordanceNeeded>
  </TerrainDef>
  
  <TerrainDef>
    <defName>PlaceSoil</defName>
    <label>Place Soil</label>
	<Description>Places dirt onto smoothed floors to grow crops.</Description>
    <texturePath>Terrain/Surfaces/Soil</texturePath>
    <EdgeType>FadeRough</EdgeType>
    <RenderPrecedence>335</RenderPrecedence>
    <PathCost>5</PathCost>
    <statBases>
      <Beauty>0</Beauty>
	  <WorkToMake>450</WorkToMake>
    </statBases>
	<designationCategory>MoreFloors</designationCategory><!--changed from Floors-->
	<constructEffect>ConstructDirt</constructEffect>
    <affordances>
      <li>Light</li>
      <li>Heavy</li>
      <li>GrowSoil</li>
      <li>Diggable</li>
    </affordances>
    <TerrainFilthDef>FilthDirt</TerrainFilthDef>
    <Fertility>1.0</Fertility>
    <TakeFootprints>True</TakeFootprints>
	<acceptFilth>false</acceptFilth>
    <avoidWander>true</avoidWander>
	<terrainAffordanceNeeded>SmoothHard</terrainAffordanceNeeded>
  </TerrainDef>

  <TerrainDef>
    <defName>ReclaimSoil</defName>
    <label>Reclaim Soil</label>
	<Description>Digs up sand, marshy soil, mud, marsh, gravel and places dirt to grow crops.</Description>
    <texturePath>Terrain/Surfaces/Soil</texturePath>
    <EdgeType>FadeRough</EdgeType>
    <RenderPrecedence>335</RenderPrecedence>
    <PathCost>5</PathCost>
    <statBases>
      <Beauty>0</Beauty>
	  <WorkToMake>900</WorkToMake>
    </statBases>
	<designationCategory>MoreFloors</designationCategory><!--changed from Floors-->
	<constructEffect>ConstructDirt</constructEffect>
    <affordances>
      <li>Light</li>
      <li>Heavy</li>
      <li>GrowSoil</li>
      <li>Diggable</li>
    </affordances>
    <TerrainFilthDef>FilthDirt</TerrainFilthDef>
    <Fertility>1.0</Fertility>
    <TakeFootprints>True</TakeFootprints>
	<acceptFilth>false</acceptFilth>
    <avoidWander>true</avoidWander>
	<terrainAffordanceNeeded>Diggable</terrainAffordanceNeeded>
  </TerrainDef>

</TerrainDefs>