<?xml version="1.0" encoding="utf-8" ?>
<ResearchProjectDefs>

  <ResearchProjectDef>
    <defName>RTFusebox_BasicFuses</defName>
    <label>basic fuses</label>
    <description>Build makeshift fuses out of steel strips. Each one is enough to dissipate up to 2500 Wd (over two standard batteries) discharge, but will burn out if exceeded.</description>
    <totalCost>500</totalCost>
	<prerequisites>
      <li>PowerI</li>
    </prerequisites>
  </ResearchProjectDef>

  <ResearchProjectDef>
    <defName>RTFusebox_FlareShield</defName>
    <label>solar flare shielding</label>
    <description>Construct a magnetic shield that will protect electric devices in your colony from solar flares.</description>
    <totalCost>1000</totalCost>
	<prerequisites>
      <li>GeothermalPower</li>
    </prerequisites>
  </ResearchProjectDef>
  
</ResearchProjectDefs>