<?xml version="1.0" encoding="utf-8" ?>

<Defs>

  <ThingDef Name="ResourceBase" Abstract="True">
    <thingClass>ThingWithComps</thingClass>
    <label>unspecified resource</label>
    <category>Item</category>
    <resourceReadoutPriority>Middle</resourceReadoutPriority>
    <useHitPoints>true</useHitPoints>
    <selectable>true</selectable>
    <altitudeLayer>Item</altitudeLayer>
    <stackLimit>75</stackLimit>
    <comps>
      <li>
        <compClass>CompForbiddable</compClass>
      </li>
    </comps>
    <alwaysHaulable>true</alwaysHaulable>
    <drawGUIOverlay>true</drawGUIOverlay>
    <rotatable>false</rotatable>
    <pathCost>15</pathCost>
 </ThingDef>


    <ThingDef Abstract="True" ParentName="ResourceBase" Name="PlantProductBase">
    <graphicData>
      <graphicClass>Graphic_Single</graphicClass>
    </graphicData>
    <soundInteract>Food_Drop</soundInteract>
    <soundDrop>Food_Drop</soundDrop>
    <socialPropernessMatters>true</socialPropernessMatters>
    <statBases>
      <MaxHitPoints>100</MaxHitPoints>
      <Flammability>1.0</Flammability>
      <DeteriorationRate>5</DeteriorationRate>
    </statBases>
	<!--<thingCategories>
         <li>CookingSupplies</li>
      </thingCategories>removed in favor of specific categories below-->
    <tickerType>Rare</tickerType>
  </ThingDef>


<ThingDef ParentName="PlantProductBase">
    <defName>Rawwheat</defName>
    <label>wheat</label>
    <description>Wheat is a cereal grain, for milling into Flour.</description>
    <graphicData>
      <texPath>Things/Veg/wheat</texPath>
    </graphicData>
    <statBases>
      <MarketValue>2.0</MarketValue>
    </statBases>
    <comps>
      <li Class="CompProperties_Rottable">
        <daysToRotStart>25</daysToRotStart>
        <rotDestroys>true</rotDestroys>
      </li>
    </comps>
    <thingCategories>
         <li>GrainsAndResourcePlants</li>
      </thingCategories>
  </ThingDef>

<ThingDef ParentName="PlantProductBase">
    <defName>Rawcocoa</defName>
    <label>cocoa</label>
    <description>Cocoa beans are refined into choclate.</description>
    <graphicData>
      <texPath>Things/Item/cocoa</texPath>
    </graphicData>
    <statBases>
      <MarketValue>2.0</MarketValue>
    </statBases>
    <comps>
      <li Class="CompProperties_Rottable">
        <daysToRotStart>25</daysToRotStart>
        <rotDestroys>true</rotDestroys>
      </li>
    </comps>
	 <thingCategories>
    	<li>GrainsAndResourcePlants</li>
    </thingCategories>
  </ThingDef>


<ThingDef ParentName="PlantProductBase">
    <defName>Rawsugarcane</defName>
    <label>sugarcane</label>
    <description>Harvested canes from the sugarcane plant. </description>
    <graphicData>
      <texPath>Things/Veg/sugarcane</texPath>
    </graphicData>
    <statBases>
      <MarketValue>2.0</MarketValue>
    </statBases>
    <comps>
      <li Class="CompProperties_Rottable">
        <daysToRotStart>25</daysToRotStart>
        <rotDestroys>true</rotDestroys>
      </li>
    </comps>
	 <thingCategories>
    	<li>GrainsAndResourcePlants</li>
    </thingCategories>
  </ThingDef>

  <ThingDef ParentName="PlantProductBase">
    <defName>Sugar</defName>
    <label>sugar</label>
    <description>Ground up from the cane plant. Used in baking.</description>
   <graphicData>
      <texPath>Things/Item/sugar</texPath>
    </graphicData>
    <statBases>
      <MarketValue>3</MarketValue>
    </statBases>
    <comps>
      <li Class="CompProperties_Rottable">
        <daysToRotStart>25</daysToRotStart>
        <rotDestroys>true</rotDestroys>
      </li>
    </comps>
    <thingCategories>
    	<li>CookingSupplies</li>
    </thingCategories>
  </ThingDef>


<ThingDef ParentName="PlantProductBase">
    <defName>Flour</defName>
    <label>flour</label>
    <description>Simple four, used in baking.</description>
    <graphicData>
      <texPath>Things/Item/flour</texPath>
    </graphicData>
    <statBases>
      <MarketValue>3</MarketValue>
    </statBases>
    <comps>
      <li Class="CompProperties_Rottable">
        <daysToRotStart>25</daysToRotStart>
        <rotDestroys>true</rotDestroys>
      </li>
    </comps>
    <thingCategories>
    	<li>CookingSupplies</li>
    </thingCategories>
  </ThingDef>



<ThingDef ParentName="ResourceBase">
    <defName>Chocolate</defName>
    <label>chocolate</label>
    <description>A delicious preparation of cocoa seeds ground together with sugar and vanilla. Very pleasurable to eat, but not very nutritious.</description>
    <graphicData>
      <texPath>Things/Item/Resource/Chocolate</texPath>
      <graphicClass>Graphic_Single</graphicClass>
    </graphicData>
    <soundInteract>Standard_Drop</soundInteract>
    <soundDrop>Standard_Drop</soundDrop>
		<socialPropernessMatters>true</socialPropernessMatters>
    <statBases>
      <MaxHitPoints>100</MaxHitPoints>
      <MarketValue>2</MarketValue>
      <Flammability>1.0</Flammability>
    </statBases>
      <thingCategories>
         <li>SweetsFood</li><!--changed from SweetsMeals-->
      </thingCategories>
    <ingestible>
      <preferability>DesperateOnly</preferability>
      <nutrition>0.01</nutrition>
      <joy>0.07</joy>
      <maxNumToIngestAtOnce>4</maxNumToIngestAtOnce>
      <soundEat>Meal_Eat</soundEat>
      <isPleasureDrug>true</isPleasureDrug>
    </ingestible>
  </ThingDef>


<ThingDef ParentName="PlantProductBase">
    <defName>Cornmeal</defName>
    <label>Cornmeal</label>
    <description>Simple cornmeal, used in baking.</description>
    <graphicData>
      <texPath>Things/Item/Cornmeal</texPath>
    </graphicData>
    <statBases>
      <MarketValue>3</MarketValue>
    </statBases>
    <comps>
      <li Class="CompProperties_Rottable">
        <daysToRotStart>25</daysToRotStart>
        <rotDestroys>true</rotDestroys>
      </li>
    </comps>
    <thingCategories>
    	<li>CookingSupplies</li>
    </thingCategories>
  </ThingDef>



  </Defs>
