<?xml version="1.0" encoding="UTF-8"?>

<ThingDefs>
   
   <ThingDef Name="MealBase" Abstract="True">
      <label>meal</label>
      <thingClass>Meal</thingClass>
      <category>Item</category>
      <useHitPoints>true</useHitPoints>
      <selectable>true</selectable>
      <statBases>
         <MaxHitPoints>50</MaxHitPoints>
         <Flammability>1.0</Flammability>
      </statBases>
      <altitudeLayer>Item</altitudeLayer>
      <stackLimit>75</stackLimit>
      <tickerType>Rare</tickerType>
      <description>"Meal lacks desc."</description>
      <socialPropernessMatters>true</socialPropernessMatters>
      <alwaysHaulable>true</alwaysHaulable>
      <comps>
         <li>
            <compClass>CompForbiddable</compClass>
         </li>
      </comps>
      <pathCost>15</pathCost>
      <resourceReadoutPriority>Last</resourceReadoutPriority>
      <drawGUIOverlay>true</drawGUIOverlay>
      <ingestible>
         <maxNumToIngestAtOnce>1</maxNumToIngestAtOnce>
      </ingestible>
   </ThingDef>
   
   <ThingDef ParentName="MealBase" Name="MealRottable" Abstract="True">
      <comps>
         <li Class="CompProperties_Rottable">
            <compClass>CompRottable</compClass>
            <daysToRotStart>4</daysToRotStart>
            <rotDestroys>true</rotDestroys>
         </li>
      </comps>
   </ThingDef>
   
		
   
   <ThingDef ParentName="MealBase">
      <defName>Caramel</defName>
      <label>Caramel</label>
      <description>A sweet candy made from sugar</description>
      <graphicData>
      <texPath>Things/Item/caramel</texPath>
      <graphicClass>Graphic_Single</graphicClass>
    </graphicData>
      <thingCategories>
         <li>SweetsFood</li><!--changed from SweetsMeals-->
      </thingCategories>

      <statBases>
         <DeteriorationRate>10</DeteriorationRate>
         <MarketValue>25</MarketValue>
         <WorkToMake>450</WorkToMake>
      </statBases>
      <ingestible>
         <preferability>NeverForNutrition</preferability>
	    <isPleasureDrug>true</isPleasureDrug>
         <nutrition>0.05</nutrition>
         <joy>0.1</joy>
         <ingestedDirectThought>AteCandy</ingestedDirectThought>
         <eatEffect>EatVegetarian</eatEffect>
         <soundEat>Meal_Eat</soundEat>
      </ingestible>
   </ThingDef>

<ThingDef ParentName="MealBase">
      <defName>Hardcandy</defName>
      <label>Hardcandy</label>
      <description>A hard candy made from sugar</description>
      <graphicData>
      <texPath>Things/Item/hardcandy</texPath>
      <graphicClass>Graphic_Single</graphicClass>
    </graphicData>
      <thingCategories>
         <li>SweetsFood</li><!--changed from SweetsMeals-->
      </thingCategories>

      <statBases>
         <DeteriorationRate>10</DeteriorationRate>
         <MarketValue>25</MarketValue>
         <WorkToMake>450</WorkToMake>
      </statBases>
      <ingestible>
         <preferability>NeverForNutrition</preferability>
	    <isPleasureDrug>true</isPleasureDrug>

         <nutrition>0.05</nutrition>
         <joy>0.1</joy>
         <ingestedDirectThought>AteCandy</ingestedDirectThought>
         <eatEffect>EatVegetarian</eatEffect>
         <soundEat>Meal_Eat</soundEat>
      </ingestible>
   </ThingDef>

<ThingDef ParentName="MealBase">
      <defName>Taffy</defName>
      <label>Taffy</label>
      <description>A chewy sweet candy</description>
      <graphicData>
      <texPath>Things/Item/taffy</texPath>
      <graphicClass>Graphic_Single</graphicClass>
    </graphicData>
      <thingCategories>
         <li>SweetsFood</li><!--changed from SweetsMeals-->
      </thingCategories>

      <statBases>
         <DeteriorationRate>10</DeteriorationRate>
         <MarketValue>25</MarketValue>
         <WorkToMake>450</WorkToMake>
      </statBases>
      <ingestible>
         <preferability>NeverForNutrition</preferability>
	    <isPleasureDrug>true</isPleasureDrug>

         <nutrition>0.05</nutrition>
         <joy>0.1</joy>
         <ingestedDirectThought>AteCandy</ingestedDirectThought>
         <eatEffect>EatVegetarian</eatEffect>
         <soundEat>Meal_Eat</soundEat>
      </ingestible>
   </ThingDef>

<ThingDef ParentName="MealRottable">
		<defName>cookie</defName>
		<label>cookie</label>
		<description>Fresh baked cookies!</description>
		<graphicData>
      <texPath>Things/Item/cookie</texPath>
      <graphicClass>Graphic_Single</graphicClass>
	    </graphicData>
      <thingCategories>
         <li>SweetsFood</li><!--changed from SweetsMeals-->
      </thingCategories>

    <statBases>
      <DeteriorationRate>10</DeteriorationRate>
      <MarketValue>32</MarketValue>
      <WorkToMake>600</WorkToMake>
    </statBases>
    <ingestible>
      <preferability>Lavish</preferability>
      <nutrition>0.7</nutrition>
      <joy>0.02</joy>
      <eatEffect>EatVegetarian</eatEffect>
      <soundEat>Meal_Eat</soundEat>
    </ingestible>
	</ThingDef>

<ThingDef ParentName="MealRottable">
      <defName>BlueberryPie</defName>
      <label>Fruit Pie Slice</label>
      <description>A slice of fruit pie.</description>
      <graphicData>
      <texPath>Things/Item/BlueberryPie</texPath>
      <graphicClass>Graphic_Single</graphicClass>
    </graphicData>
      <thingCategories>
         <li>SweetsFood</li><!--changed from SweetsMeals-->
      </thingCategories>

      <statBases>
         <DeteriorationRate>10</DeteriorationRate>
         <MarketValue>25</MarketValue>
         <WorkToMake>1500</WorkToMake>
      </statBases>
      <ingestible>
         <preferability>NeverForNutrition</preferability>
	    <isPleasureDrug>true</isPleasureDrug>
         <nutrition>0.05</nutrition>
         <joy>0.4</joy>
         <ingestedDirectThought>AtePie</ingestedDirectThought>
         <eatEffect>EatVegetarian</eatEffect>
         <soundEat>Meal_Eat</soundEat>

      </ingestible>
   </ThingDef>

<ThingDef ParentName="MealRottable">
      <defName>PumpkinPie</defName>
      <label>Pumpkin Pie Slice</label>
      <description>A slice of pumpkin pie.</description>
   <graphicData>
      <texPath>Things/Item/PumpkinPie</texPath>
      <graphicClass>Graphic_Single</graphicClass>
    </graphicData>
      <thingCategories>
         <li>SweetsFood</li><!--changed from SweetsMeals-->
      </thingCategories>

      <statBases>
         <DeteriorationRate>10</DeteriorationRate>
         <MarketValue>25</MarketValue>
         <WorkToMake>1500</WorkToMake>
      </statBases>
      <ingestible>
         <preferability>NeverForNutrition</preferability>
	    <isPleasureDrug>true</isPleasureDrug>
         <nutrition>0.05</nutrition>
         <joy>0.4</joy>
         <ingestedDirectThought>AtePie</ingestedDirectThought>
         <eatEffect>EatVegetarian</eatEffect>
         <soundEat>Meal_Eat</soundEat>

      </ingestible>
   </ThingDef>

<ThingDef ParentName="MealRottable">
      <defName>Cuptea</defName>
      <label>Cup of Tea</label>
      <description>A drink made from brew tea leaves.</description>
      <graphicData>
      <texPath>Things/Item/cuptea</texPath>
      <graphicClass>Graphic_Single</graphicClass>
    </graphicData>
      <thingCategories>
         <li>SweetsFood</li><!--changed from SweetsMeals-->
      </thingCategories>

      <statBases>
         <DeteriorationRate>10</DeteriorationRate>
         <MarketValue>12</MarketValue>
         <WorkToMake>450</WorkToMake>
      </statBases>
      <ingestible>
         <preferability>NeverForNutrition</preferability>
           <nutrition>0.04</nutrition>
           <joy>0.3</joy>
           <joyKind>Social</joyKind>
           <maxNumToIngestAtOnce>1</maxNumToIngestAtOnce>
           <soundEat>Ingest_Beer</soundEat>
           <isPleasureDrug>true</isPleasureDrug>
	  <hediffGivers>
		<li>
		<chance>1</chance>
		<hediffDef>Caffeine</hediffDef>
		</li>
	  </hediffGivers>

<ingestedDirectThought>Hotdrink</ingestedDirectThought>
      </ingestible>
   </ThingDef>

<ThingDef ParentName="MealRottable">
      <defName>Fruitdrink</defName>
      <label>Fruitdrink</label>
      <description>A drink made from pressing druit for their juice.</description>
      <graphicData>
      <texPath>Things/Item/Fruitdrink</texPath>
      <graphicClass>Graphic_Single</graphicClass>
    </graphicData>
      <thingCategories>
         <li>SweetsFood</li><!--changed from SweetsMeals-->
      </thingCategories>

      <statBases>
         <DeteriorationRate>1</DeteriorationRate>
         <MarketValue>7</MarketValue>
         <WorkToMake>600</WorkToMake>
      </statBases>
      <ingestible>
         <preferability>NeverForNutrition</preferability>
           <nutrition>0.24</nutrition>
           <joy>0.3</joy>
           <joyKind>Social</joyKind>
           <maxNumToIngestAtOnce>1</maxNumToIngestAtOnce>
           <soundEat>Ingest_Beer</soundEat>
           <isPleasureDrug>true</isPleasureDrug>
	  <hediffGivers>
		<li>
		<chance>1</chance>
		<hediffDef>GoodHappy</hediffDef>
		</li>
	  </hediffGivers>
<ingestedDirectThought>SomethingGood</ingestedDirectThought>
      </ingestible>
   </ThingDef>

	<ThingDef ParentName="MealRottable">
	<defName>Rawtofu</defName>
    <label>tofu</label>
    <description>Raw protein-rich Tofu. Made from Beans. Nice to eat, even when raw.</description>
    <graphicData>
      <texPath>Things/Item/tofu</texPath>
      <graphicClass>Graphic_Single</graphicClass>
    </graphicData>
    <statBases>
      <DeteriorationRate>10</DeteriorationRate>
      <MarketValue>14</MarketValue>
      <WorkToMake>600</WorkToMake>
    </statBases>
    <ingestible>
      <preferability>Awful</preferability>
      <nutrition>0.4</nutrition>
      <joy>0.04</joy>
      <eatEffect>EatVegetarian</eatEffect>
      <soundEat>Meal_Eat</soundEat>
      <isMeat>true</isMeat>
    </ingestible>
    <thingCategories>
      <li>VegetableFoodRaw</li><!--changed from MeatRaw-->
    </thingCategories>
	</ThingDef>

  

<ThingDef ParentName="MealBase">
	<defName>cider</defName>
	<label>bottle of apple cider</label>
	<description>A sweet alcohol from apples.</description>
	<graphicData>
      <texPath>Things/Item/cider</texPath>
      <graphicClass>Graphic_Single</graphicClass>
    </graphicData>
	<equippedAngleOffset>-150</equippedAngleOffset>
	<rotatable>false</rotatable>
	<stackLimit>75</stackLimit>
	<statBases>
	  <DeteriorationRate>0</DeteriorationRate>
	  <MarketValue>10</MarketValue>
	  <MeleeWeapon_DamageAmount>7</MeleeWeapon_DamageAmount>
	  <MeleeWeapon_Cooldown>1.8</MeleeWeapon_Cooldown>
	</statBases>
	<ingestible>
	  <nutrition>0.06</nutrition>
	  <joy>0.15</joy>
           <joyKind>Chemical</joyKind>
	  <maxNumToIngestAtOnce>1</maxNumToIngestAtOnce>
	  <preferability>NeverForNutrition</preferability>
	  <soundEat>Ingest_Beer</soundEat>
	  <isPleasureDrug>true</isPleasureDrug>
	  <hediffGivers>
		<li>
		<chance>1</chance>
		<hediffDef>MidAlcohol</hediffDef>
		</li>
	  </hediffGivers>
	</ingestible>
         <equipmentType>Primary</equipmentType>
         <techLevel>Neolithic</techLevel>
         <comps>
           <li>
             <compClass>CompEquippable</compClass>
           </li>
          </comps>
         <verbs>
           <li>
             <verbClass>Verb_MeleeAttack</verbClass>
             <hasStandardCommand>true</hasStandardCommand>
             <meleeDamageDef>Blunt</meleeDamageDef>
           </li>
         </verbs>
      <thingCategories>
         <li>AlcoholDrugsFood</li><!--changed from SweetMeals-->
      </thingCategories>

</ThingDef>


<ThingDef ParentName="MealBase">
	<defName>rum</defName>
	<label>bottle of rum</label>
	<description>Where's all the rum gone?</description>
	<graphicData>
      <texPath>Things/Item/rum</texPath>
      <graphicClass>Graphic_Single</graphicClass>
    </graphicData>

	<equippedAngleOffset>-150</equippedAngleOffset>
	<rotatable>false</rotatable>
	<stackLimit>75</stackLimit>
	<statBases>
	  <DeteriorationRate>0</DeteriorationRate>
	  <MarketValue>20</MarketValue>
	  <MeleeWeapon_DamageAmount>7</MeleeWeapon_DamageAmount>
	  <MeleeWeapon_Cooldown>1.8</MeleeWeapon_Cooldown>
	</statBases>
	<ingestible>
	  <nutrition>0.04</nutrition>
	  <joy>0.2</joy>
           <joyKind>Chemical</joyKind>
	  <maxNumToIngestAtOnce>1</maxNumToIngestAtOnce>
	  <preferability>NeverForNutrition</preferability>
	  <soundEat>Ingest_Beer</soundEat>
	  <isPleasureDrug>true</isPleasureDrug>
	  <hediffGivers>
		<li>
		<chance>1</chance>
		<hediffDef>StrongAlcohol</hediffDef>
		</li>
	  </hediffGivers>
	</ingestible>
      <thingCategories>
         <li>AlcoholDrugsFood</li><!--changed from SweetMeals-->
      </thingCategories>

</ThingDef>

<ThingDef ParentName="MealBase">
	<defName>Wine</defName>
	<label>bottle of wine</label>
	<description>A sweet alcohol from grapes.</description>
	<graphicData>
      <texPath>Things/Item/Wine</texPath>
      <graphicClass>Graphic_Single</graphicClass>
    </graphicData>
	<equippedAngleOffset>-150</equippedAngleOffset>
	<rotatable>false</rotatable>
	<stackLimit>75</stackLimit>
	<statBases>
	  <DeteriorationRate>0</DeteriorationRate>
	  <MarketValue>10</MarketValue>
	  <MeleeWeapon_DamageAmount>7</MeleeWeapon_DamageAmount>
	  <MeleeWeapon_Cooldown>1.8</MeleeWeapon_Cooldown>
	</statBases>
	<ingestible>
	  <nutrition>0.06</nutrition>
	  <joy>0.15</joy>
           <joyKind>Chemical</joyKind>
	  <maxNumToIngestAtOnce>1</maxNumToIngestAtOnce>
	  <preferability>NeverForNutrition</preferability>
	  <soundEat>Ingest_Beer</soundEat>
	  <isPleasureDrug>true</isPleasureDrug>
	  <hediffGivers>
		<li>
		<chance>1</chance>
		<hediffDef>MidAlcohol</hediffDef>
		</li>
	  </hediffGivers>
	</ingestible>
         <equipmentType>Primary</equipmentType>
         <techLevel>Neolithic</techLevel>
         <comps>
           <li>
             <compClass>CompEquippable</compClass>
           </li>
          </comps>
         <verbs>
           <li>
             <verbClass>Verb_MeleeAttack</verbClass>
             <hasStandardCommand>true</hasStandardCommand>
             <meleeDamageDef>Blunt</meleeDamageDef>
           </li>
         </verbs>
      <thingCategories>
         <li>AlcoholDrugsFood</li><!--changed from SweetMeals-->
      </thingCategories>

</ThingDef>

<ThingDef ParentName="MealBase">
	<defName>Coffee</defName>
	<label>cup of coffee</label>
	<description>A cup of coffee</description>
    <graphicData>
	<texPath>Things/Item/Coffee</texPath>
	<graphicClass>Graphic_Single</graphicClass>
    </graphicData>
	<stackLimit>75</stackLimit>
	<statBases>
	  <MarketValue>8</MarketValue>
	</statBases>
	<ingestible>
           <preferability>NeverForNutrition</preferability>
           <nutrition>0.06</nutrition>
           <joy>0.2</joy>
           <joyKind>Social</joyKind>
           <maxNumToIngestAtOnce>1</maxNumToIngestAtOnce>
           <soundEat>Ingest_Beer</soundEat>
           <isPleasureDrug>true</isPleasureDrug>
	 <hediffGivers>
		<li>
		<chance>1</chance>
		<hediffDef>Coffee</hediffDef>
		</li>
	  </hediffGivers>
	</ingestible>
      <thingCategories>
         <li>AlcoholDrugsFood</li><!--changed from SweetMeals-->
      </thingCategories>
</ThingDef>

<ThingDef ParentName="MealRottable">
      <defName>Chocomilk</defName>
      <label>chocolate milk</label>
      <description>Chocolate added to milk.</description>
      <graphicData>
      <texPath>Things/Item/chocomilk</texPath>
      <graphicClass>Graphic_Single</graphicClass>
    </graphicData>
      <statBases>
         <DeteriorationRate>10</DeteriorationRate>
         <MarketValue>15</MarketValue>
      </statBases>
      <ingestible>
         <preferability>Simple</preferability>
         <nutrition>0.4</nutrition>
         <joy>0.3</joy>
         <eatEffect>EatVegetarian</eatEffect>
         <soundEat>Meal_Eat</soundEat>
      </ingestible>
      <thingCategories>
         <li>SweetsFood</li><!--changed from SweetMeals-->
      </thingCategories>
   </ThingDef>

<ThingDef ParentName="MealRottable">
      <defName>sweetbun</defName>
      <label>sweet bun</label>
      <description>A sweet roll covered in sugary icying. \n\nFood Effects: Consciousness and Moving.</description>
      <graphicData>
      <texPath>Things/Item/sweetbun</texPath>
      <graphicClass>Graphic_Single</graphicClass>
    </graphicData>
      <statBases>
         <DeteriorationRate>10</DeteriorationRate>
         <MarketValue>25</MarketValue>
         <WorkToMake>750</WorkToMake>
      </statBases>
      <ingestible>
         <preferability>Simple</preferability>
         <nutrition>0.4</nutrition>
         <joy>0.45</joy>
      <ingestedDirectThought>AteFineMeal</ingestedDirectThought>
         <eatEffect>EatVegetarian</eatEffect>
         <soundEat>Meal_Eat</soundEat>
	  <hediffGivers>
		<li>
		<chance>1</chance>
		<hediffDef>HedSweetbun</hediffDef>
		</li>
	  </hediffGivers>
      </ingestible>
      <thingCategories>
         <li>SweetsFood</li><!--changed from SweetMeals-->
      </thingCategories>
   </ThingDef>

<ThingDef ParentName="MealRottable">
      <defName>yogurt</defName>
      <label>yogurt</label>
      <description>A sweet treat made from milk. \n\nFood Effects: Sight and Blood Filtration.</description>
      <graphicData>
      <texPath>Things/Item/Meal/Yogurt</texPath>
      <graphicClass>Graphic_Single</graphicClass>
    </graphicData>
      <statBases>
         <DeteriorationRate>10</DeteriorationRate>
         <MarketValue>25</MarketValue>
         <WorkToMake>750</WorkToMake>
      </statBases>
      <ingestible>
         <preferability>Simple</preferability>
         <nutrition>0.4</nutrition>
         <joy>0.45</joy>
      <ingestedDirectThought>AteFineMeal</ingestedDirectThought>
         <eatEffect>EatVegetarian</eatEffect>
         <soundEat>Meal_Eat</soundEat>
	  <hediffGivers>
		<li>
		<chance>1</chance>
		<hediffDef>HedYogurt</hediffDef>
		</li>
	  </hediffGivers>
      </ingestible>
    <thingCategories>
      <li>SweetsFood</li><!--changed from SweetMeals-->
    </thingCategories>
   </ThingDef>

<ThingDef ParentName="MealRottable">
      <defName>icecream</defName>
      <label>ice cream</label>
      <description>A sweet frozen treat made from milk. \n\nFood Effects: Moving and Blood Pumping.</description>
      <graphicData>
      <texPath>Things/Item/Meal/Icecream</texPath>
      <graphicClass>Graphic_Single</graphicClass>
    </graphicData>
      <statBases>
         <DeteriorationRate>10</DeteriorationRate>
         <MarketValue>25</MarketValue>
         <WorkToMake>750</WorkToMake>
      </statBases>
      <ingestible>
         <preferability>Simple</preferability>
         <nutrition>0.6</nutrition>
         <joy>0.45</joy>
         <ingestedDirectThought>AteIceCream</ingestedDirectThought>
         <eatEffect>EatVegetarian</eatEffect>
         <soundEat>Meal_Eat</soundEat>
	  <hediffGivers>
		<li>
		<chance>1</chance>
		<hediffDef>HedIceCream</hediffDef>
		</li>
	  </hediffGivers>
      </ingestible>
    <thingCategories>
      <li>SweetsFood</li><!--changed from SweetMeals-->
    </thingCategories>
   </ThingDef>

<ThingDef ParentName="MealRottable">
      <defName>smoothie</defName>
      <label>smoothie</label>
      <description>A sweet drink made from fruit and milk. \n\nFood Effects: Sight and Moving.</description>
      <graphicData>
      <texPath>Things/Item/Meal/Smoothie</texPath>
      <graphicClass>Graphic_Single</graphicClass>
    </graphicData>
      <statBases>
         <DeteriorationRate>10</DeteriorationRate>
         <MarketValue>25</MarketValue>
         <WorkToMake>750</WorkToMake>
      </statBases>
      <ingestible>
         <preferability>Simple</preferability>
         <nutrition>0.4</nutrition>
         <joy>0.45</joy>
      <ingestedDirectThought>AteFineMeal</ingestedDirectThought>
         <eatEffect>EatVegetarian</eatEffect>
         <soundEat>Meal_Eat</soundEat>
	  <hediffGivers>
		<li>
		<chance>1</chance>
		<hediffDef>HedSmoothie</hediffDef>
		</li>
	  </hediffGivers>
      </ingestible>
    <thingCategories>
      <li>SweetsFood</li><!--changed from SweetMeals-->
    </thingCategories>
   </ThingDef>
 
</ThingDefs>