<?xml version="1.0" encoding="utf-8" ?>
<Resources>

  <ThingDef Name="ResourceBase" Abstract="True">
    <thingClass>ThingWithComps</thingClass>
    <label>unspecified resource</label>
    <category>Item</category>
    <resourceReadoutPriority>Middle</resourceReadoutPriority>
    <useHitPoints>true</useHitPoints>
    <selectable>true</selectable>
    <altitudeLayer>Item</altitudeLayer>
    <stackLimit>75</stackLimit>
    <comps>
      <li>
        <compClass>CompForbiddable</compClass>
      </li>
    </comps>
    <alwaysHaulable>true</alwaysHaulable>
    <drawGUIOverlay>true</drawGUIOverlay>
    <rotatable>false</rotatable>
    <pathCost>15</pathCost>
	
  </ThingDef>
  
  <ThingDef Abstract="True" ParentName="ResourceBase" Name="PlantProductBase">
    <graphicData>
      <graphicClass>Graphic_Single</graphicClass>
    </graphicData>
    <soundInteract>Food_Drop</soundInteract>
    <soundDrop>Food_Drop</soundDrop>
    <socialPropernessMatters>true</socialPropernessMatters>
    <statBases>
      <MaxHitPoints>100</MaxHitPoints>
      <Flammability>1.0</Flammability>
      <DeteriorationRate>5</DeteriorationRate>
    </statBases>
    <tickerType>Rare</tickerType>
  </ThingDef>
  
  <ThingDef Abstract="True" ParentName="PlantProductBase" Name="RawFoodBase">
    <ingestible>
      <preferability>Raw</preferability>
      <nutrition>0.05</nutrition>
      <eatEffect>EatVegetarian</eatEffect>
      <soundEat>RawVegetable_Eat</soundEat>
    </ingestible>
    <!--<thingCategories>
      <li>PlantFoodRaw</li>
    </thingCategories> removed in favor of specific categories below-->
  </ThingDef>

  
  <ThingDef Name="ResourceVerbBase" ParentName="ResourceBase" Abstract="True">
    <equipmentType>Primary</equipmentType>
    <techLevel>Neolithic</techLevel>
    <comps>
      <li>
        <compClass>CompEquippable</compClass>
      </li>
    </comps>
  </ThingDef>

	

	<!-- New crop items -->
	<!-- ++++++++++++++++++++++++++++++++++++++++++++++++++++++++++++++++++++++ -->
	
  


<ThingDef ParentName="RawFoodBase">
		<defName>Raweggplant</defName>
		<label>eggplant</label>
		<description>Purple variety of the eggplant. Bitten when eaten raw. </description>
		<graphicData>
      <texPath>Things/Veg/eggplant</texPath>
    </graphicData>

    <statBases>
      <MarketValue>1.3</MarketValue>
    </statBases>
    <ingestible>
      <ingestedDirectThought>AteRawFood</ingestedDirectThought>
    </ingestible>

    <comps>
      <li Class="CompProperties_Rottable">
        <daysToRotStart>8</daysToRotStart>
      </li>
    </comps>
    <thingCategories>
      <li>VegetableFoodRaw</li>
    </thingCategories>
  </ThingDef>
<ThingDef ParentName="RawFoodBase">
		<defName>Rawpumpkin</defName>
		<label>pumpkin</label>
		<description>Large orange version of the squash plant. Often carved to ward off ghosts.</description>
		<graphicData>
      <texPath>Things/Veg/pumpkin</texPath>
    </graphicData>
    <statBases>
      <MarketValue>4</MarketValue>
    </statBases>
    <ingestible>
      <ingestedDirectThought>AteRawFood</ingestedDirectThought>
    </ingestible>
    <comps>
      <li Class="CompProperties_Rottable">
        <daysToRotStart>12</daysToRotStart>
      </li>
    </comps>
    <thingCategories>
      <li>VegetableFoodRaw</li>
    </thingCategories>
  </ThingDef>
<ThingDef ParentName="RawFoodBase">
		<defName>Rawsquash</defName>
		<label>squash</label>
		<description>Yellow variety of the squash family.  </description>
		<graphicData>
      <texPath>Things/Veg/squash</texPath>
    </graphicData>
    <statBases>
      <MarketValue>2</MarketValue>
    </statBases>
    <ingestible>
      <ingestedDirectThought>AteRawFood</ingestedDirectThought>
    </ingestible>
    <comps>
      <li Class="CompProperties_Rottable">
        <daysToRotStart>8</daysToRotStart>
      </li>
    </comps>
    <thingCategories>
      <li>VegetableFoodRaw</li>
    </thingCategories>
  </ThingDef>
<ThingDef ParentName="RawFoodBase">
		<defName>Rawbean</defName>
		<label>bean</label>
		<description>Common bean cooked up in many ways.</description>
		<graphicData>
      <texPath>Things/Veg/bean</texPath>
    </graphicData>
    <statBases>
      <MarketValue>1.5</MarketValue>
    </statBases>
    <ingestible>
      <ingestedDirectThought>AteRawFood</ingestedDirectThought>
    </ingestible>
    <comps>
      <li Class="CompProperties_Rottable">
        <daysToRotStart>4</daysToRotStart>
      </li>
    </comps>
    <thingCategories>
      <li>VegetableFoodRaw</li>
    </thingCategories>
  </ThingDef>


<ThingDef ParentName="RawFoodBase">
    <defName>RawTomatoes</defName>
		<label>tomatoes</label>
		<description>A sharp-tasting fruit that has many uses.</description>
		<graphicData>
      <texPath>Things/Veg/Tomato</texPath>
    </graphicData>
    <statBases>
      <MarketValue>1.9</MarketValue>
    </statBases>
    <ingestible>
      <joy>0.004</joy>

    </ingestible>
    <comps>
      <li Class="CompProperties_Rottable">
        <daysToRotStart>21</daysToRotStart>
      </li>
    </comps>
    <thingCategories>
      <li>VegetableFoodRaw</li>
    </thingCategories>
  </ThingDef>
  
  <ThingDef ParentName="RawFoodBase">
		<defName>RawCarrots</defName>
		<label>carrots</label>
		<description>Crunchy vegetable with a refreshing taste. May help you see in the dark.</description>
		<graphicData>
      <texPath>Things/Veg/Carrot</texPath>
    </graphicData>
    <statBases>
      <MarketValue>2.1</MarketValue>
    </statBases>
    <ingestible>
      <joy>0.004</joy>

    </ingestible>
    <comps>
      <li Class="CompProperties_Rottable">
        <daysToRotStart>30</daysToRotStart>
      </li>
    </comps>
    <thingCategories>
      <li>VegetableFoodRaw</li>
    </thingCategories>
  </ThingDef>
  
  

  <ThingDef ParentName="PlantProductBase">
    <defName>Rawmushroom</defName>
    <label>mushroom</label>
    <description>Raw protein-rich mushrooms. Nice to eat, even when raw.</description>
    <graphicData>
      <texPath>Things/Veg/mushroom</texPath>
    </graphicData>
    <thingCategories>
      <li>VegetableFoodRaw</li><!--changed from MeatRaw-->
    </thingCategories>
    <statBases>
      <MarketValue>5</MarketValue>
    </statBases>
    <comps>
      <li Class="CompProperties_Rottable">
        <daysToRotStart>14</daysToRotStart>
      </li>
    </comps>
<ingestible>
      <preferability>Raw</preferability>
      <nutrition>0.05</nutrition>
      <eatEffect>EatVegetarian</eatEffect>
      <soundEat>RawVegetable_Eat</soundEat>
      <isMeat>true</isMeat>
    </ingestible>
  </ThingDef>

<ThingDef ParentName="PlantProductBase">
    <defName>Rawtea</defName>
    <label>tea leaves</label>
    <description>Tea leaves for brewing.</description>
    <graphicData>
      <texPath>Things/Veg/tea</texPath>
    </graphicData>
	<thingCategories>
         <li>CookingSupplies</li>
      </thingCategories>

    <statBases>
      <MarketValue>2.0</MarketValue>
    </statBases>
    
    <comps>
      <li Class="CompProperties_Rottable">
        <daysToRotStart>25</daysToRotStart>
        <rotDestroys>true</rotDestroys>
      </li>
    </comps>
  </ThingDef>

<ThingDef ParentName="RawFoodBase">
		<defName>Rawoats</defName>
		<label>oats</label>
		<description>Cereal grain used for livestock feed or cooked for food.</description>
		<graphicData>
      <texPath>Things/Veg/oats</texPath>
    </graphicData>
    <statBases>
      <MarketValue>1.5</MarketValue>
    </statBases>
    <ingestible>
      <ingestedDirectThought>AteRawFood</ingestedDirectThought>
    </ingestible>
    <comps>
      <li Class="CompProperties_Rottable">
        <daysToRotStart>60</daysToRotStart>
      </li>
    </comps>
    <thingCategories>
         <li>GrainsAndResourcePlants</li>
      </thingCategories>
  </ThingDef>

  <ThingDef ParentName="ResourceVerbBase">
    <defName>Bamboo</defName>
    <label>bamboo</label>
    <description>fast growing grass used for construction.</description>
    <graphicData>
      <texPath>Things/Veg/bamboo</texPath>
      <graphicClass>Graphic_Single</graphicClass>
    </graphicData>

    <stackLimit>75</stackLimit>

    <equippedAngleOffset>-20</equippedAngleOffset>
    <soundInteract>Wood_Drop</soundInteract>
    <soundDrop>Wood_Drop</soundDrop>
    <statBases>
      <MarketValue>1.4</MarketValue>
      <MaxHitPoints>150</MaxHitPoints>
      <Flammability>1.0</Flammability>
      <DeteriorationRate>1</DeteriorationRate>
      <MeleeWeapon_DamageAmount>8</MeleeWeapon_DamageAmount>
      <MeleeWeapon_Cooldown>2.2</MeleeWeapon_Cooldown>
      <SharpDamageMultiplier>0.3</SharpDamageMultiplier>
      <BluntDamageMultiplier>0.8</BluntDamageMultiplier>
    </statBases>
    <stuffProps>
      <stuffAdjective>bamboo</stuffAdjective>
      <categories>
        <li>Woody</li>
      </categories>
      <color>(204,170,128)</color>
      <constructEffect>ConstructWood</constructEffect>
      <appearance>Planks</appearance>
      <soundImpactStuff>BulletImpactWood</soundImpactStuff>
      <soundMeleeHitSharp>MeleeHit_Wood</soundMeleeHitSharp>
      <soundMeleeHitBlunt>MeleeHit_Wood</soundMeleeHitBlunt>
      <statOffsets>
        <Beauty>2</Beauty>
      </statOffsets>
      <statFactors>
        <MaxHitPoints>0.5</MaxHitPoints>
        <Beauty>1.25</Beauty>
        <Flammability>1</Flammability>
        <WorkToMake>0.7</WorkToMake>
        <DoorOpenSpeed>1.2</DoorOpenSpeed>
        <MeleeWeapon_Cooldown>0.9</MeleeWeapon_Cooldown>
      </statFactors>
	</stuffProps>
    <isBodyPartOrImplant>true</isBodyPartOrImplant>
    <thingCategories>
      <li>PlantResources</li><!--changed from ResourcesRaw-->
    </thingCategories>
    <techHediffsTags>
      <li>Poor</li>
    </techHediffsTags>
    <verbs>
      <li>
        <verbClass>Verb_MeleeAttack</verbClass>
        <hasStandardCommand>true</hasStandardCommand>
        <meleeDamageDef>Blunt</meleeDamageDef>
      </li>
    </verbs>
  </ThingDef>
  
  <ThingDef ParentName="PlantProductBase">
    <defName>RawCoffee</defName>
    <label>coffee</label>
    <description>Raw Coffee. Best prepared as a beverage</description>
    <graphicData>
    <texPath>Things/Veg/RawCoffee</texPath>
    </graphicData>
    <statBases>
      <MarketValue>4</MarketValue>
    </statBases>
    <thingCategories>
      <li>CookingSupplies</li>
    </thingCategories>
    <comps>
      <li Class="CompProperties_Rottable">
        <daysToRotStart>25</daysToRotStart>
        <rotDestroys>true</rotDestroys>
      </li>
    </comps>
  </ThingDef>


</Resources>