﻿<?xml version="1.0" encoding="utf-8" ?>
<ThingDefs>

  <ThingDef Name="ApparelBase" Abstract="True">
    <thingClass>Apparel</thingClass>
    <category>Item</category>
    <selectable>True</selectable>
    <pathCost>10</pathCost>
    <useHitPoints>True</useHitPoints>
    <graphicData>
      <onGroundRandomRotateAngle>35</onGroundRandomRotateAngle>
    </graphicData>
    <drawGUIOverlay>true</drawGUIOverlay>
    <statBases>
      <MaxHitPoints>100</MaxHitPoints>
      <Flammability>1.0</Flammability>
      <DeteriorationRate>1</DeteriorationRate>
      <SellPriceFactor>0.5</SellPriceFactor>
    </statBases>
    <altitudeLayer>Item</altitudeLayer>
    <alwaysHaulable>True</alwaysHaulable>
    <tickerType>Never</tickerType>
    <!--<thingCategories>
      <li>Apparel</li>
    </thingCategories>  removed-->
    <comps>
      <li>
        <compClass>CompForbiddable</compClass>
      </li>
      <li>
        <compClass>CompColorable</compClass>
      </li>
      <li>
        <compClass>CompQuality</compClass>
      </li>
    </comps>
  </ThingDef>

  <ThingDef Name="ApparelMakeableBase" ParentName="ApparelBase" Abstract="True">
    <recipeMaker>
      <workSpeedStat>TailoringSpeed</workSpeedStat>
      <workSkill>Crafting</workSkill>
      <effectWorking>Tailor</effectWorking>
      <soundWorking>Recipe_Tailor</soundWorking>
        <recipeUsers>
        <li>TableTailor</li>
      </recipeUsers>
      <unfinishedThingDef>UnfinishedApparel</unfinishedThingDef>
    </recipeMaker>
  </ThingDef>
  
  
  
  
  

  <ThingDef ParentName="ApparelMakeableBase">
    <defName>Apparel_Pants</defName>
    <label>pants</label>
    <description>A simple set of pants.</description>
    <graphicData>
      <texPath>Things/Pawn/Humanlike/Apparel/Various/Pants_OnMap</texPath>
      <graphicClass>Graphic_Single</graphicClass>
    </graphicData>
    <costStuffCount>50</costStuffCount>
    <stuffCategories>
      <li>Fabric</li>
      <li>Leathery</li>
    </stuffCategories>
    <statBases>
      <WorkToMake>7000</WorkToMake>
      <ArmorRating_Blunt>0.03</ArmorRating_Blunt>
      <ArmorRating_Sharp>0.03</ArmorRating_Sharp>
      <Insulation_Cold>-3</Insulation_Cold>
    </statBases>
    <apparel>
      <bodyPartGroups>
        <li>Legs</li>
      </bodyPartGroups>
      <layers>
        <li>OnSkin</li>
      </layers>
      <commonality>1</commonality>
      <tags>
        <li>Outlander</li>
        <li>Spacer</li>
      </tags>
      <defaultOutfitTags>
        <li>Worker</li>
        <li>Soldier</li>
      </defaultOutfitTags>
    </apparel>
    <colorGenerator Class="ColorGenerator_StandardApparel" />
    <thingCategories>
      <li>ApparelBottoms</li><!--Changed from Apparel-->
    </thingCategories>
  </ThingDef>




  <ThingDef ParentName="ApparelMakeableBase">
    <defName>Apparel_BasicShirt</defName>
    <label>t-shirt</label>
    <description>A simple T-shirt.</description>
    <graphicData>
      <texPath>Things/Pawn/Humanlike/Apparel/ShirtBasic/ShirtBasic</texPath>
      <graphicClass>Graphic_Single</graphicClass>
    </graphicData>
    <costStuffCount>50</costStuffCount>
    <stuffCategories>
      <li>Fabric</li>
      <li>Leathery</li>
    </stuffCategories>
    <statBases>
      <WorkToMake>4800</WorkToMake>
      <ArmorRating_Blunt>0.03</ArmorRating_Blunt>
      <ArmorRating_Sharp>0.03</ArmorRating_Sharp>
      <Insulation_Cold>-3</Insulation_Cold>
    </statBases>
    <apparel>
      <bodyPartGroups>
        <li>Torso</li>
        <li>Shoulders</li>
      </bodyPartGroups>
      <worngraphicPath>Things/Pawn/Humanlike/Apparel/ShirtBasic/ShirtBasic</worngraphicPath>
      <layers>
        <li>OnSkin</li>
      </layers>
      <commonality>1</commonality>
      <tags>
        <li>Outlander</li>
        <li>Spacer</li>
      </tags>
      <defaultOutfitTags>
        <li>Worker</li>
        <li>Soldier</li>
      </defaultOutfitTags>
    </apparel>
    <colorGenerator Class="ColorGenerator_StandardApparel" />
    <thingCategories>
      <li>ApparelTops</li><!--Changed from Apparel-->
    </thingCategories>
  </ThingDef>


  <ThingDef ParentName="ApparelMakeableBase">
    <defName>Apparel_CollarShirt</defName>
    <description>A nice-looking collared shirt with buttons.</description>
    <label>button-down shirt</label>
    <graphicData>
      <texPath>Things/Pawn/Humanlike/Apparel/ShirtButton/ShirtButton</texPath>
      <graphicClass>Graphic_Single</graphicClass>
    </graphicData>
    <costStuffCount>55</costStuffCount>
    <stuffCategories>
      <li>Fabric</li>
      <li>Leathery</li>
    </stuffCategories>
    <statBases>
      <WorkToMake>8000</WorkToMake>
      <ArmorRating_Blunt>0.03</ArmorRating_Blunt>
      <ArmorRating_Sharp>0.03</ArmorRating_Sharp>
      <Insulation_Cold>-4</Insulation_Cold>
    </statBases>
    <apparel>
      <bodyPartGroups>
        <li>Torso</li>
        <li>Shoulders</li>
        <li>Arms</li>
      </bodyPartGroups>
      <worngraphicPath>Things/Pawn/Humanlike/Apparel/ShirtButton/ShirtButton</worngraphicPath>
      <layers>
        <li>OnSkin</li>
      </layers>
      <commonality>0.8</commonality>
      <tags>
        <li>Outlander</li>
      </tags>
      <defaultOutfitTags>
        <li>Worker</li>
        <li>Soldier</li>
      </defaultOutfitTags>
    </apparel>
    <colorGenerator Class="ColorGenerator_StandardApparel" />
    <thingCategories>
      <li>ApparelTops</li><!--Changed from Apparel-->
    </thingCategories>
</ThingDef>



  <ThingDef ParentName="ApparelMakeableBase">
    <defName>Apparel_Duster</defName>
    <description>A long duster coat for blocking the sun and grit of the desert.</description>
    <label>duster</label>
    <graphicData>
      <texPath>Things/Pawn/Humanlike/Apparel/Duster/Duster</texPath>
      <graphicClass>Graphic_Single</graphicClass>
    </graphicData>
    <costStuffCount>80</costStuffCount>
    <stuffCategories>
      <li>Fabric</li>
      <li>Leathery</li>
    </stuffCategories>
    <statBases>
      <MaxHitPoints>250</MaxHitPoints>
      <WorkToMake>24000</WorkToMake>
      <ArmorRating_Blunt>0.03</ArmorRating_Blunt>
      <ArmorRating_Sharp>0.07</ArmorRating_Sharp>
      <ArmorRating_Heat>0.07</ArmorRating_Heat>
      <Insulation_Cold>-15</Insulation_Cold>
      <Insulation_Heat>15</Insulation_Heat>
    </statBases>
    <equippedStatOffsets>
      <MoveSpeed>-0.04</MoveSpeed>
    </equippedStatOffsets>
    <apparel>
      <bodyPartGroups>
        <li>Torso</li>
        <li>Shoulders</li>
        <li>Arms</li>
      </bodyPartGroups>
      <worngraphicPath>Things/Pawn/Humanlike/Apparel/Duster/Duster</worngraphicPath>
      <layers>
        <li>Shell</li>
      </layers>
      <commonality>1</commonality>
      <tags>
        <li>Outlander</li>
      </tags>
      <defaultOutfitTags>
        <li>Worker</li>
      </defaultOutfitTags>
    </apparel>
    <colorGenerator Class="ColorGenerator_Options">
      <options>
        <li>
          <weight>10</weight>
          <only>RGBA(0.33,0.33,0.33,1)</only>
        </li>
        <li>
          <weight>10</weight>
          <only>RGBA(0.65,0.65,0.65,1)</only>
        </li>
        <li>
          <weight>30</weight>
          <only>RGBA(0.4,0.3,0.15,1)</only>
        </li>
        <li>
          <weight>6</weight>
          <min>RGBA(0.3,0.3,0.3,1)</min>
          <max>RGBA(0.5,0.5,0.5,1)</max>
        </li>
        <li>
          <weight>2</weight>
          <min>RGBA(0.5,0.5,0.5,1)</min>
          <max>RGBA(1,1,1,1)</max>
        </li>
      </options>
    </colorGenerator>
    <thingCategories>
      <li>ApparelTops</li><!--Changed from Apparel-->
    </thingCategories>
  </ThingDef>



  <ThingDef ParentName="ApparelMakeableBase">
    <defName>Apparel_Jacket</defName>
    <label>jacket</label>
    <description>A tough jacket to stop scrapes and bruises, and keep one warm in chilly weather.</description>
    <graphicData>
      <texPath>Things/Pawn/Humanlike/Apparel/Jacket/Jacket</texPath>
      <graphicClass>Graphic_Single</graphicClass>
    </graphicData>
    <costStuffCount>70</costStuffCount>
    <stuffCategories>
      <li>Fabric</li>
      <li>Leathery</li>
    </stuffCategories>
    <statBases>
      <MaxHitPoints>170</MaxHitPoints>
      <WorkToMake>17000</WorkToMake>
      <ArmorRating_Sharp>0.08</ArmorRating_Sharp>
      <ArmorRating_Heat>0.03</ArmorRating_Heat>
      <Insulation_Cold>-15</Insulation_Cold>
    </statBases>
    <equippedStatOffsets>
      <MoveSpeed>-0.03</MoveSpeed>
    </equippedStatOffsets>
    <apparel>
      <bodyPartGroups>
        <li>Torso</li>
        <li>Shoulders</li>
        <li>Arms</li>
      </bodyPartGroups>
      <worngraphicPath>Things/Pawn/Humanlike/Apparel/Jacket/Jacket</worngraphicPath>
      <layers>
        <li>Shell</li>
      </layers>
      <commonality>1</commonality>
      <tags>
        <li>Outlander</li>
        <li>Spacer</li>
      </tags>
      <defaultOutfitTags>
        <li>Worker</li>
      </defaultOutfitTags>
    </apparel>
    <colorGenerator Class="ColorGenerator_Options">
      <options>
        <li>
          <weight>10</weight>
          <only>RGBA(0.33,0.33,0.33,1)</only>
        </li>
        <li>
          <weight>10</weight>
          <only>RGBA(0.65,0.65,0.65,1)</only>
        </li>
        <li>
          <weight>10</weight>
          <only>RGBA(0.4,0.3,0.15,1)</only>
        </li>
        <li>
          <weight>15</weight>
          <min>RGBA(0.3,0.3,0.3,1)</min>
          <max>RGBA(0.5,0.5,0.5,1)</max>
        </li>
        <li>
          <weight>6</weight>
          <min>RGBA(0.5,0.5,0.5,1)</min>
          <max>RGBA(1,1,1,1)</max>
        </li>
      </options>
    </colorGenerator>
    <thingCategories>
      <li>ApparelTops</li><!--Changed from Apparel-->
    </thingCategories>
  </ThingDef>



  <ThingDef ParentName="ApparelMakeableBase">
    <defName>Apparel_Parka</defName>
    <label>parka</label>
    <description>A thick parka for staying warm in even the coldest of temperatures.</description>
    <graphicData>
      <texPath>Things/Pawn/Humanlike/Apparel/Parka/Parka</texPath>
      <graphicClass>Graphic_Single</graphicClass>
    </graphicData>
    <costStuffCount>120</costStuffCount>
    <stuffCategories>
      <li>Fabric</li>
      <li>Leathery</li>
    </stuffCategories>
    <statBases>
      <MaxHitPoints>200</MaxHitPoints>
      <WorkToMake>22000</WorkToMake>
      <ArmorRating_Sharp>0.03</ArmorRating_Sharp>
      <ArmorRating_Heat>0.03</ArmorRating_Heat>
      <Insulation_Cold>-40</Insulation_Cold>
      <Insulation_Heat>-3</Insulation_Heat>
    </statBases>
    <equippedStatOffsets>
      <MoveSpeed>-0.05</MoveSpeed>
      <WorkSpeedGlobal>-0.20</WorkSpeedGlobal>
    </equippedStatOffsets>
    <apparel>
      <bodyPartGroups>
        <li>Torso</li>
        <li>Shoulders</li>
        <li>Arms</li>
      </bodyPartGroups>
      <worngraphicPath>Things/Pawn/Humanlike/Apparel/Parka/Parka</worngraphicPath>
      <layers>
        <li>Shell</li>
      </layers>
      <commonality>1</commonality>
      <tags>
        <li>Outlander</li>
        <li>Tribal</li>
      </tags>
      <defaultOutfitTags>
        <li>Worker</li>
        <li>Soldier</li>
      </defaultOutfitTags>
    </apparel>
    <colorGenerator Class="ColorGenerator_Options">
      <options>
        <li>
          <weight>10</weight>
          <only>RGBA(0.33,0.33,0.33,1)</only>
        </li>
        <li>
          <weight>10</weight>
          <only>RGBA(0.65,0.65,0.65,1)</only>
        </li>
        <li>
          <weight>10</weight>
          <only>RGBA(0.4,0.3,0.15,1)</only>
        </li>
        <li>
          <weight>15</weight>
          <min>RGBA(0.3,0.3,0.3,1)</min>
          <max>RGBA(0.5,0.5,0.5,1)</max>
        </li>
        <li>
          <weight>6</weight>
          <min>RGBA(0.5,0.5,0.5,1)</min>
          <max>RGBA(1,1,1,1)</max>
        </li>
      </options>
    </colorGenerator>
    <thingCategories>
      <li>ApparelTops</li><!--Changed from Apparel-->
    </thingCategories>
  </ThingDef>
  
  
  
  <ThingDef ParentName="ApparelMakeableBase">
    <defName>Apparel_TribalA</defName>
    <label>tribalwear</label>
    <description>A garment crafted without machines using neolithic tools.</description>
    <graphicData>
      <texPath>Things/Pawn/Humanlike/Apparel/TribalA/TribalA</texPath>
      <graphicClass>Graphic_Single</graphicClass>
    </graphicData>
    <costStuffCount>35</costStuffCount>
    <stuffCategories>
      <li>Fabric</li>
      <li>Leathery</li>
    </stuffCategories>
    <tradeability>Sellable</tradeability>
    <statBases>
      <WorkToMake>2000</WorkToMake>
      <Insulation_Cold>-10</Insulation_Cold>
    </statBases>
    <apparel>
      <bodyPartGroups>
        <li>Torso</li>
        <li>Legs</li>
      </bodyPartGroups>
      <worngraphicPath>Things/Pawn/Humanlike/Apparel/TribalA/TribalA</worngraphicPath>
      <layers>
        <li>OnSkin</li>
        <li>Middle</li>
      </layers>
      <commonality>1</commonality>
      <tags>
        <li>Tribal</li>
      </tags>
    </apparel>
    <colorGenerator Class="ColorGenerator_Options">
      <options>
        <li>
          <weight>10</weight>
          <only>RGBA(0.4,0.3,0.15,1)</only>
        </li>
        <li>
          <weight>15</weight>
          <only>RGBA(0.6,0.45,0.18,1)</only>
        </li>
        <li>
          <weight>20</weight>
          <only>RGBA(0.8,0.6,0.23,1)</only>
        </li>
      </options>
    </colorGenerator>
    <thingCategories>
      <li>ApparelSuits</li><!--Changed from Apparel-->
    </thingCategories>
  </ThingDef>
  
  

  <!-- ============= Stuff-less apparel =================-->
  
  <ThingDef ParentName="ApparelBase">
    <defName>Apparel_VestPlate</defName>
    <label>armor vest</label>
    <description>A vest with armor plates inserted on the chest and back. Protects against gunfire.</description>
    <graphicData>
      <texPath>Things/Pawn/Humanlike/Apparel/VestPlate/VestPlate</texPath>
      <graphicClass>Graphic_Single</graphicClass>
    </graphicData>
    <statBases>
      <MaxHitPoints>200</MaxHitPoints>
      <MarketValue>600</MarketValue>
      <ArmorRating_Blunt>0.20</ArmorRating_Blunt>
      <ArmorRating_Sharp>0.60</ArmorRating_Sharp>
    </statBases>
    <equippedStatOffsets>
      <MoveSpeed>-0.08</MoveSpeed>
    </equippedStatOffsets>
    <apparel>
      <bodyPartGroups>
        <li>Torso</li>
      </bodyPartGroups>
      <worngraphicPath>Things/Pawn/Humanlike/Apparel/VestPlate/VestPlate</worngraphicPath>
      <layers>
        <li>Middle</li>
      </layers>
      <commonality>1</commonality>
      <tags>
        <li>Outlander</li>
        <li>Military</li>
      </tags>
      <defaultOutfitTags>
        <li>Soldier</li>
      </defaultOutfitTags> </apparel>
    <colorGenerator Class="ColorGenerator_Options">
      <options>
        <li>
          <weight>10</weight>
          <only>RGBA(0.33,0.33,0.33,1)</only>
        </li>
        <li>
          <weight>10</weight>
          <only>RGBA(0.65,0.65,0.65,1)</only>
        </li>
        <li>
          <weight>6</weight>
          <min>RGBA(0.3,0.3,0.3,1)</min>
          <max>RGBA(0.5,0.5,0.5,1)</max>
        </li>
      </options>
    </colorGenerator>
    <thingCategories>
      <li>ApparelTops</li><!--Changed from Apparel-->
    </thingCategories>
  </ThingDef>


  <ThingDef ParentName="ApparelBase">
    <defName>Apparel_PowerArmor</defName>
    <label>power armor</label>
    <description>Powered armor usually used by assault troops from advanced glitterworld planets.</description>
    <graphicData>
      <texPath>Things/Pawn/Humanlike/Apparel/PowerArmor/PowerArmor</texPath>
      <graphicClass>Graphic_Single</graphicClass>
    </graphicData>
    <statBases>
      <MaxHitPoints>400</MaxHitPoints>
      <MarketValue>4500</MarketValue>
      <ArmorRating_Blunt>0.35</ArmorRating_Blunt>
      <ArmorRating_Sharp>0.65</ArmorRating_Sharp>
      <ArmorRating_Heat>0.30</ArmorRating_Heat>
      <Insulation_Cold>-45</Insulation_Cold>
    </statBases>
    <equippedStatOffsets>
      <MoveSpeed>-0.10</MoveSpeed>
      <WorkSpeedGlobal>-0.10</WorkSpeedGlobal>
    </equippedStatOffsets>
    <apparel>
      <bodyPartGroups>
        <li>Torso</li>
        <li>Shoulders</li>
        <li>Arms</li>
        <li>Legs</li>
      </bodyPartGroups>
      <worngraphicPath>Things/Pawn/Humanlike/Apparel/PowerArmor/PowerArmor</worngraphicPath>
      <layers>
        <li>Middle</li>
        <li>Shell</li>
      </layers>
      <commonality>2</commonality>
      <tags>
        <li>Outlander</li>
        <li>Spacer</li>
        <li>Military</li>
      </tags>
      <defaultOutfitTags>
        <li>Soldier</li>
      </defaultOutfitTags>
    </apparel>
    <colorGenerator Class="ColorGenerator_Options">
      <options>
        <li>
          <weight>10</weight>
          <only>RGBA(0.33,0.33,0.33,1)</only>
        </li>
        <li>
          <weight>10</weight>
          <only>RGBA(0.65,0.65,0.65,1)</only>
        </li>
        <li>
          <weight>6</weight>
          <min>RGBA(0.3,0.3,0.3,1)</min>
          <max>RGBA(0.5,0.5,0.5,1)</max>
        </li>
        <li>
          <weight>10</weight>
          <only>RGBA(0.9,0.9,0.9,1)</only>
        </li>
      </options>
    </colorGenerator>
    <thingCategories>
      <li>ApparelSuits</li><!--Changed from Apparel-->
    </thingCategories>
  </ThingDef>




</ThingDefs>
