﻿<?xml version="1.0" encoding="utf-8" ?>
<Buildings>


  <ThingDef Name="BuildingBase" Abstract="True">
    <category>Building</category>
    <thingClass>Building</thingClass>
    <soundImpactDefault>BulletImpactMetal</soundImpactDefault>
    <selectable>true</selectable>
    <drawerType>MapMeshAndRealTime</drawerType>
    <terrainAffordanceNeeded>Light</terrainAffordanceNeeded>
    <repairEffect>Repair</repairEffect>
    <leaveResourcesWhenKilled>true</leaveResourcesWhenKilled>
    <filthLeaving>BuildingRubble</filthLeaving>
  </ThingDef>

  <ThingDef Name="FurnitureBase" ParentName="BuildingBase" Abstract="True">
    <comps>
      <li>
        <compClass>CompQuality</compClass>
      </li>
    </comps>
    <DesignationCategory>Furniture</DesignationCategory>
    <minifiedDef>MinifiedFurniture</minifiedDef>
  </ThingDef>




  <!-- Facilities -->

 

  <ThingDef ParentName="BuildingBase">
    <defName>VitalsMonitor</defName>
    <label>vitals monitor</label>
    <graphicData>
      <texPath>Things/Building/Misc/VitalsMonitor</texPath>
      <graphicClass>Graphic_Multi</graphicClass>
      <shadowData>
        <offset>(0,0,-0.3)</offset>
        <volume>(0.3, 0.3, 0.4)</volume>
      </shadowData>
    </graphicData>
    <altitudeLayer>Waist</altitudeLayer>
    <passability>Impassable</passability>
    <fillPercent>1.0</fillPercent>
    <statBases>
      <MaxHitPoints>100</MaxHitPoints>
      <WorkToMake>4000</WorkToMake>
      <Flammability>1.0</Flammability>
    </statBases>
    <description>Increases patients treatment quality. Needs to be placed adjacent to a medical bed. One medical bed can be linked to only one vitals monitor.</description>
    <size>(1,1)</size>
    <costList>
      <Steel>180</Steel>
    </costList>
    <designationCategory>MedicalProduction</designationCategory> <!--changed from Misc-->
    <minifiedDef>MinifiedFurniture</minifiedDef>
    <comps>
      <li>
        <compClass>CompPowerTrader</compClass>
        <startElectricalFires>true</startElectricalFires>
        <basePowerConsumption>150</basePowerConsumption>
      </li>
      <li>
        <compClass>CompFacility</compClass>
        <statOffsets>
          <MedicalTreatmentQualityFactor>0.041</MedicalTreatmentQualityFactor>
          <ImmunityGainSpeedFactor>0.021</ImmunityGainSpeedFactor>
        </statOffsets>
        <maxSimultaneous>1</maxSimultaneous>
        <mustBePlacedAdjacent>true</mustBePlacedAdjacent>
        <canLinkToMedBedsOnly>true</canLinkToMedBedsOnly>
      </li>
    </comps>
    <designationHotkey>V</designationHotkey>
		<placeWorkers>
			<li>PlaceWorker_ShowFacilitiesConnections</li>
		</placeWorkers>
    <researchPrerequisite>PowerI</researchPrerequisite>
  </ThingDef><!--added research prerequisite-->


  <ThingDef ParentName="BuildingBase">
    <defName>ToolCabinet</defName>
    <label>tool cabinet</label>
    <graphicData>
      <texPath>Things/Building/Misc/ToolCabinet</texPath>
      <graphicClass>Graphic_Multi</graphicClass>
      <drawSize>(2,1)</drawSize>
      <color>(96,114,95)</color>
    </graphicData>
    <altitudeLayer>Waist</altitudeLayer>
    <passability>Impassable</passability>
    <castEdgeShadows>true</castEdgeShadows>
    <fillPercent>1.0</fillPercent>
    <statBases>
      <MaxHitPoints>100</MaxHitPoints>
      <WorkToMake>1800</WorkToMake>
      <Flammability>1.0</Flammability>
    </statBases>
    <description>Increases work speed. Needs to be placed near workbench. One workbench can be simultaneously linked to only two tools cabinets.</description>
    <size>(2,1)</size>
    <costList>
      <Steel>200</Steel>
    </costList>
    <designationCategory>Production</designationCategory> <!--changed from Misc-->
    <minifiedDef>MinifiedFurniture</minifiedDef>
    <comps>
      <li>
        <compClass>CompFacility</compClass>
        <statOffsets>
          <WorkTableWorkSpeedFactor>0.061</WorkTableWorkSpeedFactor>
        </statOffsets>
        <maxSimultaneous>2</maxSimultaneous>
      </li>
    </comps>
    <designationHotkey>T</designationHotkey>
		<placeWorkers>
			<li>PlaceWorker_ShowFacilitiesConnections</li>
		</placeWorkers>
	<researchPrerequisite>CraftingI</researchPrerequisite>
  </ThingDef><!--added prerequisite-->
  
  <ThingDef ParentName="BuildingBase">
    <defName>CryptosleepCasket</defName>
    <label>cryptosleep casket</label>
    <thingClass>Building_CryptosleepCasket</thingClass>
    <graphicData>
      <texPath>Things/Building/Ship/ShipCryptosleepCasket</texPath>
      <graphicClass>Graphic_Multi</graphicClass>
      <drawSize>(2, 3)</drawSize>
    </graphicData>
    <researchPrerequisite>Cryptosleep</researchPrerequisite>
    <altitudeLayer>BuildingTall</altitudeLayer>
    <passability>PassThroughOnly</passability>
    <pathCost>70</pathCost>
    <castEdgeShadows>true</castEdgeShadows>
    <fillPercent>0.5</fillPercent>
    <statBases>
      <WorkToMake>3200</WorkToMake>
      <MaxHitPoints>250</MaxHitPoints>
      <Flammability>1.0</Flammability>
    </statBases>
    <tickerType>Normal</tickerType>
    <description>A self-powered sarcophagus designed to keep a person in a state of suspended animation for many years.</description>
    <size>(1,2)</size>
    <designationCategory>MedicalProduction</designationCategory> <!--changed from Misc-->
    <hasInteractionCell>true</hasInteractionCell>
    <interactionCellOffset>(1,0,0)</interactionCellOffset>
    <costList>
      <Steel>180</Steel>
      <Uranium>5</Uranium>
    </costList>
    <comps>
      <li>
        <compClass>CompExplosive</compClass>
        <explosiveRadius>2.66</explosiveRadius>
        <explosiveDamageType>Flame</explosiveDamageType>
      </li>
    </comps>
    <terrainAffordanceNeeded>Heavy</terrainAffordanceNeeded>
    <staticSunShadowHeight>1.0</staticSunShadowHeight>
  </ThingDef>
  
</Buildings>
