﻿<?xml version="1.0" encoding="utf-8" ?>
<Buildings>


	<ThingDef Name="BuildingBase" Abstract="True">
		<category>Building</category>
		<thingClass>Building</thingClass>
		<soundImpactDefault>BulletImpactMetal</soundImpactDefault>
		<selectable>true</selectable>
		<drawerType>MapMeshAndRealTime</drawerType>
		<terrainAffordanceNeeded>Light</terrainAffordanceNeeded>
		<repairEffect>Repair</repairEffect>
		<leaveResourcesWhenKilled>true</leaveResourcesWhenKilled>
		<filthLeaving>BuildingRubble</filthLeaving>
	</ThingDef>

	<ThingDef Name="FurnitureBase" ParentName="BuildingBase" Abstract="True">
		<comps>
			<li>
				<compClass>CompQuality</compClass>
			</li>
		</comps>
		<DesignationCategory>Furniture</DesignationCategory>
		<minifiedDef>MinifiedFurniture</minifiedDef>
	</ThingDef>


	<ThingDef ParentName="FurnitureBase">
		<defName>AnimalSleepingBox</defName>
		<ThingClass>Building_Bed</ThingClass>
		<label>animal sleeping box</label>
		<description>A small box for animals to sleep in. Fits smaller animals like chickens, cats, or small dogs.</description>
		<rotatable>false</rotatable>
		<fillPercent>0.25</fillPercent>
		<PathCost>40</PathCost>
		<CastEdgeShadows>true</CastEdgeShadows>
		<Passability>PassThroughOnly</Passability>
		<graphicData>
			<texPath>Things/Building/Misc/AnimalBed/AnimalSleepBox</texPath>
			<graphicClass>Graphic_Single</graphicClass>
		</graphicData>
		<stuffCategories>
			<li>Metallic</li>
			<li>Woody</li>
			<li>Stony</li>
		</stuffCategories>
		<costStuffCount>35</costStuffCount>
		<building>
			<bed_humanlike>false</bed_humanlike>
			<bed_maxBodySize>0.55</bed_maxBodySize>
			<bed_ShowSleeperBody>true</bed_ShowSleeperBody>
			<bed_HealTickInterval>2100</bed_HealTickInterval>
		</building>
		<AltitudeLayer>Waist</AltitudeLayer>
		<statBases>
			<MaxHitPoints>75</MaxHitPoints>
			<Flammability>1.0</Flammability>
			<WorkToMake>120</WorkToMake>
			<BedRestEffectiveness>0.93</BedRestEffectiveness>
			<Comfort>0.60</Comfort>
			<ImmunityGainSpeedFactor>1.05</ImmunityGainSpeedFactor>
		</statBases>
		<researchPrerequisite>CraftingI</researchPrerequisite><!--added prerequisite-->
	</ThingDef>

	<ThingDef ParentName="FurnitureBase">
		<defName>AnimalBed</defName>
		<ThingClass>Building_Bed</ThingClass>
		<label>animal bed</label>
		<description>A soft bed for animals to sleep on. Fits any animal.</description>
		<rotatable>false</rotatable>
		<fillPercent>0.25</fillPercent>
		<PathCost>40</PathCost>
		<CastEdgeShadows>true</CastEdgeShadows>
		<Passability>PassThroughOnly</Passability>
		<graphicData>
			<texPath>Things/Building/Misc/AnimalBed/AnimalBed</texPath>
			<graphicClass>Graphic_Single</graphicClass>
			<drawSize>1.2</drawSize>
		</graphicData>
		<stuffCategories>
			<li>Fabric</li>
			<li>Leathery</li>
		</stuffCategories>
		<costStuffCount>45</costStuffCount>
		<building>
			<bed_humanlike>false</bed_humanlike>
			<bed_ShowSleeperBody>true</bed_ShowSleeperBody>
			<bed_HealTickInterval>2100</bed_HealTickInterval>
		</building>
		<AltitudeLayer>Waist</AltitudeLayer>
		<statBases>
			<MaxHitPoints>140</MaxHitPoints>
			<Flammability>1.0</Flammability>
			<WorkToMake>600</WorkToMake>
			<BedRestEffectiveness>1</BedRestEffectiveness>
			<Comfort>0.75</Comfort>
			<ImmunityGainSpeedFactor>1.1</ImmunityGainSpeedFactor>
		</statBases>
		<researchPrerequisite>CraftingI</researchPrerequisite><!--added prerequisite-->
	</ThingDef>

	<ThingDef ParentName="FurnitureBase">
		<defName>PlantPot</defName>
		<label>plant pot</label>
		<thingClass>Building_PlantGrower</thingClass>
		<graphicData>
			<texPath>Things/Building/Furniture/PlantPot</texPath>
			<graphicClass>Graphic_Single</graphicClass>
			<shadowData>
				<volume>(0.3, 0.6, 0.3)</volume>
			</shadowData>
		</graphicData>
		<altitudeLayer>Waist</altitudeLayer>
		<passability>PassThroughOnly</passability>
		<fillPercent>0.20</fillPercent>
		<statBases>
			<MaxHitPoints>100</MaxHitPoints>
			<WorkToMake>495</WorkToMake>
			<Flammability>1.0</Flammability>
		</statBases>
		<stuffCategories>
			<li>Metallic</li>
			<li>Woody</li>
			<li>Stony</li>
		</stuffCategories>
		<costStuffCount>15</costStuffCount>
		<inspectorTabs>
			<li>ITab_Growing</li>
		</inspectorTabs>
		<description>Plant decorative flowers here to improve the mood of people nearby.</description>
		<comps>
			<li>
				<compClass>CompForbiddable</compClass>
			</li>
		</comps>
		<fertility>1.0</fertility>
		<designationHotKey>P</designationHotKey>
		<leaveResourcesWhenKilled>false</leaveResourcesWhenKilled>
		<building>
			<defaultPlantToGrow>PlantDaylily</defaultPlantToGrow>
			<plantsDestroyWithMe>true</plantsDestroyWithMe>
			<sowTag>Decorative</sowTag>
		</building>
		<rotatable>false</rotatable>
		<researchPrerequisite>CraftingI</researchPrerequisite><!--added prerequisite-->
	</ThingDef>


	<!--============================== Storage ==============================-->


	<ThingDef ParentName="FurnitureBase">
		<defName>EquipmentRack</defName>
		<label>equipment rack</label>
		<thingClass>Building_Storage</thingClass>
		<graphicData>
			<texPath>Things/Building/Furniture/EquipmentRack</texPath>
			<graphicClass>Graphic_Multi</graphicClass>
			<drawSize>(3,2)</drawSize>
		</graphicData>
		<altitudeLayer>Waist</altitudeLayer>
		<passability>PassThroughOnly</passability>
		<fillPercent>0.4</fillPercent>
		<castEdgeShadows>true</castEdgeShadows>
		<stuffCategories>
			<li>Metallic</li>
			<li>Woody</li>
			<li>Stony</li>
		</stuffCategories>
		<costStuffCount>30</costStuffCount>
		<statBases>
			<MaxHitPoints>100</MaxHitPoints>
			<WorkToMake>1050</WorkToMake>
			<Flammability>1.0</Flammability>
		</statBases>
		<description>Items stored in this will not deteriorate, even if outside.</description>
		<size>(2,1)</size>
		<building>
			<preventDeterioration>true</preventDeterioration>
			<fixedStorageSettings>
				<filter>
					<categories>
						<li>Weapons</li>
						<li>Apparel</li>
					</categories>
				</filter>
			</fixedStorageSettings>
			<defaultStorageSettings>
				<priority>Important</priority>
				<filter>
					<categories>
						<li>Weapons</li>
					</categories>
				</filter>
			</defaultStorageSettings>
		</building>
		<inspectorTabs>
			<li>ITab_Storage</li>
		</inspectorTabs>
		<designationHotKey>I</designationHotKey>
		<staticSunShadowHeight>0.5</staticSunShadowHeight>
		<surfaceType>Item</surfaceType>
    <DesignationCategory>Storage</DesignationCategory><!--changed from Furniture-->
		<researchPrerequisite>CraftingI</researchPrerequisite>
	</ThingDef><!--added prerequisite-->

</Buildings>