﻿<?xml version="1.0" encoding="utf-8" ?>
<Defs>

	<!--================== Bases ==================-->

	<ThingDef Name="ResourceBase" Abstract="True">
		<thingClass>ThingWithComps</thingClass>
		<label>unspecified resource</label>
		<category>Item</category>
		<resourceReadoutPriority>Middle</resourceReadoutPriority>
		<useHitPoints>true</useHitPoints>
		<selectable>true</selectable>
		<altitudeLayer>Item</altitudeLayer>
		<stackLimit>75</stackLimit>
		<comps>
			<li>
				<compClass>CompForbiddable</compClass>
			</li>
		</comps>
		<alwaysHaulable>true</alwaysHaulable>
		<drawGUIOverlay>true</drawGUIOverlay>
		<rotatable>false</rotatable>
		<pathCost>15</pathCost>
	</ThingDef>

	<ThingDef Name="MealBase" Abstract="True">
		<label>meal</label>
		<thingClass>Meal</thingClass>
		<category>Item</category>
		<useHitPoints>true</useHitPoints>
		<selectable>true</selectable>
		<statBases>
			<MaxHitPoints>50</MaxHitPoints>
			<Flammability>1.0</Flammability>
		</statBases>
		<altitudeLayer>Item</altitudeLayer>
		<stackLimit>10</stackLimit>
		<tickerType>Rare</tickerType>
		<socialPropernessMatters>true</socialPropernessMatters>
		<!-- <thingCategories>
      <li>FoodMeals</li>
    </thingCategories> -->
		<alwaysHaulable>true</alwaysHaulable>
		<comps>
			<li>
				<compClass>CompForbiddable</compClass>
			</li>
		</comps>
		<pathCost>15</pathCost>
		<resourceReadoutPriority>Last</resourceReadoutPriority>
		<drawGUIOverlay>true</drawGUIOverlay>
	</ThingDef>


	<!--================== Drugs ==================-->


	<ThingDef ParentName="MealBase">
		<defName>Beer</defName>
		<label>beer</label>
		<description>The first beverage besides water ever consumed by mankind. Beer can taste good, but its main effect is intoxication. Excessive consumption can lead to alcohol addiction.</description>
		<graphicData>
			<texPath>Things/Item/Drug/Beer</texPath>
			<graphicClass>Graphic_StackCount</graphicClass>
		</graphicData>
		<equippedAngleOffset>-150</equippedAngleOffset>
		<rotatable>false</rotatable>
		<stackLimit>25</stackLimit>
		<statBases>
			<DeteriorationRate>0</DeteriorationRate>
			<MarketValue>9</MarketValue>
			<MeleeWeapon_DamageAmount>7</MeleeWeapon_DamageAmount>
			<MeleeWeapon_Cooldown>1.8</MeleeWeapon_Cooldown>
		</statBases>
		<ingestible>
			<preferability>NeverForNutrition</preferability>
			<nutrition>0.08</nutrition>
			<joy>0.17</joy>
			<joyKind>Chemical</joyKind>
			<maxNumToIngestAtOnce>1</maxNumToIngestAtOnce>
			<soundEat>Ingest_Beer</soundEat>
			<isPleasureDrug>true</isPleasureDrug>
			<hediffGivers>
				<li>
					<chance>1</chance>
					<hediffDef>Alcohol</hediffDef>
				</li>
			</hediffGivers>
		</ingestible>
		<equipmentType>Primary</equipmentType>
		<techLevel>Neolithic</techLevel>
		<comps>
			<li>
				<compClass>CompEquippable</compClass>
			</li>
		</comps>
		<verbs>
			<li>
				<verbClass>Verb_MeleeAttack</verbClass>
				<hasStandardCommand>true</hasStandardCommand>
				<meleeDamageDef>Blunt</meleeDamageDef>
			</li>
		</verbs>
		<thingCategories>
			<li>AlcoholDrugsFood</li> <!--changed from FoodMeals-->
		</thingCategories>
	</ThingDef>



	<!--=============== Luxury ====================-->

	<ThingDef ParentName="ResourceBase">
		<defName>Chocolate</defName>
		<label>chocolate</label>
		<description>A delicious preparation of cocoa seeds ground together with sugar and vanilla. Very pleasurable to eat, but not very nutritious.</description>
		<graphicData>
			<texPath>Things/Item/Resource/Chocolate</texPath>
			<graphicClass>Graphic_Single</graphicClass>
		</graphicData>
		<soundInteract>Standard_Drop</soundInteract>
		<soundDrop>Standard_Drop</soundDrop>
		<socialPropernessMatters>true</socialPropernessMatters>
		<statBases>
			<MaxHitPoints>100</MaxHitPoints>
			<MarketValue>6</MarketValue>
			<Flammability>1.0</Flammability>
		</statBases>
		<ingestible>
			<preferability>DesperateOnly</preferability>
			<nutrition>0.01</nutrition>
			<joy>0.07</joy>
			<maxNumToIngestAtOnce>4</maxNumToIngestAtOnce>
			<soundEat>Meal_Eat</soundEat>
			<isPleasureDrug>true</isPleasureDrug>
		</ingestible>
		<thingCategories>
			<li>SweetsFood</li> <!--changed from FoodMeals-->
		</thingCategories>
	</ThingDef>



</Defs>