﻿<?xml version="1.0" encoding="utf-8" ?>
<GameData>


  <ThingDef Name="ResourceBase" Abstract="True">
    <thingClass>ThingWithComps</thingClass>
    <label>unspecified resource</label>
    <category>Item</category>
    <resourceReadoutPriority>Middle</resourceReadoutPriority>
    <useHitPoints>true</useHitPoints>
    <statBases>
      <Flammability>1.0</Flammability>
    </statBases>
    <selectable>true</selectable>
    <altitudeLayer>Item</altitudeLayer>
    <stackLimit>75</stackLimit>
    <comps>
      <li>
        <compClass>CompForbiddable</compClass>
      </li>
    </comps>
    <alwaysHaulable>true</alwaysHaulable>
    <drawGUIOverlay>true</drawGUIOverlay>
    <rotatable>false</rotatable>
    <pathCost>15</pathCost>
  </ThingDef>


  <ThingDef Name="ResourceVerbBase" ParentName="ResourceBase" Abstract="True">
    <equipmentType>Primary</equipmentType>
    <techLevel>Neolithic</techLevel>
    <comps>
      <li>
        <compClass>CompEquippable</compClass>
      </li>
    </comps>
  </ThingDef>

  <!--=============== AI persona core ====================-->


  <ThingDef ParentName="ResourceBase">
    <defName>AIPersonaCore</defName>
    <label>AI persona core</label>
    <description>A hyper-advanced computer core that houses a superhumanlike artificial intelligence. In its isolated state the core is dormant. Installed in a proper support structure, however, it can become a mind of frightening power.</description>
    <graphicData>
      <texPath>Things/Item/Special/AIPersonaCore</texPath>
      <graphicClass>Graphic_Single</graphicClass>
    </graphicData>
    <resourceReadoutPriority>Middle</resourceReadoutPriority>
    <soundInteract>Metal_Drop</soundInteract>
    <soundDrop>Metal_Drop</soundDrop>
    <stackLimit>1</stackLimit>
    <useHitPoints>true</useHitPoints>
    <statBases>
      <MarketValue>7000</MarketValue>
      <MaxHitPoints>100</MaxHitPoints>
    </statBases>
    <thingCategories>
      <li>CraftingComponents</li><!--changed from Items-->
    </thingCategories>
    <drawGUIOverlay>false</drawGUIOverlay>
    <tradeTags>
      <li>Exotic</li>
    </tradeTags>
  </ThingDef>

  <!--=============== Neurotrainer ====================-->

  <ThingDef ParentName="ResourceBase">
    <defName>Neurotrainer</defName>
    <thingClass>Neurotrainer</thingClass>
    <label>neurotrainer</label>
    <description>A one-use nanotech trainer device. The neurotrainer is inserted through the orbit of the eye and releases nanomachines into the subject's brain, quickly improving their skills in a specific area.</description>
    <graphicData>
      <texPath>Things/Item/Special/Neurotrainer</texPath>
      <graphicClass>Graphic_Single</graphicClass>
    </graphicData>
    <resourceReadoutPriority>Middle</resourceReadoutPriority>
    <stackLimit>1</stackLimit>
    <tradeNeverStack>true</tradeNeverStack>
    <useHitPoints>true</useHitPoints>
    <statBases>
      <MarketValue>2000</MarketValue>
      <MaxHitPoints>80</MaxHitPoints>
    </statBases>
    <thingCategories>
      <li>ImplantsHumanoid</li><!--changed from Items-->
    </thingCategories>
    <drawGUIOverlay>false</drawGUIOverlay>
    <tradeTags>
      <li>Exotic</li>
    </tradeTags>
  </ThingDef>
  
  <!--=============== Thrumbo horn ====================-->
  
  <ThingDef ParentName="ResourceVerbBase">
    <defName>ThrumboHorn</defName>
    <label>thrumbo horn</label>
    <description>A thrumbo's horn. It's razor-sharp, very hard and priceless in most markets. This is a true trophy.</description>
    <graphicData>
      <texPath>Things/Item/Special/ThrumboHorn</texPath>
      <graphicClass>Graphic_Single</graphicClass>
    </graphicData>
    <equippedAngleOffset>-20</equippedAngleOffset>
    <statBases>
      <MarketValue>3000</MarketValue>
      <MaxHitPoints>150</MaxHitPoints>
      <Flammability>1.0</Flammability>
      <DeteriorationRate>0.2</DeteriorationRate>
      <MeleeWeapon_DamageAmount>15</MeleeWeapon_DamageAmount>
      <MeleeWeapon_Cooldown>1.75</MeleeWeapon_Cooldown>
    </statBases>
    <resourceReadoutPriority>Middle</resourceReadoutPriority>
    <stackLimit>10</stackLimit>
    <verbs>
      <li>
        <verbClass>Verb_MeleeAttack</verbClass>
        <hasStandardCommand>true</hasStandardCommand>
        <meleeDamageDef>Scratch</meleeDamageDef>
      </li>
    </verbs>
    <thingCategories>
      <li>ValuableItems</li><!--changed from Items-->
    </thingCategories>
    <tradeTags>
      <li>Exotic</li>
    </tradeTags>
  </ThingDef>
  
  <!--=============== Elephant tusk ====================-->
  
  <ThingDef ParentName="ResourceVerbBase">
    <defName>ElephantTusk</defName>
    <label>elephant tusk</label>
    <description>An elephant's tusk. Very durable and valuable. Deadly but somewhat unwieldy as a weapon.</description>
    <graphicData>
      <texPath>Things/Item/Special/ElephantTusk</texPath>
      <graphicClass>Graphic_Single</graphicClass>
    </graphicData>
    <equippedAngleOffset>-20</equippedAngleOffset>
    <statBases>
      <MarketValue>450</MarketValue>
      <MaxHitPoints>150</MaxHitPoints>
      <Flammability>1.0</Flammability>
      <DeteriorationRate>0.2</DeteriorationRate>
      <MeleeWeapon_DamageAmount>16</MeleeWeapon_DamageAmount>
      <MeleeWeapon_Cooldown>2.8</MeleeWeapon_Cooldown>
    </statBases>
    <resourceReadoutPriority>Middle</resourceReadoutPriority>
    <stackLimit>10</stackLimit>
    <verbs>
      <li>
        <verbClass>Verb_MeleeAttack</verbClass>
        <hasStandardCommand>true</hasStandardCommand>
        <meleeDamageDef>Scratch</meleeDamageDef>
      </li>
    </verbs>
    <thingCategories>
        <li>ValuableItems</li><!--changed from Items-->
    </thingCategories>
    <tradeTags>
      <li>Exotic</li>
    </tradeTags>
  </ThingDef>


</GameData>
