﻿<?xml version="1.0" encoding="utf-8" ?>
<Defs>

  <ThingDef Name="ResourceBase" Abstract="True">
    <thingClass>ThingWithComps</thingClass>
    <label>unspecified resource</label>
    <category>Item</category>
    <resourceReadoutPriority>Middle</resourceReadoutPriority>
    <useHitPoints>true</useHitPoints>
    <selectable>true</selectable>
    <altitudeLayer>Item</altitudeLayer>
    <stackLimit>75</stackLimit>
    <comps>
      <li>
        <compClass>CompForbiddable</compClass>
      </li>
    </comps>
    <alwaysHaulable>true</alwaysHaulable>
    <drawGUIOverlay>true</drawGUIOverlay>
    <rotatable>false</rotatable>
    <pathCost>15</pathCost>
  </ThingDef>

  <ThingDef Name="ResourceVerbBase" ParentName="ResourceBase" Abstract="True">
    <equipmentType>Primary</equipmentType>
    <techLevel>Neolithic</techLevel>
    <comps>
      <li>
        <compClass>CompEquippable</compClass>
      </li>
    </comps>
  </ThingDef>



  <!--=============== Pure stuffs: Basics ====================-->


  <ThingDef ParentName="ResourceBase">
    <defName>Silver</defName>
    <label>silver</label>
    <description>This metal is mostly used as a commodity currency. It can also be used for making attractive decorations.</description>
    <graphicData>
      <texPath>Things/Item/Resource/Silver</texPath>
      <graphicClass>Graphic_Single</graphicClass>
    </graphicData>
    <resourceReadoutPriority>First</resourceReadoutPriority>
    <soundInteract>Silver_Drop</soundInteract>
    <soundDrop>Silver_Drop</soundDrop>
    <useHitPoints>false</useHitPoints>
    <resourceReadoutAlwaysShow>true</resourceReadoutAlwaysShow>
    <statBases>
      <MarketValue>1</MarketValue>
      <SharpDamageMultiplier>0.5</SharpDamageMultiplier>
      <BluntDamageMultiplier>1.1</BluntDamageMultiplier>
    </statBases>
    <thingCategories>
      <li>Metals</li><!--changed from resources raw-->
    </thingCategories>
    <stackLimit>500</stackLimit>
    <smallVolume>true</smallVolume>
    <stuffProps>
      <categories>
        <li>Metallic</li>
      </categories>
      <color>(180,173,150)</color>
      <constructEffect>ConstructMetal</constructEffect>
      <soundImpactStuff>BulletImpactMetal</soundImpactStuff>
      <soundMeleeHitSharp>MeleeHit_Metal_Sharp</soundMeleeHitSharp>
      <soundMeleeHitBlunt>MeleeHit_Metal_Blunt</soundMeleeHitBlunt>
      <statOffsets>
        <Beauty>6</Beauty>
      </statOffsets>
      <statFactors>
        <MaxHitPoints>0.7</MaxHitPoints>
        <Flammability>0.2</Flammability>
        <Beauty>3</Beauty>
        <WorkToMake>1.2</WorkToMake>
        <MeleeWeapon_Cooldown>1</MeleeWeapon_Cooldown>
      </statFactors>
      <smeltable>true</smeltable>
    </stuffProps>
  </ThingDef>


  <ThingDef ParentName="ResourceBase">
    <defName>Gold</defName>
    <label>gold</label>
    <description>The most seductive metal of them all. Millions have died in attempting to feed the endless human thirst for gold. This soft metal is little use on its own, but is strikingly beautiful and very rare.</description>
    <graphicData>
      <texPath>Things/Item/Resource/Gold</texPath>
      <graphicClass>Graphic_Single</graphicClass>
    </graphicData>
    <soundInteract>Silver_Drop</soundInteract>
    <soundDrop>Silver_Drop</soundDrop>
    <useHitPoints>false</useHitPoints>
    <statBases>
      <MarketValue>15</MarketValue>
      <SharpDamageMultiplier>0.3</SharpDamageMultiplier>
      <BluntDamageMultiplier>1.15</BluntDamageMultiplier>
    </statBases>
    <thingCategories>
      <li>Metals</li><!--changed from resources raw-->
    </thingCategories>
    <stackLimit>500</stackLimit>
    <smallVolume>true</smallVolume>
    <stuffProps>
      <stuffAdjective>golden</stuffAdjective>
      <categories>
        <li>Metallic</li>
      </categories>
      <color>(255,235,122)</color>
      <constructEffect>ConstructMetal</constructEffect>
      <soundImpactStuff>BulletImpactMetal</soundImpactStuff>
      <soundMeleeHitSharp>MeleeHit_Metal_Sharp</soundMeleeHitSharp>
      <soundMeleeHitBlunt>MeleeHit_Metal_Blunt</soundMeleeHitBlunt>
      <statOffsets>
        <Beauty>18</Beauty>
      </statOffsets>
      <statFactors>
        <MaxHitPoints>0.6</MaxHitPoints>
        <Flammability>0.2</Flammability>
        <Beauty>6</Beauty>
        <WorkToMake>1.3</WorkToMake>
        <MeleeWeapon_Cooldown>1.1</MeleeWeapon_Cooldown>
      </statFactors>
      <smeltable>true</smeltable>
    </stuffProps>
  </ThingDef>



  <ThingDef ParentName="ResourceBase">
    <defName>Steel</defName>
    <label>steel</label>
    <description>An iron-carbon metal alloy used for building structures, tools, and weapons.</description>
    <graphicData>
      <texPath>Things/Item/Resource/Metal</texPath>
      <graphicClass>Graphic_Random</graphicClass>
      <color>(255,255,255)</color>
    </graphicData>
    <soundInteract>Metal_Drop</soundInteract>
    <soundDrop>Metal_Drop</soundDrop>
    <statBases>
      <MarketValue>2.0</MarketValue>
      <SharpDamageMultiplier>1</SharpDamageMultiplier>
      <BluntDamageMultiplier>1</BluntDamageMultiplier>
    </statBases>
    <useHitPoints>false</useHitPoints>
    <slagDef>ChunkSlagSteel</slagDef>
    <thingCategories>
      <li>Metals</li><!--changed from resources raw-->
    </thingCategories>
    <stuffProps>
      <categories>
        <li>Metallic</li>
      </categories>
      <constructEffect>ConstructMetal</constructEffect>
      <color>(102,102,105)</color>
      <soundImpactStuff>BulletImpactMetal</soundImpactStuff>
      <soundMeleeHitSharp>MeleeHit_Metal_Sharp</soundMeleeHitSharp>
      <soundMeleeHitBlunt>MeleeHit_Metal_Blunt</soundMeleeHitBlunt>
      <statFactors>
        <MaxHitPoints>1</MaxHitPoints>
        <Beauty>1</Beauty>
        <Flammability>0.2</Flammability>
        <MeleeWeapon_Cooldown>1</MeleeWeapon_Cooldown>
      </statFactors>
      <smeltable>true</smeltable>
    </stuffProps>
  </ThingDef>



  <ThingDef ParentName="ResourceBase">
    <defName>Plasteel</defName>
    <label>plasteel</label>
    <description>Advanced spacer tech structural material. Plasteel is extremely strong due to its unique molecular structure.</description>
    <graphicData>
      <texPath>Things/Item/Resource/Plasteel</texPath>
      <graphicClass>Graphic_Single</graphicClass>
    </graphicData>
    <soundInteract>Metal_Drop</soundInteract>
    <soundDrop>Metal_Drop</soundDrop>
    <useHitPoints>false</useHitPoints>
    <statBases>
      <MarketValue>27</MarketValue>
      <SharpDamageMultiplier>1.2</SharpDamageMultiplier>
      <BluntDamageMultiplier>1.0</BluntDamageMultiplier>
    </statBases>
    <thingCategories>
      <li>Metals</li><!--changed from resources raw-->
    </thingCategories>
    <stuffProps>
      <categories>
        <li>Metallic</li>
      </categories>
      <constructEffect>ConstructMetal</constructEffect>
      <color>(160,178,181)</color>
      <soundImpactStuff>BulletImpactMetal</soundImpactStuff>
      <soundMeleeHitSharp>MeleeHit_Metal_Sharp</soundMeleeHitSharp>
      <soundMeleeHitBlunt>MeleeHit_Metal_Blunt</soundMeleeHitBlunt>
      <statFactors>
        <MaxHitPoints>2.8</MaxHitPoints>
        <Beauty>1.2</Beauty>
        <Flammability>0.1</Flammability>
        <WorkToMake>2.0</WorkToMake>
        <MeleeWeapon_Cooldown>0.8</MeleeWeapon_Cooldown>
      </statFactors>
      <smeltable>true</smeltable>
    </stuffProps>
  </ThingDef>



  <ThingDef ParentName="ResourceVerbBase">
    <defName>WoodLog</defName>
    <label>wood</label>
    <description>Wood from trees or other fibrous plants. Useful for building structures, weapons, and even simple prosthetics. A raw stick of wood can be used as a weapon in a pinch.</description>
    <graphicData>
      <texPath>Things/Item/Resource/WoodLog</texPath>
      <graphicClass>Graphic_StackCount</graphicClass>
    </graphicData>
    <equippedAngleOffset>-20</equippedAngleOffset>
    <soundInteract>Wood_Drop</soundInteract>
    <soundDrop>Wood_Drop</soundDrop>
    <statBases>
      <MarketValue>1.4</MarketValue>
      <MaxHitPoints>150</MaxHitPoints>
      <Flammability>1.0</Flammability>
      <DeteriorationRate>1</DeteriorationRate>
      <MeleeWeapon_DamageAmount>8</MeleeWeapon_DamageAmount>
      <MeleeWeapon_Cooldown>2.2</MeleeWeapon_Cooldown>
      <SharpDamageMultiplier>0.3</SharpDamageMultiplier>
      <BluntDamageMultiplier>0.8</BluntDamageMultiplier>
    </statBases>
    <stuffProps>
      <stuffAdjective>wooden</stuffAdjective>
      <categories>
        <li>Woody</li>
      </categories>
      <color>(133,97,67)</color>
      <constructEffect>ConstructWood</constructEffect>
      <appearance>Planks</appearance>
      <soundImpactStuff>BulletImpactWood</soundImpactStuff>
      <soundMeleeHitSharp>MeleeHit_Wood</soundMeleeHitSharp>
      <soundMeleeHitBlunt>MeleeHit_Wood</soundMeleeHitBlunt>
      <statOffsets>
        <Beauty>2</Beauty>
      </statOffsets>
      <statFactors>
        <MaxHitPoints>0.5</MaxHitPoints>
        <Beauty>1.25</Beauty>
        <Flammability>1</Flammability>
        <WorkToMake>0.7</WorkToMake>
        <DoorOpenSpeed>1.2</DoorOpenSpeed>
        <MeleeWeapon_Cooldown>0.9</MeleeWeapon_Cooldown>
      </statFactors>
    </stuffProps>
    <isBodyPartOrImplant>true</isBodyPartOrImplant>
    <thingCategories>
     <li>PlantResources</li><!--changed from resources raw-->
    </thingCategories>
    <techHediffsTags>
      <li>Poor</li>
    </techHediffsTags>
    <verbs>
      <li>
        <verbClass>Verb_MeleeAttack</verbClass>
        <hasStandardCommand>true</hasStandardCommand>
        <meleeDamageDef>Blunt</meleeDamageDef>
      </li>
    </verbs>
  </ThingDef>


  <ThingDef ParentName="ResourceBase">
    <defName>Uranium</defName>
    <label>uranium</label>
    <description>An extremely hard, dense metal. While it is best known for its use powering nuclear reactors, its physical properties also make it excellent in some roles as a tool, weapon, or armor.</description>
    <graphicData>
      <texPath>Things/Item/Resource/Uranium</texPath>
      <graphicClass>Graphic_Single</graphicClass>
    </graphicData>
    <soundInteract>Metal_Drop</soundInteract>
    <soundDrop>Metal_Drop</soundDrop>
    <statBases>
      <MarketValue>5</MarketValue>
      <SharpDamageMultiplier>1.1</SharpDamageMultiplier>
      <BluntDamageMultiplier>1.4</BluntDamageMultiplier>
    </statBases>
    <thingCategories>
      <li>Metals</li><!--changed from resources raw-->
    </thingCategories>
    <stackLimit>500</stackLimit>
    <smallVolume>true</smallVolume>
    <stuffProps>
      <categories>
        <li>Metallic</li>
      </categories>
      <color>(100,100,100)</color>
      <constructEffect>ConstructMetal</constructEffect>
      <soundImpactStuff>BulletImpactMetal</soundImpactStuff>
      <soundMeleeHitSharp>MeleeHit_Metal_Sharp</soundMeleeHitSharp>
      <soundMeleeHitBlunt>MeleeHit_Metal_Blunt</soundMeleeHitBlunt>
      <statFactors>
        <MaxHitPoints>2.5</MaxHitPoints>
        <WorkToMake>1.9</WorkToMake>
        <Beauty>0.4</Beauty>
        <Flammability>0.0</Flammability>
        <DoorOpenSpeed>0.9</DoorOpenSpeed>
        <MeleeWeapon_Cooldown>1.35</MeleeWeapon_Cooldown>
      </statFactors>
      <smeltable>true</smeltable>
    </stuffProps>
  </ThingDef>




  
  
  <!--=============== Pure stuffs: Fabric, leather, etc  ====================-->

  <ThingDef ParentName="ResourceBase">
    <defName>Cloth</defName>
    <label>cloth</label>
    <description>Cloth woven from organic fibers.</description>
    <graphicData>
      <texPath>Things/Item/Resource/Cloth</texPath>
      <graphicClass>Graphic_Single</graphicClass>
      <color>(162,157,152)</color>
    </graphicData>
    <statBases>
      <MaxHitPoints>100</MaxHitPoints>
      <MarketValue>1.5</MarketValue>
      <Flammability>1.0</Flammability>
      <DeteriorationRate>2</DeteriorationRate>
    </statBases>
    <stuffProps>
      <categories>
        <li>Fabric</li>
      </categories>
      <color>(162,157,152)</color>
      <allowColorGenerators>true</allowColorGenerators>
    </stuffProps>
    <thingCategories>
      <li>PlantTextiles</li><!--changed from textiles-->
    </thingCategories>
    <comps>
      <li>
        <compClass>CompColorable</compClass>
      </li>
    </comps>
    <colorGeneratorInTraderStock Class="ColorGenerator_Options">
      <options>
        <li>
          <weight>5</weight>
          <only>RGBA(0.33,0.33,0.33,1)</only>
        </li>
        <li>
          <weight>10</weight>
          <min>RGBA(0.3,0.3,0.3,1)</min>
          <max>RGBA(0.9,0.9,0.9,1)</max>
        </li>
        <li>
          <weight>5</weight>
          <only>RGBA(0.9,0.9,0.9,1)</only>
        </li>
      </options>
    </colorGeneratorInTraderStock>
  </ThingDef>


  <ThingDef ParentName="ResourceBase">
    <defName>Synthread</defName>
    <label>synthread</label>
    <description>Spacer-tech synthetic fabric designed for making ordinary clothes. It is soft, light, strong, and insulates well.</description>
    <graphicData>
      <texPath>Things/Item/Resource/Synthread</texPath>
      <graphicClass>Graphic_Single</graphicClass>
    </graphicData>
    <statBases>
      <MaxHitPoints>150</MaxHitPoints>
      <MarketValue>11</MarketValue>
      <Flammability>1.0</Flammability>
      <DeteriorationRate>1.5</DeteriorationRate>
    </statBases>
    <stuffProps>
      <categories>
        <li>Fabric</li>
      </categories>
      <color>(174,219,228)</color>
      <statOffsets>
        <ArmorRating_Blunt>0.03</ArmorRating_Blunt>
        <ArmorRating_Sharp>0.03</ArmorRating_Sharp>
        <ArmorRating_Heat>0.03</ArmorRating_Heat>
        <ArmorRating_Electric>0.03</ArmorRating_Electric>
      </statOffsets>
      <statFactors>
        <ArmorRating_Blunt>1.0</ArmorRating_Blunt>
        <ArmorRating_Sharp>1.65</ArmorRating_Sharp>
        <ArmorRating_Heat>4.0</ArmorRating_Heat>
        <ArmorRating_Electric>4.0</ArmorRating_Electric>
        <Insulation_Cold>1.25</Insulation_Cold>
        <Insulation_Heat>1.25</Insulation_Heat>
      </statFactors>
    </stuffProps>
    <thingCategories>
      <li>SyntheticTextiles</li><!--changed from textiles-->
    </thingCategories>
  </ThingDef>



  <ThingDef ParentName="ResourceBase">
    <defName>DevilstrandCloth</defName>
    <label>devilstrand</label>
    <description>Fabric spun from microfibers extracted from silk-producing Devilstrand mushrooms. Very tough, but insulates no better than cloth.</description>
    <graphicData>
      <texPath>Things/Item/Resource/Cloth</texPath>
      <graphicClass>Graphic_Single</graphicClass>
      <color>(180,60,60)</color>
    </graphicData>
    <statBases>
      <MaxHitPoints>100</MaxHitPoints>
      <MarketValue>12</MarketValue>
      <Flammability>1.0</Flammability>
      <DeteriorationRate>1.5</DeteriorationRate>
    </statBases>
    <stuffProps>
      <categories>
        <li>Fabric</li>
      </categories>
      <color>(180,60,60)</color>
      <statOffsets>
        <ArmorRating_Blunt>0.05</ArmorRating_Blunt>
        <ArmorRating_Sharp>0.05</ArmorRating_Sharp>
        <ArmorRating_Heat>0</ArmorRating_Heat>
        <ArmorRating_Electric>0.05</ArmorRating_Electric>
      </statOffsets>
      <statFactors>
        <WorkToMake>1.3</WorkToMake>
        <ArmorRating_Blunt>1.3</ArmorRating_Blunt>
        <ArmorRating_Sharp>1.8</ArmorRating_Sharp>
        <ArmorRating_Heat>1</ArmorRating_Heat>
        <ArmorRating_Electric>3</ArmorRating_Electric>
      </statFactors>
    </stuffProps>
    <thingCategories>
      <li>PlantTextiles</li><!--changed from textiles-->
    </thingCategories>
    <comps>
      <li>
        <compClass>CompColorable</compClass>
      </li>
    </comps>
  </ThingDef>



  <ThingDef ParentName="ResourceBase">
    <defName>Hyperweave</defName>
    <label>hyperweave</label>
    <description>High-tech nano-fibers woven into sheets. It is somewhat heavy, but is incredibly difficult to break. The secrets of its production are known only to the most advanced glitterworld cultures.</description>
    <graphicData>
      <texPath>Things/Item/Resource/Hyperweave</texPath>
      <graphicClass>Graphic_Single</graphicClass>
    </graphicData>
    <statBases>
      <MarketValue>45</MarketValue>
      <Flammability>1.0</Flammability>
    </statBases>
    <stuffProps>
      <categories>
        <li>Fabric</li>
      </categories>
      <color>(0,106,126)</color>
      <statOffsets>
        <ArmorRating_Blunt>0.03</ArmorRating_Blunt>
        <ArmorRating_Sharp>0.03</ArmorRating_Sharp>
        <ArmorRating_Heat>0.03</ArmorRating_Heat>
      </statOffsets>
      <statFactors>
        <WorkToMake>1.8</WorkToMake>
        <ArmorRating_Blunt>1.6</ArmorRating_Blunt>
        <ArmorRating_Sharp>4.0</ArmorRating_Sharp>
        <ArmorRating_Heat>2.0</ArmorRating_Heat>
        <ArmorRating_Electric>0</ArmorRating_Electric>
        <Insulation_Cold>1.1</Insulation_Cold>
        <Insulation_Heat>1.1</Insulation_Heat>
      </statFactors>
    </stuffProps>
    <thingCategories>
     <li>SyntheticTextiles</li><!--changed from textiles-->
    </thingCategories>
  </ThingDef>
  
  
  <ThingDef ParentName="ResourceBase">
    <defName>MuffaloWool</defName>
    <label>muffalo wool</label>
    <description>Soft, light and provides very good insulation. Wool clothes can keep the body warm even in extreme conditions.</description>
    <graphicData>
      <texPath>Things/Item/Resource/Wool</texPath>
      <graphicClass>Graphic_Single</graphicClass>
      <color>(179,192,186)</color>
    </graphicData>
    <statBases>
      <MaxHitPoints>90</MaxHitPoints>
      <MarketValue>3</MarketValue>
      <Flammability>1.0</Flammability>
      <DeteriorationRate>1.7</DeteriorationRate>
    </statBases>
    <stackLimit>100</stackLimit>
    <stuffProps>
      <categories>
        <li>Fabric</li>
      </categories>
      <color>(179,192,186)</color>
      <statOffsets>
        <ArmorRating_Blunt>0.01</ArmorRating_Blunt>
        <ArmorRating_Heat>0.05</ArmorRating_Heat>
        <ArmorRating_Electric>0.01</ArmorRating_Electric>
      </statOffsets>
      <statFactors>
        <ArmorRating_Blunt>1.0</ArmorRating_Blunt>
        <ArmorRating_Heat>2.2</ArmorRating_Heat>
        <ArmorRating_Electric>1.2</ArmorRating_Electric>
        <Insulation_Cold>3.0</Insulation_Cold>
        <Insulation_Heat>3.0</Insulation_Heat>
      </statFactors>
    </stuffProps>
    <thingCategories>
      <li>WoolResources</li><!--changed from textiles-->
    </thingCategories>
  </ThingDef>

  <ThingDef ParentName="ResourceBase">
    <defName>CamelHair</defName>
    <label>camelhair</label>
    <description>Camelhair clothing is usually worn by desert travelers to protect them from the heat. It provides excellent insulation due to its thermostatic properties.</description>
    <graphicData>
      <texPath>Things/Item/Resource/Wool</texPath>
      <graphicClass>Graphic_Single</graphicClass>
      <color>(220,179,132)</color>
    </graphicData>
    <statBases>
      <MaxHitPoints>100</MaxHitPoints>
      <MarketValue>3.5</MarketValue>
      <Flammability>1.0</Flammability>
      <DeteriorationRate>1.6</DeteriorationRate>
    </statBases>
    <stackLimit>100</stackLimit>
    <stuffProps>
      <categories>
        <li>Fabric</li>
      </categories>
      <color>(220,179,132)</color>
      <statOffsets>
        <ArmorRating_Blunt>0.01</ArmorRating_Blunt>
        <ArmorRating_Sharp>0.02</ArmorRating_Sharp>
        <ArmorRating_Heat>0.17</ArmorRating_Heat>
        <ArmorRating_Electric>0.01</ArmorRating_Electric>
      </statOffsets>
      <statFactors>
        <ArmorRating_Blunt>1.0</ArmorRating_Blunt>
        <ArmorRating_Sharp>1.3</ArmorRating_Sharp>
        <ArmorRating_Heat>2.5</ArmorRating_Heat>
        <ArmorRating_Electric>1.3</ArmorRating_Electric>
        <Insulation_Cold>2.8</Insulation_Cold>
        <Insulation_Heat>3.6</Insulation_Heat>
      </statFactors>
    </stuffProps>
    <thingCategories>
      <li>WoolResources</li><!--changed from textiles-->
    </thingCategories>
  </ThingDef>
  
  
  <ThingDef ParentName="ResourceBase">
    <defName>AlpacaWool</defName>
    <label>alpaca wool</label>
    <description>The remarkably soft wool of an alpaca.</description>
    <graphicData>
      <texPath>Things/Item/Resource/Wool</texPath>
      <graphicClass>Graphic_Single</graphicClass>
      <color>(237,216,174)</color>
    </graphicData>
    <statBases>
      <MaxHitPoints>90</MaxHitPoints>
      <MarketValue>6.0</MarketValue>
      <Flammability>0.85</Flammability>
      <DeteriorationRate>1.3</DeteriorationRate>
    </statBases>
    <stackLimit>100</stackLimit>
    <stuffProps>
      <categories>
        <li>Fabric</li>
      </categories>
      <color>(180,148,109)</color>
      <statOffsets>
        <ArmorRating_Heat>0.05</ArmorRating_Heat>
      </statOffsets>
      <statFactors>
        <ArmorRating_Heat>1.8</ArmorRating_Heat>
        <Insulation_Cold>2.5</Insulation_Cold>
        <Insulation_Heat>2.5</Insulation_Heat>
      </statFactors>
    </stuffProps>
    <thingCategories>
      <li>WoolResources</li><!--changed from textiles-->
    </thingCategories>
  </ThingDef>
  
</Defs>