﻿<?xml version="1.0" encoding="utf-8" ?>
<GameData>

  <ThingDef Name="ResourceBase" Abstract="True">
    <thingClass>ThingWithComps</thingClass>
    <label>unspecified resource</label>
    <category>Item</category>
    <resourceReadoutPriority>Middle</resourceReadoutPriority>
    <useHitPoints>true</useHitPoints>
    <statBases>
      <Flammability>1.0</Flammability>
    </statBases>
    <selectable>true</selectable>
    <altitudeLayer>Item</altitudeLayer>
    <stackLimit>75</stackLimit>
    <comps>
      <li>
        <compClass>CompForbiddable</compClass>
      </li>
    </comps>
    <alwaysHaulable>true</alwaysHaulable>
    <drawGUIOverlay>true</drawGUIOverlay>
    <rotatable>false</rotatable>
    <pathCost>15</pathCost>
  </ThingDef>

  <ThingDef ParentName="ResourceBase">
    <thingClass>Artifact</thingClass>
    <defName>PsychicInsanityLance</defName>
    <label>psychic insanity lance</label>
    <description>One-use artifact that drives any character into a berserk state from any distance - even through walls.</description>
    <graphicData>
      <texPath>Things/Item/Artifact/PsychicInsanityLance</texPath>
      <graphicClass>Graphic_Single</graphicClass>
    </graphicData>
    <resourceReadoutPriority>Middle</resourceReadoutPriority>
    <stackLimit>1</stackLimit>
    <tradeNeverStack>true</tradeNeverStack>
    <useHitPoints>true</useHitPoints>
    <statBases>
      <MarketValue>1000</MarketValue>
      <MaxHitPoints>80</MaxHitPoints>
    </statBases>
    <thingCategories>
      <li>Tools</li> <!--changed from Items-->
    </thingCategories>
    <drawGUIOverlay>false</drawGUIOverlay>
    <tradeTags>
      <li>Artifact</li>
    </tradeTags>
    <artifact>
      <targeterClass>ArtifactTargeter_SinglePawn</targeterClass>
      <effectDoerClasses>
        <li>ArtifactEffectDoer_Berserk</li>
      </effectDoerClasses>
    </artifact>
  </ThingDef>
  
  <ThingDef ParentName="ResourceBase">
    <thingClass>Artifact</thingClass>
    <defName>PsychicShockLance</defName>
    <label>psychic shock lance</label>
    <description>One-use artifact that directs psychic disturbances towards one character, dropping them into a state of psychic shock for some time. Large risk of brain damage.</description>
    <graphicData>
      <texPath>Things/Item/Artifact/PsychicShockLance</texPath>
      <graphicClass>Graphic_Single</graphicClass>
    </graphicData>
    <resourceReadoutPriority>Middle</resourceReadoutPriority>
    <stackLimit>1</stackLimit>
    <tradeNeverStack>true</tradeNeverStack>
    <useHitPoints>true</useHitPoints>
    <statBases>
      <MarketValue>1000</MarketValue>
      <MaxHitPoints>80</MaxHitPoints>
    </statBases>
    <thingCategories>
      <li>Tools</li> <!--changed from Items-->
    </thingCategories>
    <drawGUIOverlay>false</drawGUIOverlay>
    <tradeTags>
      <li>Artifact</li>
    </tradeTags>
    <artifact>
      <targeterClass>ArtifactTargeter_SinglePawn</targeterClass>
      <effectDoerClasses>
        <li>ArtifactEffectDoer_PsychicShock</li>
        <li>ArtifactEffectDoer_BrainDamageChance</li>
      </effectDoerClasses>
    </artifact>
  </ThingDef>

  <ThingDef ParentName="ResourceBase">
    <thingClass>Artifact</thingClass>
    <defName>PsychicAnimalPulser</defName>
    <label>psychic animal pulser</label>
    <description>One-use artifact that drives all animals in the region into a manhunting rage.</description>
    <graphicData>
      <texPath>Things/Item/Artifact/PsychicAnimalPulser</texPath>
      <graphicClass>Graphic_Single</graphicClass>
    </graphicData>
    <resourceReadoutPriority>Middle</resourceReadoutPriority>
    <stackLimit>1</stackLimit>
    <tradeNeverStack>true</tradeNeverStack>
    <useHitPoints>true</useHitPoints>
    <statBases>
      <MarketValue>1000</MarketValue>
      <MaxHitPoints>80</MaxHitPoints>
    </statBases>
    <thingCategories>
      <li>Tools</li> <!--changed from Items-->
    </thingCategories>
    <drawGUIOverlay>false</drawGUIOverlay>
    <tradeTags>
      <li>Artifact</li>
    </tradeTags>
    <artifact>
      <targeterClass>ArtifactTargeter_AllAnimalsOnTheMap</targeterClass>
      <effectDoerClasses>
        <li>ArtifactEffectDoer_Manhunter</li>
      </effectDoerClasses>
      <doCameraShake>true</doCameraShake>
    </artifact>
  </ThingDef>
  
  <ThingDef ParentName="ResourceBase">
    <thingClass>Artifact</thingClass>
    <defName>PsychicSoothePulser</defName>
    <label>psychic soothe pulser</label>
    <description>One-use artifact which gives a temporary mood boost to everyone on the map.</description>
    <graphicData>
      <texPath>Things/Item/Artifact/PsychicSoothePulser</texPath>
      <graphicClass>Graphic_Single</graphicClass>
    </graphicData>
    <resourceReadoutPriority>Middle</resourceReadoutPriority>
    <stackLimit>1</stackLimit>
    <tradeNeverStack>true</tradeNeverStack>
    <useHitPoints>true</useHitPoints>
    <statBases>
      <MarketValue>1000</MarketValue>
      <MaxHitPoints>80</MaxHitPoints>
    </statBases>
    <thingCategories>
      <li>Tools</li> <!--changed from Items-->
    </thingCategories>
    <drawGUIOverlay>false</drawGUIOverlay>
    <tradeTags>
      <li>Artifact</li>
    </tradeTags>
    <artifact>
      <targeterClass>ArtifactTargeter_AllPawnsOnTheMap</targeterClass>
      <effectDoerClasses>
        <li>ArtifactEffectDoer_MoodBoost</li>
      </effectDoerClasses>
      <doCameraShake>true</doCameraShake>
    </artifact>
  </ThingDef>
  
</GameData>
