﻿<?xml version="1.0" encoding="utf-8" ?>
<ThingDefs>

  <ThingDef Name="ImplantBase" Abstract="True">
    <label>implant</label>
    <thingClass>ThingWithComps</thingClass>
    <category>Item</category>
    <useHitPoints>true</useHitPoints>
    <selectable>true</selectable>
    <statBases>
      <MaxHitPoints>50</MaxHitPoints>
      <Flammability>1.0</Flammability>
    </statBases>
    <altitudeLayer>Item</altitudeLayer>
    <tickerType>Never</tickerType>
    <alwaysHaulable>true</alwaysHaulable>
    <isBodyPartOrImplant>true</isBodyPartOrImplant>
    <tradeTags>
      <li>BodyPartOrImplant</li>
    </tradeTags>
    <comps>
      <li>
        <compClass>CompForbiddable</compClass>
      </li>
    </comps>
    <thingCategories>
      <li>ImplantsHumanoid</li><!--changed from BodyPartsAndImplants-->
    </thingCategories>
    <pathCost>10</pathCost>
  </ThingDef>

  <ThingDef ParentName="ImplantBase">
    <defName>Joywire</defName>
    <label>joywire</label>
    <description>This little brain implant will make you feel happy and relaxed.</description>
    <graphicData>
      <texPath>Things/Item/Implant/Implant</texPath>
      <graphicClass>Graphic_Single</graphicClass>
    </graphicData>
    <statBases>
      <MarketValue>1500</MarketValue>
    </statBases>
    <techHediffsTags>
      <li>Advanced</li>
    </techHediffsTags>
  </ThingDef>
  
  <ThingDef ParentName="ImplantBase">
    <defName>Painstopper</defName>
    <label>painstopper</label>
    <description>This brain implant will make you not feel pain.</description>
    <graphicData>
      <texPath>Things/Item/Implant/Implant</texPath>
      <graphicClass>Graphic_Single</graphicClass>
    </graphicData>
    <statBases>
      <MarketValue>1800</MarketValue>
    </statBases>
    <techHediffsTags>
      <li>Advanced</li>
    </techHediffsTags>
  </ThingDef>
  
</ThingDefs>
