﻿<?xml version="1.0" encoding="utf-8" ?>
<ThingDefs>
  <ThingDef Name="BaseGun" Abstract="True">
    <category>Item</category>
    <thingClass>ThingWithComps</thingClass>
    <equipmentType>Primary</equipmentType>
    <pathCost>10</pathCost>
    <useHitPoints>True</useHitPoints>
    <selectable>True</selectable>
    <graphicData>
      <onGroundRandomRotateAngle>35</onGroundRandomRotateAngle>
    </graphicData>
    <drawGUIOverlay>true</drawGUIOverlay>
    <statBases>
      <MaxHitPoints>100</MaxHitPoints>
      <Flammability>1.0</Flammability>
      <DeteriorationRate>1</DeteriorationRate>
      <SellPriceFactor>0.5</SellPriceFactor>
    </statBases>
    <altitudeLayer>Item</altitudeLayer>
    <alwaysHaulable>True</alwaysHaulable>
    <tickerType>Never</tickerType>
    <techLevel>Midworld</techLevel>
    <!-- <thingCategories>
      <li>WeaponsRanged</li>
    </thingCategories> -->
    <inspectorTabs>
      <li>ITab_Art</li>
    </inspectorTabs>
    <comps>
      <li>
        <compClass>CompForbiddable</compClass>
      </li>
      <li>
        <compClass>CompEquippable</compClass>
      </li>
      <li>
        <compClass>CompQuality</compClass>
      </li>
      <li>
        <compClass>CompArt</compClass>
        <nameMaker>NamerGun</nameMaker>
        <descriptionMaker>ArtWeaponGun</descriptionMaker>
        <minQualityForArtistic>Excellent</minQualityForArtistic>
      </li>
    </comps>
    <smeltProducts>
      <Steel>20</Steel>
    </smeltProducts>
  </ThingDef>
  <ThingDef Name="BaseHumanGun" ParentName="BaseGun" Abstract="True">
    <weaponTags>
      <li>Gun</li>
    </weaponTags>
  </ThingDef>
  <ThingDef Name="BaseBullet" Abstract="True">
    <category>Projectile</category>
    <tickerType>Normal</tickerType>
    <altitudeLayer>Projectile</altitudeLayer>
    <thingClass>Bullet</thingClass>
    <label>bullet</label>
    <useHitPoints>False</useHitPoints>
    <neverMultiSelect>True</neverMultiSelect>
    <graphicData>
      <shaderType>Transparent</shaderType>
    </graphicData>
  </ThingDef>



  <!-- ======================= Heavy weapons ======================= -->

  <ThingDef ParentName="BaseBullet">
    <defName>Bullet_Minigun</defName>
    <label>minigun bullet</label>
    <graphicData>
      <texPath>Things/Projectile/Bullet_Small</texPath>
      <graphicClass>Graphic_Single</graphicClass>
    </graphicData>
    <projectile>
      <damageDef>Bullet</damageDef>
      <damageAmountBase>8</damageAmountBase>
      <speed>70</speed>
    </projectile>
  </ThingDef>
  <ThingDef ParentName="BaseHumanGun">
    <defName>Gun_Minigun</defName>
    <label>minigun</label>
    <description>A multi-barrel machine gun with an extremely high rate of fire. Mechanoid-built.</description>
    <graphicData>
      <texPath>Things/Item/Equipment/WeaponRanged/Minigun</texPath>
      <graphicClass>Graphic_Single</graphicClass>
    </graphicData>
    <soundInteract>InteractRifle</soundInteract>
    <statBases>
      <MarketValue>2200</MarketValue>
      <AccuracyTouch>0.50</AccuracyTouch>
      <AccuracyShort>0.42</AccuracyShort>
      <AccuracyMedium>0.18</AccuracyMedium>
      <AccuracyLong>0.06</AccuracyLong>
      <RangedWeapon_Cooldown>0.66</RangedWeapon_Cooldown>
    </statBases>
    <techLevel>Spacer</techLevel>
    <weaponTags>
      <li>MechanoidGunHeavy</li>
      <li>GunHeavy</li>
    </weaponTags>
    <equippedStatOffsets>
      <MoveSpeed>-0.25</MoveSpeed>
    </equippedStatOffsets>
    <verbs>
      <li>
        <verbClass>Verb_Shoot</verbClass>
        <hasStandardCommand>true</hasStandardCommand>
        <projectileDef>Bullet_Minigun</projectileDef>
        <forcedMissRadius>2.4</forcedMissRadius>
        <warmupTicks>240</warmupTicks>
        <range>32</range>
        <burstShotCount>30</burstShotCount>
        <ticksBetweenBurstShots>4</ticksBetweenBurstShots>
        <soundCast>ShotMinigun</soundCast>
        <soundCastTail>GunTail_Medium</soundCastTail>
        <muzzleFlashScale>9</muzzleFlashScale>
      </li>
    </verbs>
	<thingCategories>
      <li>HeavyWeapons</li> <!--changed from base WeaponsRanged-->
    </thingCategories>
  </ThingDef>


  <ThingDef ParentName="BaseBullet">
    <defName>Bullet_DoomsdayRocket</defName>
    <label>doomsday rocket</label>
    <graphicData>
      <texPath>Things/Projectile/Rocket_Big</texPath>
      <graphicClass>Graphic_Single</graphicClass>
      <shaderType>TransparentPostLight</shaderType>
    </graphicData>
    <thingClass>Projectile_DoomsdayRocket</thingClass>
    <projectile>
      <damageDef>Bomb</damageDef>
      <damageAmountBase>40</damageAmountBase>
      <explosionRadius>7.8</explosionRadius>
      <speed>50</speed>
    </projectile>
  </ThingDef>
  <ThingDef ParentName="BaseGun">
    <defName>Gun_DoomsdayRocket</defName>
    <label>doomsday rocket launcher</label>
    <description>A single-use rocket launcher for quick retribution.</description>
    <graphicData>
      <texPath>Things/Item/Equipment/WeaponRanged/DoomsdayLauncher</texPath>
      <graphicClass>Graphic_Single</graphicClass>
    </graphicData>
    <statBases>
      <MarketValue>2000</MarketValue>
      <AccuracyTouch>1.0</AccuracyTouch>
      <AccuracyShort>1.0</AccuracyShort>
      <AccuracyMedium>1.0</AccuracyMedium>
      <AccuracyLong>1.0</AccuracyLong>
      <RangedWeapon_Cooldown>4.5</RangedWeapon_Cooldown>
    </statBases>
    <techLevel>Spacer</techLevel>
    <destroyOnDrop>false</destroyOnDrop>
    <weaponTags>
      <li>Gun</li>
      <li>GunHeavy</li>
    </weaponTags>
    <tradeTags>
      <li>Exotic</li>
    </tradeTags>
    <verbs>
      <li>
        <verbClass>Verb_ShootOneUse</verbClass>
        <hasStandardCommand>true</hasStandardCommand>
        <projectileDef>Bullet_DoomsdayRocket</projectileDef>
        <forcedMissRadius>0.0</forcedMissRadius>
        <warmupTicks>270</warmupTicks>
        <range>40</range>
        <burstShotCount>1</burstShotCount>
        <soundCast>InfernoCannon_Fire</soundCast>
        <soundCastTail>GunTail_Heavy</soundCastTail>
        <onlyManualCast>true</onlyManualCast>
        <targetParams>
          <canTargetLocations>true</canTargetLocations>
        </targetParams>
        <muzzleFlashScale>14</muzzleFlashScale>
      </li>
    </verbs>
	<thingCategories>
      <li>HeavyWeapons</li> <!--changed from base WeaponsRanged-->
    </thingCategories>
  </ThingDef>


  <ThingDef ParentName="BaseBullet">
    <defName>Bullet_Rocket</defName>
    <label>rocket</label>
    <graphicData>
      <texPath>Things/Projectile/Rocket_Big</texPath>
      <graphicClass>Graphic_Single</graphicClass>
      <shaderType>TransparentPostLight</shaderType>
    </graphicData>
    <thingClass>Projectile_Explosive</thingClass>
    <projectile>
      <damageDef>Bomb</damageDef>
      <damageAmountBase>40</damageAmountBase>
      <explosionRadius>3.0</explosionRadius>
      <speed>50</speed>
    </projectile>
  </ThingDef>
  <ThingDef ParentName="BaseGun">
    <defName>Gun_TripleRocket</defName>
    <label>triple rocket launcher</label>
    <description>A single-use rocket launcher that fires 3 projectiles in quick succession.</description>
    <graphicData>
      <texPath>Things/Item/Equipment/WeaponRanged/RocketLauncher</texPath>
      <graphicClass>Graphic_Single</graphicClass>
    </graphicData>
    <statBases>
      <MarketValue>1000</MarketValue>
      <AccuracyTouch>0.6</AccuracyTouch>
      <AccuracyShort>0.8</AccuracyShort>
      <AccuracyMedium>0.92</AccuracyMedium>
      <AccuracyLong>0.88</AccuracyLong>
      <RangedWeapon_Cooldown>4.5</RangedWeapon_Cooldown>
    </statBases>
    <techLevel>Spacer</techLevel>
    <destroyOnDrop>false</destroyOnDrop>
    <weaponTags>
      <li>Gun</li>
      <li>GunHeavy</li>
    </weaponTags>
    <tradeTags>
      <li>Exotic</li>
    </tradeTags>
    <verbs>
      <li>
        <verbClass>Verb_ShootOneUse</verbClass>
        <hasStandardCommand>true</hasStandardCommand>
        <projectileDef>Bullet_Rocket</projectileDef>
        <forcedMissRadius>2.0</forcedMissRadius>
        <warmupTicks>300</warmupTicks>
        <range>40</range>
        <ticksBetweenBurstShots>20</ticksBetweenBurstShots>
        <burstShotCount>3</burstShotCount>
        <soundCast>InfernoCannon_Fire</soundCast>
        <soundCastTail>GunTail_Heavy</soundCastTail>
        <onlyManualCast>true</onlyManualCast>
        <stopBurstWithoutLos>false</stopBurstWithoutLos>
        <targetParams>
          <canTargetLocations>true</canTargetLocations>
        </targetParams>
        <muzzleFlashScale>14</muzzleFlashScale>
      </li>
    </verbs>
	<thingCategories>
      <li>HeavyWeapons</li> <!--changed from base WeaponsRanged-->
    </thingCategories>
  </ThingDef>



  <!-- ================= Mechanoid weapons ================= -->

  <ThingDef ParentName="BaseBullet">
    <defName>Bullet_ChargeBlasterHeavy</defName>
    <label>charge blaster shot</label>
    <graphicData>
      <texPath>Things/Projectile/Charge_Small</texPath>
      <graphicClass>Graphic_Single</graphicClass>
      <shaderType>TransparentPostLight</shaderType>
    </graphicData>
    <projectile>
      <damageDef>Bullet</damageDef>
      <damageAmountBase>15</damageAmountBase>
      <speed>90</speed>
    </projectile>
  </ThingDef>
  <ThingDef ParentName="BaseGun">
    <defName>Gun_ChargeBlasterHeavy</defName>
    <label>heavy charge blaster</label>
    <description>Charged-shot blaster for area suppressive fire. Mechanoid-built.</description>
    <graphicData>
      <texPath>Things/Item/Equipment/WeaponRanged/ChargeBlasterHeavy</texPath>
      <graphicClass>Graphic_Single</graphicClass>
    </graphicData>
    <statBases>
      <MarketValue>2400</MarketValue>
      <AccuracyTouch>0.60</AccuracyTouch>
      <AccuracyShort>0.77</AccuracyShort>
      <AccuracyMedium>0.59</AccuracyMedium>
      <AccuracyLong>0.42</AccuracyLong>
      <RangedWeapon_Cooldown>7</RangedWeapon_Cooldown>
    </statBases>
    <tradeability>Never</tradeability>
    <techLevel>Spacer</techLevel>
    <destroyOnDrop>True</destroyOnDrop>
    <menuHidden>True</menuHidden>
    <weaponTags>
      <li>MechanoidGunHeavy</li>
    </weaponTags>
    <verbs>
      <li>
        <verbClass>Verb_Shoot</verbClass>
        <hasStandardCommand>true</hasStandardCommand>
        <projectileDef>Bullet_ChargeBlasterHeavy</projectileDef>
        <forcedMissRadius>2.9</forcedMissRadius>
        <warmupTicks>100</warmupTicks>
        <range>27</range>
        <ticksBetweenBurstShots>5</ticksBetweenBurstShots>
        <burstShotCount>24</burstShotCount>
        <soundCast>ShotChargeBlaster</soundCast>
        <soundCastTail>GunTail_Heavy</soundCastTail>
        <muzzleFlashScale>9</muzzleFlashScale>
      </li>
    </verbs>
  </ThingDef>


  <ThingDef ParentName="BaseBullet">
    <defName>Bullet_InfernoCannon</defName>
    <label>inferno cannon shell</label>
    <graphicData>
      <texPath>Things/Projectile/InfernoCannonShot</texPath>
      <graphicClass>Graphic_Single</graphicClass>
      <shaderType>TransparentPostLight</shaderType>
    </graphicData>
    <thingClass>Projectile_Explosive</thingClass>
    <projectile>
      <damageDef>Flame</damageDef>
      <damageAmountBase>13</damageAmountBase>
      <speed>45</speed>
      <explosionRadius>2.4</explosionRadius >
      <postExplosionSpawnThingDef>Puddle_Fuel</postExplosionSpawnThingDef>
      <explosionSpawnChance>0.3</explosionSpawnChance>
    </projectile>
  </ThingDef>
  <ThingDef ParentName="BaseGun">
    <defName>Gun_InfernoCannon</defName>
    <label>inferno cannon</label>
    <description>Incendiary-shot mini-artillery device. Mechanoid-built.</description>
    <graphicData>
      <texPath>Things/Item/Equipment/WeaponRanged/InfernoCannon</texPath>
      <graphicClass>Graphic_Single</graphicClass>
    </graphicData>
    <statBases>
      <MarketValue>2400</MarketValue>
      <AccuracyTouch>0.79</AccuracyTouch>
      <AccuracyShort>0.42</AccuracyShort>
      <AccuracyMedium>0.18</AccuracyMedium>
      <AccuracyLong>0.06</AccuracyLong>
      <RangedWeapon_Cooldown>8</RangedWeapon_Cooldown>
    </statBases>
    <tradeability>Never</tradeability>
    <techLevel>Spacer</techLevel>
    <destroyOnDrop>True</destroyOnDrop>
    <menuHidden>True</menuHidden>
    <weaponTags>
      <li>MechanoidGunHeavy</li>
    </weaponTags>
    <verbs>
      <li>
        <verbClass>Verb_Shoot</verbClass>
        <hasStandardCommand>true</hasStandardCommand>
        <projectileDef>Bullet_InfernoCannon</projectileDef>
        <forcedMissRadius>3.5</forcedMissRadius>
        <ai_IsIncendiary>true</ai_IsIncendiary>
        <warmupTicks>100</warmupTicks>
        <range>27</range>
        <burstShotCount>1</burstShotCount>
        <soundCast>InfernoCannon_Fire</soundCast>
        <soundCastTail>GunTail_Light</soundCastTail>
        <muzzleFlashScale>14</muzzleFlashScale>
      </li>
    </verbs>
  </ThingDef>


  <ThingDef ParentName="BaseBullet">
    <defName>Bullet_ChargeLance</defName>
    <label>charge lance shot</label>
    <graphicData>
      <texPath>Things/Projectile/ChargeLanceShot</texPath>
      <graphicClass>Graphic_Single</graphicClass>
      <shaderType>TransparentPostLight</shaderType>
      <drawSize>(3,3)</drawSize>
    </graphicData>
    <projectile>
      <damageDef>Bullet</damageDef>
      <damageAmountBase>27</damageAmountBase>
      <speed>120</speed>
    </projectile>
  </ThingDef>
  <ThingDef ParentName="BaseGun">
    <defName>Gun_ChargeLance</defName>
    <label>charge lance</label>
    <description>Charged-shot rail-assisted lance weapon. Fires a single charged shot at high velocity.</description>
    <graphicData>
      <texPath>Things/Item/Equipment/WeaponRanged/ChargeLance</texPath>
      <graphicClass>Graphic_Single</graphicClass>
    </graphicData>
    <statBases>
      <MarketValue>2000</MarketValue>
      <AccuracyTouch>0.6</AccuracyTouch>
      <AccuracyShort>0.8</AccuracyShort>
      <AccuracyMedium>0.92</AccuracyMedium>
      <AccuracyLong>0.88</AccuracyLong>
      <RangedWeapon_Cooldown>2.8</RangedWeapon_Cooldown>
    </statBases>
    <tradeability>Never</tradeability>
    <techLevel>Spacer</techLevel>
    <destroyOnDrop>True</destroyOnDrop>
    <menuHidden>True</menuHidden>
    <weaponTags>
      <li>MechanoidGunMedium</li>
    </weaponTags>
    <verbs>
      <li>
        <verbClass>Verb_Shoot</verbClass>
        <hasStandardCommand>true</hasStandardCommand>
        <projectileDef>Bullet_ChargeLance</projectileDef>
        <warmupTicks>120</warmupTicks>
        <range>37</range>
        <burstShotCount>1</burstShotCount>
        <soundCast>ChargeLance_Fire</soundCast>
        <soundCastTail>GunTail_Heavy</soundCastTail>
        <muzzleFlashScale>9</muzzleFlashScale>
      </li>
    </verbs>
  </ThingDef>

</ThingDefs>