﻿<?xml version="1.0" encoding="utf-8" ?>
<ThingCategoryDefs>
  
<!--removed all categories to clean things up -->

<ThingCategoryDef>
 <defName>RSWeapons</defName>
 <label></label>
 <parent>Unused</parent>
</ThingCategoryDef>

	  <ThingCategoryDef>
	    <defName>ADWeapons</defName>
	    <label></label>
	    <parent>RSWeapons</parent>
	  </ThingCategoryDef>

	  <ThingCategoryDef>
	    <defName>JIWeapons</defName>
	    <label></label>
	    <parent>RSWeapons</parent>
	  </ThingCategoryDef>

	  <ThingCategoryDef>
	    <defName>YPWeapons</defName>
	    <label></label>
	    <parent>RSWeapons</parent>
	  </ThingCategoryDef>

	  <ThingCategoryDef>
	    <defName>GDWeapons</defName>
	    <label></label>
	    <parent>RSWeapons</parent>
	  </ThingCategoryDef>
 

	  <ThingCategoryDef>
	    <defName>TEWeapons</defName>
	    <label></label>
	    <parent>RSWeapons</parent>
	  </ThingCategoryDef>
 
<ThingCategoryDef>
 <defName>RSApparel</defName>
 <label></label>
 <parent>Unused</parent>
</ThingCategoryDef>

	  <ThingCategoryDef>
	    <defName>ADApparel</defName>
	    <label></label>
	    <parent>RSApparel</parent>
	  </ThingCategoryDef>

	  <ThingCategoryDef>
	    <defName>JIApparel</defName>
	    <label></label>
	    <parent>RSApparel</parent>
	  </ThingCategoryDef>

	  <ThingCategoryDef>
	    <defName>YPApparel</defName>
	    <label></label>
	    <parent>RSApparel</parent>
	  </ThingCategoryDef>
 
	  <ThingCategoryDef>
	    <defName>GDApparel</defName>
	    <label></label>
	    <parent>RSApparel</parent>
	  </ThingCategoryDef>


	  
  </ThingCategoryDefs>