﻿<?xml version="1.0" encoding="utf-8" ?>
<WorkGivers>


  <!-- ============= misc ============= -->

  <WorkGiverDef>
    <defName>DoBillsDeepMine</defName>
    <giverClass>WorkGiver_DoBill</giverClass>
    <workType>Mining</workType>
    <singleBillGiverDef>DeepMine</singleBillGiverDef>
    <verb>mine</verb>
    <gerund>mining</gerund>
    <requiredCapacities>
      <li>Manipulation</li>
    </requiredCapacities>
  </WorkGiverDef>

  <WorkGiverDef>
    <defName>DoBillsLathe</defName>
    <giverClass>WorkGiver_DoBill</giverClass>
    <workType>Crafting</workType>
    <singleBillGiverDef>Lathe</singleBillGiverDef>
    <verb>craft</verb>
    <gerund>crafting</gerund>
    <requiredCapacities>
      <li>Manipulation</li>
    </requiredCapacities>
  </WorkGiverDef>

  <WorkGiverDef>
    <defName>DoBillsEAF</defName>
    <giverClass>WorkGiver_DoBill</giverClass>
    <workType>Crafting</workType>
    <singleBillGiverDef>EAF</singleBillGiverDef>
    <verb>make</verb>
    <gerund>making</gerund>
    <requiredCapacities>
      <li>Manipulation</li>
    </requiredCapacities>
  </WorkGiverDef>

</WorkGivers>