﻿<?xml version="1.0" encoding="utf-8" ?>
<ThingDefs>



  <ThingDef Name="BuildingBase" Abstract="True">
    <category>Building</category>
    <soundImpactDefault>BulletImpactMetal</soundImpactDefault>
    <selectable>true</selectable>
    <drawerType>MapMeshAndRealTime</drawerType>
    <terrainAffordanceNeeded>Light</terrainAffordanceNeeded>
    <repairEffect>Repair</repairEffect>
    <leaveResourcesWhenKilled>true</leaveResourcesWhenKilled>
    <filthLeaving>BuildingRubble</filthLeaving>
  </ThingDef>

  <ThingDef Name="BuildingNaturalBase" Abstract="True">
    <category>Building</category>
    <selectable>true</selectable>
    <drawerType>MapMeshOnly</drawerType>
    <filthLeaving>RockRubble</filthLeaving>
  </ThingDef>


 
  <ThingDef ParentName="BuildingBase">
    <DefName>DeepMine</DefName>
    <label>deep mine</label>
    <ThingClass>Building_WorkTable</ThingClass>
    <Description>You can mining several kinds of resources from deep mine, it can only be built on a mining hole. (order a plasma drilling from skydriller, it will make a mining hole at drilling spot.)</Description>
<graphicData>
    <texPath>DeepMine</texPath>
    <graphicClass>Graphic_Single</graphicClass>
<drawSize>(5,5)</drawSize>
</graphicData>
    <constructEffect>ConstructMetal</constructEffect>
		<castEdgeShadows>true</castEdgeShadows>
		<fillPercent>0.4</fillPercent>
    <CostList>
      <Steelx>1200</Steelx>
      <Concrete>450</Concrete>
    </CostList>
    <AltitudeLayer>BuildingTall</AltitudeLayer>
    <UseHitPoints>True</UseHitPoints>
    <rotatable>True</rotatable>
    <statBases>
      <WorkToMake>8500</WorkToMake>
      <MaxHitPoints>800</MaxHitPoints>
      <Flammability>0</Flammability>
      <Beauty>-180</Beauty>
    </statBases>
    <Size>(5,5)</Size>
    <DesignationCategory>Production</DesignationCategory>
    <Passability>PassThroughOnly</Passability>
    <pathCost>70</pathCost>
    <hasInteractionCell>True</hasInteractionCell>
    <interactionCellOffset>(0,0,-3)</interactionCellOffset>
    <placeWorkers>
      <li>PlaceWorker_NotUnderRoof</li>
      <li>Industrialisation.PlaceWorker_OnMiningHole</li>
    </placeWorkers>
    <recipes>
      <li>MiningDeepSteel</li>
      <li>MiningDeepCopperOre</li>
      <li>MiningDeepAluminiumOre</li>
      <li>MiningDeepUraniumOre</li>
      <li>MiningDeepPlasteel</li>
      <li>MiningDeepSilverOre</li>
      <li>MiningDeepGoldOre</li>
      <li>MiningSandstone</li>
      <li>MiningGranite</li>
      <li>MiningLimestone</li>
      <li>MiningSlate</li>
      <li>MiningMarble</li>
    </recipes>
    <inspectorTabs>
      <li>ITab_Bills</li>
    </inspectorTabs>
    <comps>
      <li>
        <compClass>CompPowerTrader</compClass>
        <startElectricalFires>false</startElectricalFires>
        <basePowerConsumption>2400</basePowerConsumption>
        <soundPowerOn>PowerOnSmall</soundPowerOn>
        <soundPowerOff>PowerOffSmall</soundPowerOff>
      </li>
    </comps>
    <building>
      <spawnedConceptLearnOpportunity>BillsTab</spawnedConceptLearnOpportunity>
    </building>
	<researchPrerequisite>ElectricSmelting</researchPrerequisite><!--added prerequisite-->
  </ThingDef>

  

</ThingDefs>