﻿<?xml version="1.0" encoding="utf-8" ?>
<ThingDefs>

  <ThingDef Name="BaseGun" Abstract="True">
    <category>Item</category>
    <thingClass>ThingWithComps</thingClass>
    <equipmentType>Primary</equipmentType>
    <pathCost>10</pathCost>
    <useHitPoints>True</useHitPoints>
    <selectable>True</selectable>
    <graphicData>
      <onGroundRandomRotateAngle>35</onGroundRandomRotateAngle>
    </graphicData>
    <drawGUIOverlay>true</drawGUIOverlay>
    <statBases>
      <MaxHitPoints>100</MaxHitPoints>
      <Flammability>1.0</Flammability>
      <DeteriorationRate>1</DeteriorationRate>
      <SellPriceFactor>1</SellPriceFactor>
    </statBases>
    <altitudeLayer>Item</altitudeLayer>
    <alwaysHaulable>True</alwaysHaulable>
    <tickerType>Never</tickerType>
    <techLevel>Midworld</techLevel>
    <thingCategories>
      <li>HeavyWeapons</li> <!--changed from WeaponsRanged-->
    </thingCategories>
    <inspectorTabs>
      <li>ITab_Art</li>
    </inspectorTabs>
    <comps>
      <li>
        <compClass>CompForbiddable</compClass>
      </li>
      <li>
        <compClass>CompEquippable</compClass>
      </li>
    </comps>
    <smeltProducts>
      <Steel>20</Steel>
    </smeltProducts>
  </ThingDef>

  <ThingDef Name="BaseHumanGun" ParentName="BaseGun" Abstract="True">
    <weaponTags>
      <li>Gun</li>
    </weaponTags>
  </ThingDef>

  <ThingDef Name="BaseBullet" Abstract="True">
    <category>Projectile</category>
    <tickerType>Normal</tickerType>
    <altitudeLayer>Projectile</altitudeLayer>
    <thingClass>Bullet</thingClass>
    <label>bullet</label>
    <useHitPoints>False</useHitPoints>
    <neverMultiSelect>True</neverMultiSelect>
           <graphicData>
      <shaderType>Transparent</shaderType>
    </graphicData>
  </ThingDef>


<ThingDef Name="PlasmaDrillBullet" Abstract="True">
		<category>Projectile</category>
		<tickerType>Normal</tickerType>
		<altitudeLayer>Projectile</altitudeLayer>
		<thingClass>Industrialisation.Projectile_PlasmaDrillBullet</thingClass>
				<useHitPoints>False</useHitPoints>
		<neverMultiSelect>True</neverMultiSelect>
		        <graphicData>
      <shaderType>Transparent</shaderType>
    </graphicData>
	</ThingDef>

<!-- ============================================== -->


	<ThingDef ParentName="PlasmaDrillBullet">
		
                               <defName>Bullet_PlasmaDrill</defName>
		
                               <label>plasma drill bullet</label>

<graphicData>	     
                                <texPath>Inv</texPath>
    <graphicClass>Graphic_Single</graphicClass>	
</graphicData>
                                <projectile>
			
                                <flyOverhead>true</flyOverhead>
      
                                <damageDef>Stun</damageDef>
			
                                <DamageAmountBase>0</DamageAmountBase>
			
                                <Speed>1000</Speed>

                                <soundHitThickRoof>ArtilleryHitThickRoof</soundHitThickRoof>		
                                </projectile>
	
                </ThingDef>





	<ThingDef ParentName="BaseGun">
		<defName>SkyDriller</defName>
		<label>skydriller</label>
		<description>Skydriller is a low orbit plasma driller, use this device to order a plasma drilling at target location, it will creat a mining hole. NOTE: sky driller can't drill through mountain.</description>
<graphicData>
		<texPath>SD</texPath>
                                <graphicClass>Graphic_Single</graphicClass>
</graphicData>
		<soundInteract>InteractPistol</soundInteract>
    <canBeSpawningInventory>false</canBeSpawningInventory>
    <statBases>
      <MarketValue>3000</MarketValue>
    </statBases>
    <weaponTags>
      <li>Gun</li>
      <li>GunHeavy</li>
    </weaponTags>
    <tradeTags>
      <li>Exotic</li>
    </tradeTags>
		<verbs>
		   <li>
			<verbClass>Verb_ShootOneUse</verbClass>
        		<hasStandardCommand>true</hasStandardCommand>
			<projectileDef>Bullet_PlasmaDrill</projectileDef>
			<warmupTicks>240</warmupTicks>
                                                <range>9999</range>
        <forcedMissRadius>2</forcedMissRadius>
        <accuracyTouch>1.0</accuracyTouch>
        <accuracyShort>1.0</accuracyShort>
        <accuracyMedium>1.0</accuracyMedium>
        <accuracyLong>1.0</accuracyLong>
        <burstShotCount>1</burstShotCount>
        <onlyManualCast>true</onlyManualCast>
        <targetParams>
          <canTargetLocations>true</canTargetLocations>
        </targetParams>
		   </li>
		</verbs>
	</ThingDef>

</ThingDefs>