﻿<?xml version="1.0" encoding="utf-8" ?>
<Resources>


  <!-- =========== bases =========== -->

  <ThingDef Name="ResourceBase" Abstract="True">
    <thingClass>ThingWithComps</thingClass>
    <label>unspecified resource</label>
    <category>Item</category>
    <resourceReadoutPriority>Middle</resourceReadoutPriority>
    <useHitPoints>true</useHitPoints>
    <selectable>true</selectable>
    <altitudeLayer>Item</altitudeLayer>
    <stackLimit>75</stackLimit>
    <comps>
      <li>
        <compClass>CompForbiddable</compClass>
      </li>
    </comps>
    <alwaysHaulable>true</alwaysHaulable>
    <drawGUIOverlay>true</drawGUIOverlay>
    <rotatable>false</rotatable>
    <pathCost>15</pathCost>
  </ThingDef>

  <ThingDef Name="ResourceVerbBase" ParentName="ResourceBase" Abstract="True">
    <equipmentType>Primary</equipmentType>
    <techLevel>Neolithic</techLevel>
    <comps>
      <li>
        <compClass>CompEquippable</compClass>
      </li>
    </comps>
  </ThingDef>

<!--=============== TC ====================-->

 

<ThingDef ParentName="ResourceBase">
    
<defName>SmartMine</defName>
    
<label>smart mine</label>
    
<description>A smart anti-personnel mine, launch itself to the enemy within a small radius and explode.</description>
    
<graphicData>
<texPath>Things/Item/Resource/SmartMine</texPath>
  
<graphicClass>Graphic_Single</graphicClass>  
</graphicData>
<soundInteract>Standard_Drop</soundInteract>
    
<soundDrop>Standard_Drop</soundDrop>

<tickerType>Normal</tickerType>
<stackLimit>5</stackLimit>
<statBases>

    <MarketValue>150</MarketValue>
    
    <MaxHitPoints>100</MaxHitPoints>
    <Flammability>0</Flammability>
    <DeteriorationRate>0</DeteriorationRate>
    
</statBases>
    
<thingCategories>
 
    <li>Ammunition</li><!-- changed from Manufactured -->
    
</thingCategories> 
    <tradeTags>
      <li>Exotic</li>
    </tradeTags>
 <comps>
      <li>
        <compClass>CompExplosive</compClass>
        <explosiveRadius>2.9</explosiveRadius>
        <explosiveDamageType>Bomb</explosiveDamageType>
        <explosiveExpandPerStackcount>0.4</explosiveExpandPerStackcount>
        <startWickHitPointsPercent>0.333</startWickHitPointsPercent>
        <wickTicks>
          <min>10</min>
          <max>30</max>
        </wickTicks>
      </li>
</comps>
</ThingDef>



<ThingDef ParentName="ResourceBase">
    
<defName>M2_Crate</defName>
    
<label>M2 heavy machine gun</label>
    
<description>use this to build M2 machine gun turret.</description>
    
<graphicData>
<texPath>Things/Item/Resource/WeaponCrate</texPath>
  
<graphicClass>Graphic_Single</graphicClass>  
</graphicData>
<soundInteract>Standard_Drop</soundInteract>
    
<soundDrop>Standard_Drop</soundDrop>

<tickerType>Normal</tickerType>
<stackLimit>1</stackLimit>
<statBases>

    <MarketValue>1100</MarketValue>
    
    <MaxHitPoints>300</MaxHitPoints>
    <Flammability>0</Flammability>
    <DeteriorationRate>0</DeteriorationRate>
    
</statBases>
    
<thingCategories>
 
    <li>BaseDefense</li><!-- changed from Manufactured -->
    
</thingCategories> 
    <tradeTags>
      <li>Exotic</li>
    </tradeTags>
</ThingDef>


<ThingDef ParentName="ResourceBase">
    
<defName>M134_Crate</defName>
    
<label>M134 minigun</label>
    
<description>use this to build M134 minigun turret.</description>
    
<graphicData>
<texPath>Things/Item/Resource/WeaponCrate</texPath>
  
<graphicClass>Graphic_Single</graphicClass>  
</graphicData>
<soundInteract>Standard_Drop</soundInteract>
    
<soundDrop>Standard_Drop</soundDrop>

<tickerType>Normal</tickerType>
<stackLimit>1</stackLimit>
<statBases>

    <MarketValue>1600</MarketValue>
    
    <MaxHitPoints>300</MaxHitPoints>
    <Flammability>0</Flammability>
    <DeteriorationRate>0</DeteriorationRate>
    
</statBases>
    
<thingCategories>
 
    <li>BaseDefense</li><!-- changed from Manufactured -->
    
</thingCategories> 
    <tradeTags>
      <li>Exotic</li>
    </tradeTags>
</ThingDef>



<ThingDef ParentName="ResourceBase">
    
<defName>StunGun_Crate</defName>
    
<label>turret stun gun</label>
    
<description>use this to build stun gun turret.</description>
    
<graphicData>
<texPath>Things/Item/Resource/WeaponCrate</texPath>
  
<graphicClass>Graphic_Single</graphicClass>  
</graphicData>
<soundInteract>Standard_Drop</soundInteract>
    
<soundDrop>Standard_Drop</soundDrop>

<tickerType>Normal</tickerType>
<stackLimit>1</stackLimit>
<statBases>

    <MarketValue>400</MarketValue>
    
    <MaxHitPoints>300</MaxHitPoints>
    <Flammability>0</Flammability>
    <DeteriorationRate>0</DeteriorationRate>
    
</statBases>
    
<thingCategories>
 
    <li>BaseDefense</li><!-- changed from Manufactured -->
    
</thingCategories> 
    <tradeTags>
      <li>Exotic</li>
    </tradeTags>
</ThingDef>



<ThingDef ParentName="ResourceBase">
    
<defName>AMTurret_Crate</defName>
    
<label>.50 Cal anti-materiel gun</label>
    
<description>use this to build anti-materiel turret.</description>
    
<graphicData>
<texPath>Things/Item/Resource/WeaponCrate</texPath>
  
<graphicClass>Graphic_Single</graphicClass>  
</graphicData>
<soundInteract>Standard_Drop</soundInteract>
    
<soundDrop>Standard_Drop</soundDrop>

<tickerType>Normal</tickerType>
<stackLimit>1</stackLimit>
<statBases>

    <MarketValue>2100</MarketValue>
    
    <MaxHitPoints>300</MaxHitPoints>
    <Flammability>0</Flammability>
    <DeteriorationRate>0</DeteriorationRate>
    
</statBases>
    
<thingCategories>
 
    <li>BaseDefense</li><!-- changed from Manufactured -->
    
</thingCategories> 
    <tradeTags>
      <li>Exotic</li>
    </tradeTags>
</ThingDef>



<ThingDef ParentName="ResourceBase">
    
<defName>CannonTurret_Crate</defName>
    
<label>120mm tank gun</label>
    
<description>use this to build cannon turret.</description>
    
<graphicData>
<texPath>Things/Item/Resource/WeaponCrate</texPath>
  
<graphicClass>Graphic_Single</graphicClass>  
</graphicData>
<soundInteract>Standard_Drop</soundInteract>
    
<soundDrop>Standard_Drop</soundDrop>

<tickerType>Normal</tickerType>
<stackLimit>1</stackLimit>
<statBases>

    <MarketValue>4500</MarketValue>
    
    <MaxHitPoints>300</MaxHitPoints>
    <Flammability>0</Flammability>
    <DeteriorationRate>0</DeteriorationRate>
    
</statBases>
    
<thingCategories>
 
    <li>BaseDefense</li><!-- changed from Manufactured -->
    
</thingCategories> 
    <tradeTags>
      <li>Exotic</li>
    </tradeTags>
</ThingDef>



<ThingDef ParentName="ResourceBase">
    
<defName>HowitzerTurret_Crate</defName>
    
<label>155mm howitzer gun</label>
    
<description>use this to build howitzer turret.</description>
    
<graphicData>
<texPath>Things/Item/Resource/WeaponCrate</texPath>
  
<graphicClass>Graphic_Single</graphicClass>  
</graphicData>
<soundInteract>Standard_Drop</soundInteract>
    
<soundDrop>Standard_Drop</soundDrop>

<tickerType>Normal</tickerType>
<stackLimit>1</stackLimit>
<statBases>

    <MarketValue>4500</MarketValue>
    
    <MaxHitPoints>300</MaxHitPoints>
    <Flammability>0</Flammability>
    <DeteriorationRate>0</DeteriorationRate>
    
</statBases>
    
<thingCategories>
 
    <li>BaseDefense</li><!-- changed from Manufactured -->
    
</thingCategories> 
    <tradeTags>
      <li>Exotic</li>
    </tradeTags>
</ThingDef>



<ThingDef ParentName="ResourceBase">
    
<defName>LaserTurret_Crate</defName>
    
<label>turret laser gun</label>
    
<description>use this to build laser turret.</description>
    
<graphicData>
<texPath>Things/Item/Resource/WeaponCrate</texPath>
  
<graphicClass>Graphic_Single</graphicClass>  
</graphicData>
<soundInteract>Standard_Drop</soundInteract>
    
<soundDrop>Standard_Drop</soundDrop>

<tickerType>Normal</tickerType>
<stackLimit>1</stackLimit>
<statBases>

    <MarketValue>4500</MarketValue>
    
    <MaxHitPoints>300</MaxHitPoints>
    <Flammability>0</Flammability>
    <DeteriorationRate>0</DeteriorationRate>
    
</statBases>
    
<thingCategories>
 
    <li>BaseDefense</li><!-- changed from Manufactured -->
    
</thingCategories> 
    <tradeTags>
      <li>Exotic</li>
    </tradeTags>
</ThingDef>



<ThingDef ParentName="ResourceBase">
    
<defName>CannonShell</defName>
    
<label>cannon shell</label>
    
<description>Fired from cannon turret.</description>
    
<graphicData>
<texPath>Things/Item/Resource/CannonShell</texPath>
  
<graphicClass>Graphic_Single</graphicClass>  
</graphicData>
<soundInteract>Metal_Drop</soundInteract>
    
<soundDrop>Standard_Drop</soundDrop>

<tickerType>Normal</tickerType>
<stackLimit>25</stackLimit>
<statBases>

    <MarketValue>14</MarketValue>
    
    <MaxHitPoints>70</MaxHitPoints>
    <Flammability>1.0</Flammability>
    <DeteriorationRate>1</DeteriorationRate>
    
</statBases>
    
<thingCategories>
 
    <li>Ammunition</li><!-- changed from Manufactured -->
    
</thingCategories> 
 <comps>
      <li>
        <compClass>CompExplosive</compClass>
        <explosiveRadius>2.9</explosiveRadius>
        <explosiveDamageType>Bomb</explosiveDamageType>
        <explosiveExpandPerStackcount>0.4</explosiveExpandPerStackcount>
        <startWickHitPointsPercent>0.333</startWickHitPointsPercent>
        <wickTicks>
          <min>10</min>
          <max>30</max>
        </wickTicks>
      </li>
</comps>
</ThingDef>



<ThingDef ParentName="ResourceBase">
    
<defName>Rockets</defName>
    
<label>rockets</label>
    
<description>6 Rocktes fired from rocket launcher.</description>
    
<graphicData>
<texPath>Things/Item/Resource/Rocket</texPath>
  
<graphicClass>Graphic_Single</graphicClass>  
</graphicData>
<soundInteract>Metal_Drop</soundInteract>
    
<soundDrop>Standard_Drop</soundDrop>

<tickerType>Normal</tickerType>
<stackLimit>2</stackLimit>
<statBases>

    <MarketValue>160</MarketValue>
    
    <MaxHitPoints>140</MaxHitPoints>
    <Flammability>1.0</Flammability>
    <DeteriorationRate>1</DeteriorationRate>
    
</statBases>
    
<thingCategories>
 
    <li>Ammunition</li><!-- changed from Manufactured -->
    
</thingCategories> 
 <comps>
      <li>
        <compClass>CompExplosive</compClass>
        <explosiveRadius>3.9</explosiveRadius>
        <explosiveDamageType>Bomb</explosiveDamageType>
        <explosiveExpandPerStackcount>0.4</explosiveExpandPerStackcount>
        <startWickHitPointsPercent>0.333</startWickHitPointsPercent>
        <wickTicks>
          <min>10</min>
          <max>30</max>
        </wickTicks>
      </li>
</comps>
</ThingDef>




</Resources>