﻿<?xml version="1.0" encoding="utf-8" ?>
<ThingDefs>

	<ThingDef Name="BuildingBase" Abstract="True">
		<category>Building</category>
		<soundImpactDefault>BulletImpactMetal</soundImpactDefault>
		<selectable>true</selectable>
		<drawerType>MapMeshAndRealTime</drawerType>
		<terrainAffordanceNeeded>Light</terrainAffordanceNeeded>
		<repairEffect>Repair</repairEffect>
		<leaveResourcesWhenKilled>true</leaveResourcesWhenKilled>
		<filthLeaving>BuildingRubble</filthLeaving>
	</ThingDef>



	<!-- ========================= Work tables ==========================-->




	<ThingDef ParentName="BuildingBase">
		<DefName>AmmoCraftingTable</DefName>
		<label>ammo crafting table</label>
		<ThingClass>Building_WorkTable</ThingClass>
		<Description>A ammo crafting table where you can make shells, rockets etc.</Description>
		<graphicData>
			<texPath>Things/Building/AmmoCraftingTable</texPath>
			<graphicClass>Graphic_Single</graphicClass>
			<drawSize>(3,1)</drawSize>
		</graphicData>
		<CostList>
			<Steel>250</Steel>
		</CostList>
		<AltitudeLayer>Waist</AltitudeLayer>
		<fillPercent>0.5</fillPercent>
		<useHitPoints>True</useHitPoints>
		<statBases>
			<WorkToMake>3000</WorkToMake>
			<MaxHitPoints>180</MaxHitPoints>
			<Flammability>1.0</Flammability>
		</statBases>
		<Size>(3,1)</Size>
		<DesignationCategory>ArmsProduction</DesignationCategory><!--changed from production-->
		<Passability>PassThroughOnly</Passability>
		<pathCost>70</pathCost>
		<hasInteractionCell>True</hasInteractionCell>
		<interactionCellOffset>(0,0,-1)</interactionCellOffset>
		<recipes>
			<li>MakeCannonShell</li>
			<li>MakeArtilleryShell</li>
			<li>MakeRockets</li>
		</recipes>
		<inspectorTabs>
			<li>ITab_Bills</li>
		</inspectorTabs>
		<comps>
			<li>
				<compClass>CompPowerTrader</compClass>
				<startElectricalFires>true</startElectricalFires>
				<basePowerConsumption>350</basePowerConsumption>
				<soundPowerOn>PowerOnSmall</soundPowerOn>
				<soundPowerOff>PowerOffSmall</soundPowerOff>
			</li>
			<li>
				<compClass>CompGlower</compClass>
				<glowRadius>5</glowRadius>
				<glowColor>(240,240,230,0)</glowColor>
			</li>
		</comps>
		<building>
			<spawnedConceptLearnOpportunity>BillsTab</spawnedConceptLearnOpportunity>
		</building>
		<constructEffect>ConstructMetal</constructEffect>
		<researchPrerequisite>SpecializedMannedTurrets</researchPrerequisite>
	</ThingDef><!--added prerequisite-->

</ThingDefs>