﻿<?xml version="1.0" encoding="utf-8" ?>
<ThingDefs>

	<ThingDef Name="BuildingBase" Abstract="True">
		<category>Building</category>
		<soundImpactDefault>BulletImpactMetal</soundImpactDefault>
		<selectable>true</selectable>
		<drawerType>MapMeshAndRealTime</drawerType>
		<terrainAffordanceNeeded>Light</terrainAffordanceNeeded>
		<repairEffect>Repair</repairEffect>
		<leaveResourcesWhenKilled>true</leaveResourcesWhenKilled>
		<filthLeaving>BuildingRubble</filthLeaving>
	</ThingDef>

	<ThingDef ParentName="BuildingBase">
		<defName>SpotlightTower</defName>
		<label>Spotlight Tower</label>
		<thingClass>Building_TurretGun</thingClass>
		<graphicData>
			<texPath>Things/Building/Security/SpotlightBase</texPath>
			<graphicClass>Graphic_Single</graphicClass>
			<drawSize>(2,2)</drawSize>
		</graphicData>
		<altitudeLayer>Waist</altitudeLayer>
		<statBases>
			<MaxHitPoints>150</MaxHitPoints>
			<Flammability>0.5</Flammability>
			<WorkToMake>1600</WorkToMake>
			<Beauty>-60</Beauty>
		</statBases>
		<tickerType>Normal</tickerType>
		<comps>
			<li><compClass>CompForbiddable</compClass></li>
			<li>
				<compClass>CompPowerTrader</compClass>
				<basePowerConsumption>600</basePowerConsumption>
			</li>
		</comps>
		<placeWorkers>
			<li>PlaceWorker_NotUnderRoof</li>
		</placeWorkers>
		<description>A spotlight tower, support home defence in darkness. (removes accuracy-penalty from darkness)</description>
		<size>(2,2)</size>
		<passability>PassThroughOnly</passability>
		<pathCost>50</pathCost>
		<castEdgeShadows>true</castEdgeShadows>
		<fillPercent>0.4</fillPercent>
		<costList>
			<Steel>150</Steel>
		</costList>
		<combatTargetBuilding>true</combatTargetBuilding>
		<leaveResourcesWhenKilled>true</leaveResourcesWhenKilled>
		<terrainAffordanceNeeded>Light</terrainAffordanceNeeded>
		<designationCategory>Security</designationCategory>
		<specialDisplayRadius>50</specialDisplayRadius>
		<building>
			<turretGunDef>Gun_SpotlightTower</turretGunDef>
			<turretburstCooldownTicks>1980</turretburstCooldownTicks>
			<turretTopgraphicPath>Things/Building/Security/SpotlightTowerGun_Top</turretTopgraphicPath>
		</building>
		<researchPrerequisite>ElectricSmelting</researchPrerequisite>
	</ThingDef><!--added prerequisite-->




</ThingDefs>