<?xml version="1.0" encoding="UTF-8"?>
<Buildings>

    <ThingDef Abstract="True" Name="BuildingBase">
        <category>Building</category>
        <soundImpactDefault>BulletImpactMetal</soundImpactDefault>
        <selectable>true</selectable>
        <drawerType>MapMeshAndRealTime</drawerType>
        <terrainAffordanceNeeded>Light</terrainAffordanceNeeded>
        <repairEffect>Repair</repairEffect>
        <leaveResourcesWhenKilled>false</leaveResourcesWhenKilled>
        <designationCategory>CarpetedFloors</designationCategory><!--changed from Misc-->
        <constructEffect>ConstructDirt</constructEffect>
    </ThingDef>

    <ThingDef Abstract="True" Name="MatBase" ParentName="BuildingBase">
        <thingClass>DoorMat.Building_DoorMat</thingClass>
        <description>A door mat to clean your feet.</description>
        <category>Building</category>
        <graphicData>
            <texPath>Things/Building/DoorMat</texPath>
            <graphicClass>Graphic_Single</graphicClass>
        </graphicData>
        <statBases>
            <Flammability>1.0</Flammability>
            <MaxHitPoints>50</MaxHitPoints>
            <WorkToMake>120</WorkToMake>
            <Cleanliness>3</Cleanliness>
            <Beauty>5</Beauty>
        </statBases>
        <building>
            <isEdifice>false</isEdifice>
        </building>
        <costList>
            <Cloth>6</Cloth>
        </costList>
        <altitudeLayer>FloorEmplacement</altitudeLayer>
        <passability>Standable</passability>
        <rotatable>true</rotatable>
        <tickerType>Normal</tickerType>
        <researchPrerequisite>CarpetMaking</researchPrerequisite>
    </ThingDef>

    <ThingDef ParentName="MatBase">
        <defName>DM_DoorMatRed</defName>
        <label>door mat (red)</label>
        <graphicData>
            <color>(118,49,57)</color>
        </graphicData>
    </ThingDef>

    <ThingDef ParentName="MatBase">
        <defName>DM_DoorMatGreen</defName>
        <label>door mat (green)</label>
        <graphicData>
            <color>(89,105,62)</color>
        </graphicData>
    </ThingDef>

    <ThingDef ParentName="MatBase">
        <defName>DM_DoorMatBlue</defName>
        <label>door mat (blue)</label>
        <graphicData>
            <color>(24,65,121)</color>
        </graphicData>
    </ThingDef>


    <ThingDef Abstract="True" Name="MatBigBase" ParentName="MatBase">
        <graphicData>
            <texPath>Things/Building/DoorMatBig</texPath>
            <graphicClass>Graphic_Single</graphicClass>
            <drawSize>(2,1)</drawSize>
        </graphicData>
        <statBases>
            <Flammability>1.0</Flammability>
            <MaxHitPoints>80</MaxHitPoints>
            <WorkToMake>240</WorkToMake>
            <Cleanliness>6</Cleanliness>
            <Beauty>10</Beauty>
        </statBases>
        <costList>
            <Cloth>12</Cloth>
        </costList>
        <size>(2,1)</size>
    </ThingDef>

    <ThingDef ParentName="MatBigBase">
        <defName>DM_DoorMatBigRed</defName>
        <label>large door mat (red)</label>
        <graphicData>
            <color>(118,49,57)</color>
        </graphicData>
    </ThingDef>

    <ThingDef ParentName="MatBigBase">
        <defName>DM_DoorMatBigGreen</defName>
        <label>large door mat (green)</label>
        <graphicData>
            <color>(89,105,62)</color>
        </graphicData>
    </ThingDef>

    <ThingDef ParentName="MatBigBase">
        <defName>DM_DoorMatBigBlue</defName>
        <label>large door mat (blue)</label>
        <graphicData>
            <color>(24,65,121)</color>
        </graphicData>
    </ThingDef>

</Buildings>
