<?xml version="1.0" encoding="utf-8" ?>
<RecipeDefs>

	
	<RecipeDef>
		<defName>MakePsychicFoilHelmet</defName>
		<label>make a Psychic Foil Helmet</label>
		<description>Make a Psychic Foil Helmet.</description>
		<jobString>Making a Psychic Foil Helmet.</jobString>
		<workSpeedStat>SmithingSpeed</workSpeedStat>
		<workAmount>800</workAmount>
		<effectWorking>Smith</effectWorking>
		<soundWorking>Recipe_Machining</soundWorking>
		<skillRequirements>
			<li>
				<skill>Crafting</skill>
				<minLevel>4</minLevel>
			</li>
		</skillRequirements>
		<ingredients>
			<li>
				<filter>
					<thingDefs>
						<li>Steel</li>
					</thingDefs>
				</filter>
				<count>10</count>
			</li>
		</ingredients>
		<fixedIngredientFilter>
			<thingDefs>
				<li>Steel</li>
			</thingDefs>
		</fixedIngredientFilter>
		<products>
			<Apparel_PsychicFoilHelmet>1</Apparel_PsychicFoilHelmet>
		</products>
		<workSkill>Crafting</workSkill>
	</RecipeDef>
	
	<RecipeDef>
		<defName>MakeMilitaryHelmet</defName>
		<label>make Military Helmet</label>
		<description>make a Military Helmet.</description>
		<jobString>Making a Military Helmet.</jobString>
		<workSpeedStat>SmithingSpeed</workSpeedStat>
		<effectWorking>Smith</effectWorking>
		<soundWorking>Recipe_Smith</soundWorking>
		<workAmount>5000</workAmount>
		<skillRequirements>
			<li>
				<skill>Crafting</skill>
				<minLevel>8</minLevel>
			</li>
		</skillRequirements>
		<ingredients>
			<li>
				<filter>
					<thingDefs>
						<li>Steel</li>
					</thingDefs>
				</filter>
				<count>30</count>
			</li>
			<li>
				<filter>
					<thingDefs>
						<li>Silver</li>
					</thingDefs>
				</filter>
				<count>10</count>
			</li>
		</ingredients>
		<fixedIngredientFilter>
			<thingDefs>
				<li>Steel</li>
				<li>Silver</li>
			</thingDefs>
		</fixedIngredientFilter>
		<products>
			<Apparel_MilitaryHelmet>1</Apparel_MilitaryHelmet>
		</products>
		<workSkill>Crafting</workSkill>
	</RecipeDef>
	
	<RecipeDef>
		<defName>MakeKevlarHelmet</defName>
		<label>make kevlar helmet</label>
		<description>make a kevlar helmet.</description>
		<jobString>Making a kevlar helmet.</jobString>
		<workSpeedStat>SmithingSpeed</workSpeedStat>
		<effectWorking>Smith</effectWorking>
		<soundWorking>Recipe_Smith</soundWorking>
		<workAmount>5000</workAmount>
		<skillRequirements>
			<li>
				<skill>Crafting</skill>
				<minLevel>8</minLevel>
			</li>
		</skillRequirements>
		<ingredients>
			<li>
				<filter>
					<thingDefs>
						<li>Steel</li>
					</thingDefs>
				</filter>
				<count>30</count>
			</li>
			<li>
				<filter>
					<thingDefs>
						<li>Silver</li>
					</thingDefs>
				</filter>
				<count>10</count>
			</li>
		</ingredients>
		<fixedIngredientFilter>
			<thingDefs>
				<li>Steel</li>
				<li>Silver</li>
			</thingDefs>
		</fixedIngredientFilter>
		<products>
			<Apparel_KevlarHelmet>1</Apparel_KevlarHelmet>
		</products>
		<workSkill>Crafting</workSkill>
	</RecipeDef>
	
	<RecipeDef>
		<defName>MakePowerArmorHelmet</defName>
		<label>make power armor helmet</label>
		<description>make a power armor helmet.</description>
		<jobString>Making a power armor helmet.</jobString>
		<workSpeedStat>SmithingSpeed</workSpeedStat>
		<effectWorking>Smith</effectWorking>
		<soundWorking>Recipe_Smith</soundWorking>
		<workAmount>14000</workAmount>
		<skillRequirements>
			<li>
				<skill>Crafting</skill>
				<minLevel>10</minLevel>
			</li>
		</skillRequirements>
		<ingredients>
			<li>
				<filter>
					<thingDefs>
						<li>Steel</li>
					</thingDefs>
				</filter>
				<count>50</count>
			</li>
			<li>
				<filter>
					<thingDefs>
						<li>Plasteel</li>
					</thingDefs>
				</filter>
				<count>50</count>
			</li>
			<li>
				<filter>
					<thingDefs>
						<li>Silver</li>
					</thingDefs>
				</filter>
				<count>45</count>
			</li>
		</ingredients>
		<fixedIngredientFilter>
			<thingDefs>
				<li>Steel</li>
				<li>Plasteel</li>
				<li>Silver</li>
			</thingDefs>
		</fixedIngredientFilter>
		<products>
			<Apparel_PowerArmorHelmet>1</Apparel_PowerArmorHelmet>
		</products>
		<workSkill>Crafting</workSkill>
	</RecipeDef>
	
	<RecipeDef>
		<defName>MakePersonalShield</defName>
		<label>make personal shield</label>
		<description>make a personal shield.</description>
		<jobString>Making a personal shield.</jobString>
		<workSpeedStat>SmithingSpeed</workSpeedStat>
		<effectWorking>Smith</effectWorking>
		<soundWorking>Recipe_Smith</soundWorking>
		<workAmount>10000</workAmount>
		<skillRequirements>
			<li>
				<skill>Crafting</skill>
				<minLevel>6</minLevel>
			</li>
		</skillRequirements>
		<ingredients>
			<li>
				<filter>
					<thingDefs>
						<li>Steel</li>
					</thingDefs>
				</filter>
				<count>50</count>
			</li>
			<li>
				<filter>
					<thingDefs>
						<li>Silver</li>
					</thingDefs>
				</filter>
				<count>25</count>
			</li>
		</ingredients>
		<fixedIngredientFilter>
			<thingDefs>
				<li>Steel</li>
				<li>Silver</li>
			</thingDefs>
		</fixedIngredientFilter>
		<products>
			<Apparel_PersonalShield>1</Apparel_PersonalShield>
		</products>
		<workSkill>Crafting</workSkill>
	</RecipeDef>
	
	<RecipeDef>
		<defName>MakeArmorVest</defName>
		<label>make armor vest</label>
		<description>make a armor vest.</description>
		<jobString>Making a armor vest.</jobString>
		<workSpeedStat>SmithingSpeed</workSpeedStat>
		<effectWorking>Smith</effectWorking>
		<soundWorking>Recipe_Smith</soundWorking>
		<workAmount>20000</workAmount>
		<skillRequirements>
			<li>
				<skill>Crafting</skill>
				<minLevel>6</minLevel>
			</li>
		</skillRequirements>
		<ingredients>
			<li>
				<filter>
					<thingDefs>
						<li>Steel</li>
					</thingDefs>
				</filter>
				<count>50</count>
			</li>
			<li>
				<filter>
					<thingDefs>
						<li>Plasteel</li>
					</thingDefs>
				</filter>
				<count>20</count>
			</li>
			<li>
				<filter>
					<thingDefs>
						<li>Silver</li>
					</thingDefs>
				</filter>
				<count>25</count>
			</li>
		</ingredients>
		<fixedIngredientFilter>
			<thingDefs>
				<li>Steel</li>
				<li>Plasteel</li>
				<li>Silver</li>
			</thingDefs>
		</fixedIngredientFilter>
		<products>
			<Apparel_VestPlate>1</Apparel_VestPlate>
		</products>
		<workSkill>Crafting</workSkill>
	</RecipeDef>
	
	<RecipeDef>
		<defName>MakePowerArmorVest</defName>
		<label>make power armor vest</label>
		<description>make a power armor vest.</description>
		<jobString>Making a power armor vest.</jobString>
		<workSpeedStat>SmithingSpeed</workSpeedStat>
		<effectWorking>Smith</effectWorking>
		<soundWorking>Recipe_Smith</soundWorking>
		<workAmount>25000</workAmount>
		<skillRequirements>
			<li>
				<skill>Crafting</skill>
				<minLevel>10</minLevel>
			</li>
		</skillRequirements>
		<ingredients>
			<li>
				<filter>
					<thingDefs>
						<li>Steel</li>
					</thingDefs>
				</filter>
				<count>80</count>
			</li>
			<li>
				<filter>
					<thingDefs>
						<li>Plasteel</li>
					</thingDefs>
				</filter>
				<count>50</count>
			</li>
			<li>
				<filter>
					<thingDefs>
						<li>Silver</li>
					</thingDefs>
				</filter>
				<count>75</count>
			</li>
		</ingredients>
		<fixedIngredientFilter>
			<thingDefs>
				<li>Steel</li>
				<li>Plasteel</li>
				<li>Silver</li>
			</thingDefs>
		</fixedIngredientFilter>
		<products>
			<Apparel_PowerArmor>1</Apparel_PowerArmor>
		</products>
		<workSkill>Crafting</workSkill>
	</RecipeDef>
	


</RecipeDefs>