<?xml version="1.0" encoding="utf-8" ?>
<RecipeDefs>

	
	
	<RecipeDef>
		<defName>MakeMedicine</defName>
		<label>make medicine</label>
		<description>Make medicine from herbs and cloth.</description>
		<jobString>Making medicine.</jobString>
		<workSpeedStat>SmithingSpeed</workSpeedStat>
		<workAmount>600</workAmount>
		<effectWorking>Cook</effectWorking>
		<soundWorking>Recipe_CookMeal</soundWorking>
		<ingredients>
			<li>
				<filter>
					<thingDefs>
						<li>HerbalMedicine</li>
					</thingDefs>
				</filter>
				<count>2</count>
			</li>
			<li>
				<filter>
					<thingDefs>
						<li>Cloth</li>
					</thingDefs>
				</filter>
				<count>5</count>
			</li>
		</ingredients>
		<fixedIngredientFilter>
			<thingDefs>
				<li>HerbalMedicine</li>
				<li>Cloth</li>
			</thingDefs>
		</fixedIngredientFilter>
		<products>
			<Medicine>1</Medicine>
		</products>
		<workSkill>Medicine</workSkill>
	</RecipeDef>

	<RecipeDef>
		<defName>ExtractBiomatterCorpse</defName>
		<label>extract biomatter from corpse</label>
		<description>Extracts biomatter from a corpse.</description>
		<jobString>Extracting.</jobString>
		<workAmount>600</workAmount>
		<effectWorking>Cremate</effectWorking>
		<soundWorking>Recipe_Cremate</soundWorking>
		<ingredients>
			<li>
				<filter>
					<categories>
						<li>Corpses</li>
					</categories>
				</filter>
				<count>1</count>
			</li>
		</ingredients>
		<fixedIngredientFilter>
			<categories>
				<li>Corpses</li>
			</categories>
			<exceptedCategories>
				<li>CorpsesMechanoid</li>
				<li>CorpsesAnimal</li>
			</exceptedCategories>
		</fixedIngredientFilter>
		<defaultIngredientFilter>
			<thingDefs>
				<li>Human_Corpse</li>
			</thingDefs>
			<specialFiltersToAllow>
				<li>AllowCorpsesColonist</li>
				<li>AllowCorpsesStranger</li>
			</specialFiltersToAllow>
		</defaultIngredientFilter>
		<products>
			<Biomatter>35</Biomatter>
		</products>
		<workSkill>Medicine</workSkill>
	</RecipeDef>
	
	
	<RecipeDef>
		<defName>MakeArtificialBone</defName>
		<label>make artificial bone</label>
		<description>Make an artificial bone from plasteel</description>
		<jobString>Making an artificial bone.</jobString>
		<workSpeedStat>SmithingSpeed</workSpeedStat>
		<effectWorking>Smith</effectWorking>
		<soundWorking>Recipe_Smith</soundWorking>
		<workAmount>1250</workAmount>
		<skillRequirements>
			<li>
				<skill>Crafting</skill>
				<minLevel>8</minLevel>
			</li>
		</skillRequirements>
		<ingredients>
			<li>
				<filter>
					<thingDefs>
						<li>Plasteel</li>
					</thingDefs>
				</filter>
				<count>25</count>
			</li>
		</ingredients>
		<fixedIngredientFilter>
			<thingDefs>
				<li>Plasteel</li>
			</thingDefs>
		</fixedIngredientFilter>
		<products>
			<ArtificialBone>5</ArtificialBone>
		</products>
		<workSkill>Medicine</workSkill>
	</RecipeDef>
	
	<!--========================= Recipes (Body Parts) =============================-->
	
	<RecipeDef>
		<defName>MakeNaturalEye</defName>
		<label>grow natural eye</label>
		<description>Grow a natural eye from biomatter</description>
		<jobString>Growing a natural eye.</jobString>
		<workSpeedStat>SmithingSpeed</workSpeedStat>
		<effectWorking>Cook</effectWorking>
		<soundWorking>Recipe_CookMeal</soundWorking>
		<workAmount>2500</workAmount>
		<skillRequirements>
			<li>
				<skill>Medicine</skill>
				<minLevel>6</minLevel>
			</li>
		</skillRequirements>
		<ingredients>
			<li>
				<filter>
					<thingDefs>
						<li>Biomatter</li>
					</thingDefs>
				</filter>
				<count>35</count>
			</li>
		</ingredients>
		<fixedIngredientFilter>
			<thingDefs>
				<li>Biomatter</li>
			</thingDefs>
		</fixedIngredientFilter>
		<products>
			<Eye>1</Eye>
		</products>
		<workSkill>Medicine</workSkill>
	</RecipeDef>
	
	<RecipeDef>
		<defName>MakeNaturalEar</defName>
		<label>grow natural ear</label>
		<description>Grow a natural ear from biomatter</description>
		<jobString>Growing a natural ear.</jobString>
		<workSpeedStat>SmithingSpeed</workSpeedStat>
		<effectWorking>Cook</effectWorking>
		<soundWorking>Recipe_CookMeal</soundWorking>
		<workAmount>2500</workAmount>
		<skillRequirements>
			<li>
				<skill>Medicine</skill>
				<minLevel>6</minLevel>
			</li>
		</skillRequirements>
		<ingredients>
			<li>
				<filter>
					<thingDefs>
						<li>Biomatter</li>
					</thingDefs>
				</filter>
				<count>35</count>
			</li>
		</ingredients>
		<fixedIngredientFilter>
			<thingDefs>
				<li>Biomatter</li>
			</thingDefs>
		</fixedIngredientFilter>
		<products>
			<Ear>1</Ear>
		</products>
		<workSkill>Medicine</workSkill>
	</RecipeDef>
	
	<RecipeDef>
		<defName>MakeNaturalNose</defName>
		<label>grow natural nose</label>
		<description>Grow a natural nose from biomatter</description>
		<jobString>Growing a natural nose.</jobString>
		<workSpeedStat>SmithingSpeed</workSpeedStat>
		<effectWorking>Cook</effectWorking>
		<soundWorking>Recipe_CookMeal</soundWorking>
		<workAmount>2500</workAmount>
		<skillRequirements>
			<li>
				<skill>Medicine</skill>
				<minLevel>6</minLevel>
			</li>
		</skillRequirements>
		<ingredients>
			<li>
				<filter>
					<thingDefs>
						<li>Biomatter</li>
					</thingDefs>
				</filter>
				<count>35</count>
			</li>
		</ingredients>
		<fixedIngredientFilter>
			<thingDefs>
				<li>Biomatter</li>
			</thingDefs>
		</fixedIngredientFilter>
		<products>
			<Nose>1</Nose>
		</products>
		<workSkill>Medicine</workSkill>
	</RecipeDef>
	
	<RecipeDef>
		<defName>MakeNaturalHeart</defName>
		<label>grow natural heart</label>
		<description>Grow a natural heart from biomatter</description>
		<jobString>Growing a natural heart.</jobString>
		<workSpeedStat>SmithingSpeed</workSpeedStat>
		<effectWorking>Cook</effectWorking>
		<soundWorking>Recipe_CookMeal</soundWorking>
		<workAmount>2500</workAmount>
		<skillRequirements>
			<li>
				<skill>Medicine</skill>
				<minLevel>6</minLevel>
			</li>
		</skillRequirements>
		<ingredients>
			<li>
				<filter>
					<thingDefs>
						<li>Biomatter</li>
					</thingDefs>
				</filter>
				<count>35</count>
			</li>
		</ingredients>
		<fixedIngredientFilter>
			<thingDefs>
				<li>Biomatter</li>
			</thingDefs>
		</fixedIngredientFilter>
		<products>
			<Heart>1</Heart>
		</products>
		<workSkill>Medicine</workSkill>
	</RecipeDef>
	
	<RecipeDef>
		<defName>MakeNaturalLung</defName>
		<label>grow natural lung</label>
		<description>Grow a natural lung from biomatter</description>
		<jobString>Growing a natural lung.</jobString>
		<workSpeedStat>SmithingSpeed</workSpeedStat>
		<effectWorking>Cook</effectWorking>
		<soundWorking>Recipe_CookMeal</soundWorking>
		<workAmount>2500</workAmount>
		<skillRequirements>
			<li>
				<skill>Medicine</skill>
				<minLevel>6</minLevel>
			</li>
		</skillRequirements>
		<ingredients>
			<li>
				<filter>
					<thingDefs>
						<li>Biomatter</li>
					</thingDefs>
				</filter>
				<count>35</count>
			</li>
		</ingredients>
		<fixedIngredientFilter>
			<thingDefs>
				<li>Biomatter</li>
			</thingDefs>
		</fixedIngredientFilter>
		<products>
			<Lung>1</Lung>
		</products>
		<workSkill>Medicine</workSkill>
	</RecipeDef>
	
	<RecipeDef>
		<defName>MakeNaturalLiver</defName>
		<label>grow natural liver</label>
		<description>Grow a natural liver from biomatter</description>
		<jobString>Growing a natural liver.</jobString>
		<workSpeedStat>SmithingSpeed</workSpeedStat>
		<effectWorking>Cook</effectWorking>
		<soundWorking>Recipe_CookMeal</soundWorking>
		<workAmount>2500</workAmount>
		<skillRequirements>
			<li>
				<skill>Medicine</skill>
				<minLevel>6</minLevel>
			</li>
		</skillRequirements>
		<ingredients>
			<li>
				<filter>
					<thingDefs>
						<li>Biomatter</li>
					</thingDefs>
				</filter>
				<count>35</count>
			</li>
		</ingredients>
		<fixedIngredientFilter>
			<thingDefs>
				<li>Biomatter</li>
			</thingDefs>
		</fixedIngredientFilter>
		<products>
			<Liver>1</Liver>
		</products>
		<workSkill>Medicine</workSkill>
	</RecipeDef>
	
	<RecipeDef>
		<defName>MakeNaturalKidney</defName>
		<label>grow natural kidney</label>
		<description>Grow a natural kidney from biomatter</description>
		<jobString>Growing a natural kidney.</jobString>
		<workSpeedStat>SmithingSpeed</workSpeedStat>
		<effectWorking>Cook</effectWorking>
		<soundWorking>Recipe_CookMeal</soundWorking>
		<workAmount>2500</workAmount>
		<skillRequirements>
			<li>
				<skill>Medicine</skill>
				<minLevel>6</minLevel>
			</li>
		</skillRequirements>
		<ingredients>
			<li>
				<filter>
					<thingDefs>
						<li>Biomatter</li>
					</thingDefs>
				</filter>
				<count>35</count>
			</li>
		</ingredients>
		<fixedIngredientFilter>
			<thingDefs>
				<li>Biomatter</li>
			</thingDefs>
		</fixedIngredientFilter>
		<products>
			<Kidney>1</Kidney>
		</products>
		<workSkill>Medicine</workSkill>
	</RecipeDef>
	
	<RecipeDef>
		<defName>MakeNaturalStomach</defName>
		<label>grow natural stomach</label>
		<description>Grow a natural stomach from biomatter</description>
		<jobString>Growing a natural stomach.</jobString>
		<workSpeedStat>SmithingSpeed</workSpeedStat>
		<effectWorking>Cook</effectWorking>
		<soundWorking>Recipe_CookMeal</soundWorking>
		<workAmount>2500</workAmount>
		<skillRequirements>
			<li>
				<skill>Medicine</skill>
				<minLevel>6</minLevel>
			</li>
		</skillRequirements>
		<ingredients>
			<li>
				<filter>
					<thingDefs>
						<li>Biomatter</li>
					</thingDefs>
				</filter>
				<count>35</count>
			</li>
		</ingredients>
		<fixedIngredientFilter>
			<thingDefs>
				<li>Biomatter</li>
			</thingDefs>
		</fixedIngredientFilter>
		<products>
			<Stomach>1</Stomach>
		</products>
		<workSkill>Medicine</workSkill>
	</RecipeDef>
	
	<RecipeDef>
		<defName>MakeSimpleProstheticArm</defName>
		<label>make simple prosthetic arm</label>
		<description>make a simple prosthetic arm from steel </description>
		<jobString>Making a simple prosthetic arm.</jobString>
		<workSpeedStat>SmithingSpeed</workSpeedStat>
		<effectWorking>Smith</effectWorking>
		<soundWorking>Recipe_Smith</soundWorking>
		<workAmount>1600</workAmount>
		<skillRequirements>
			<li>
				<skill>Crafting</skill>
				<minLevel>6</minLevel>
			</li>
		</skillRequirements>
		<ingredients>
			<li>
				<filter>
					<thingDefs>
						<li>Steel</li>
					</thingDefs>
				</filter>
				<count>50</count>
			</li>
		</ingredients>
		<fixedIngredientFilter>
			<thingDefs>
				<li>Steel</li>
			</thingDefs>
		</fixedIngredientFilter>
		<products>
			<SimpleProstheticArm>1</SimpleProstheticArm>
		</products>
		<workSkill>Crafting</workSkill>
	</RecipeDef>
	
	<RecipeDef>
		<defName>MakeSimpleProstheticLeg</defName>
		<label>make simple prosthetic leg</label>
		<description>make a simple prosthetic leg from steel</description>
		<jobString>Making a simple prosthetic leg.</jobString>
		<workSpeedStat>SmithingSpeed</workSpeedStat>
		<effectWorking>Smith</effectWorking>
		<soundWorking>Recipe_Smith</soundWorking>
		<workAmount>1600</workAmount>
		<skillRequirements>
			<li>
				<skill>Crafting</skill>
				<minLevel>6</minLevel>
			</li>
		</skillRequirements>
		<ingredients>
			<li>
				<filter>
					<thingDefs>
						<li>Steel</li>
					</thingDefs>
				</filter>
				<count>75</count>
			</li>
		</ingredients>
		<fixedIngredientFilter>
			<thingDefs>
				<li>Steel</li>
			</thingDefs>
		</fixedIngredientFilter>
		<products>
			<SimpleProstheticLeg>1</SimpleProstheticLeg>
		</products>
		<workSkill>Crafting</workSkill>
	</RecipeDef>
	
	<RecipeDef>
		<defName>MakeSteelDenture</defName>
		<label>make durable jaw prosthesis</label>
		<description>make a Simple but durable jaw prosthesis from steel</description>
		<jobString>Making a durable jaw prosthesis.</jobString>
		<workSpeedStat>SmithingSpeed</workSpeedStat>
		<effectWorking>Smith</effectWorking>
		<soundWorking>Recipe_Smith</soundWorking>
		<workAmount>800</workAmount>
		<skillRequirements>
			<li>
				<skill>Crafting</skill>
				<minLevel>6</minLevel>
			</li>
		</skillRequirements>
		<ingredients>
			<li>
				<filter>
					<thingDefs>
						<li>Steel</li>
					</thingDefs>
				</filter>
				<count>25</count>
			</li>
		</ingredients>
		<fixedIngredientFilter>
			<thingDefs>
				<li>Steel</li>
			</thingDefs>
		</fixedIngredientFilter>
		<products>
			<SteelDenture>1</SteelDenture>
		</products>
		<workSkill>Crafting</workSkill>
	</RecipeDef>
	
	<RecipeDef>
		<defName>MakeAdvancedProstheticArm</defName>
		<label>make advanced prosthetic arm</label>
		<description>make an advanced prosthetic arm from steel and plasteel</description>
		<jobString>Making an advanced prosthetic arm.</jobString>
		<workSpeedStat>SmithingSpeed</workSpeedStat>
		<effectWorking>Smith</effectWorking>
		<soundWorking>Recipe_Smith</soundWorking>
		<workAmount>2500</workAmount>
		<skillRequirements>
			<li>
				<skill>Crafting</skill>
				<minLevel>8</minLevel>
			</li>
		</skillRequirements>
		<ingredients>
			<li>
				<filter>
					<thingDefs>
						<li>Steel</li>
					</thingDefs>
				</filter>
				<count>50</count>
			</li>
			<li>
				<filter>
					<thingDefs>
						<li>Plasteel</li>
					</thingDefs>
				</filter>
				<count>20</count>
			</li>
		</ingredients>
		<fixedIngredientFilter>
			<thingDefs>
				<li>Steel</li>
				<li>Plasteel</li>
			</thingDefs>
		</fixedIngredientFilter>
		<products>
			<AdvancedProstheticArm>1</AdvancedProstheticArm>
		</products>
		<workSkill>Crafting</workSkill>
	</RecipeDef>
	
	<RecipeDef>
		<defName>MakeAdvancedProstheticLeg</defName>
		<label>make advanced prosthetic leg</label>
		<description>make an advanced prosthetic leg from steel and plasteel</description>
		<jobString>Making an advanced prosthetic leg.</jobString>
		<workSpeedStat>SmithingSpeed</workSpeedStat>
		<effectWorking>Smith</effectWorking>
		<soundWorking>Recipe_Smith</soundWorking>
		<workAmount>2500</workAmount>
		<skillRequirements>
			<li>
				<skill>Crafting</skill>
				<minLevel>8</minLevel>
			</li>
		</skillRequirements>
		<ingredients>
			<li>
				<filter>
					<thingDefs>
						<li>Steel</li>
					</thingDefs>
				</filter>
				<count>75</count>
			</li>
			<li>
				<filter>
					<thingDefs>
						<li>Plasteel</li>
					</thingDefs>
				</filter>
				<count>40</count>
			</li>
		</ingredients>
		<fixedIngredientFilter>
			<thingDefs>
				<li>Steel</li>
				<li>Plasteel</li>
			</thingDefs>
		</fixedIngredientFilter>
		<products>
			<AdvancedProstheticLeg>1</AdvancedProstheticLeg>
		</products>
		<workSkill>Crafting</workSkill>
	</RecipeDef>
	
	<RecipeDef>
		<defName>MakePlasteelDenture</defName>
		<label>make advanced jaw prosthesis</label>
		<description>make an advanced jaw prosthesis from steel and plasteel</description>
		<jobString>Making an advanced jaw prosthesis.</jobString>
		<workSpeedStat>SmithingSpeed</workSpeedStat>
		<effectWorking>Smith</effectWorking>
		<soundWorking>Recipe_Smith</soundWorking>
		<workAmount>1250</workAmount>
		<skillRequirements>
			<li>
				<skill>Crafting</skill>
				<minLevel>8</minLevel>
			</li>
		</skillRequirements>
		<ingredients>
			<li>
				<filter>
					<thingDefs>
						<li>Steel</li>
					</thingDefs>
				</filter>
				<count>15</count>
			</li>
			<li>
				<filter>
					<thingDefs>
						<li>Plasteel</li>
					</thingDefs>
				</filter>
				<count>10</count>
			</li>
		</ingredients>
		<fixedIngredientFilter>
			<thingDefs>
				<li>Steel</li>
				<li>Plasteel</li>
			</thingDefs>
		</fixedIngredientFilter>
		<products>
			<PlasteelDenture>1</PlasteelDenture>
		</products>
		<workSkill>Crafting</workSkill>
	</RecipeDef>
	
	<RecipeDef>
		<defName>MakePowerClaw</defName>
		<label>make powered arm</label>
		<description>make a powered arm prosthesis from steel , plasteel , and electronics</description>
		<jobString>Making a powered arm prosthesis.</jobString>
		<workSpeedStat>SmithingSpeed</workSpeedStat>
		<effectWorking>Smith</effectWorking>
		<soundWorking>Recipe_Smith</soundWorking>
		<workAmount>2500</workAmount>
		<skillRequirements>
			<li>
				<skill>Crafting</skill>
				<minLevel>8</minLevel>
			</li>
		</skillRequirements>
		<ingredients>
			<li>
				<filter>
					<thingDefs>
						<li>Steel</li>
					</thingDefs>
				</filter>
				<count>50</count>
			</li>
			<li>
				<filter>
					<thingDefs>
						<li>Plasteel</li>
					</thingDefs>
				</filter>
				<count>10</count>
			</li>
		</ingredients>
		<fixedIngredientFilter>
			<thingDefs>
				<li>Steel</li>
				<li>Plasteel</li>
			</thingDefs>
		</fixedIngredientFilter>
		<products>
			<PowerClaw>1</PowerClaw>
		</products>
		<workSkill>Crafting</workSkill>
	</RecipeDef>
	
	<RecipeDef>
		<defName>MakeScytherBlade</defName>
		<label>make scyther blade</label>
		<description>make a scyther blade prosthesis from steel, plasteel, and electronics</description>
		<jobString>Making a scyther blade prosthesis.</jobString>
		<workSpeedStat>SmithingSpeed</workSpeedStat>
		<effectWorking>Smith</effectWorking>
		<soundWorking>Recipe_Smith</soundWorking>
		<workAmount>2500</workAmount>
		<skillRequirements>
			<li>
				<skill>Crafting</skill>
				<minLevel>8</minLevel>
			</li>
		</skillRequirements>
		<ingredients>
			<li>
				<filter>
					<thingDefs>
						<li>Steel</li>
					</thingDefs>
				</filter>
				<count>70</count>
			</li>
			<li>
				<filter>
					<thingDefs>
						<li>Plasteel</li>
					</thingDefs>
				</filter>
				<count>40</count>
			</li>
		</ingredients>
		<fixedIngredientFilter>
			<thingDefs>
				<li>Steel</li>
				<li>Plasteel</li>
			</thingDefs>
		</fixedIngredientFilter>
		<products>
			<ScytherBlade>1</ScytherBlade>
		</products>
		<workSkill>Crafting</workSkill>
	</RecipeDef>
	
	<RecipeDef>
		<defName>MakeBionicEye</defName>
		<label>make bionic eye</label>
		<description>make a bionic eye from plasteel, glass, and electronics</description>
		<jobString>Making a bionic eye.</jobString>
		<workSpeedStat>SmithingSpeed</workSpeedStat>
		<effectWorking>Smith</effectWorking>
		<soundWorking>Recipe_Smith</soundWorking>
		<workAmount>3000</workAmount>
		<skillRequirements>
			<li>
				<skill>Crafting</skill>
				<minLevel>10</minLevel>
			</li>
		</skillRequirements>
		<ingredients>
			<li>
				<filter>
					<thingDefs>
						<li>Plasteel</li>
					</thingDefs>
				</filter>
				<count>30</count>
			</li>
			<li>
				<filter>
					<thingDefs>
						<li>Glass</li>
					</thingDefs>
				</filter>
				<count>10</count>
			</li>
			<li>
				<filter>
					<thingDefs>
						<li>Electronics</li>
					</thingDefs>
				</filter>
				<count>10</count>
			</li>
		</ingredients>
		<fixedIngredientFilter>
			<thingDefs>
				<li>Plasteel</li>
				<li>Glass</li>
				<li>Electronics</li>
			</thingDefs>
		</fixedIngredientFilter>
		<products>
			<BionicEye>1</BionicEye>
		</products>
		<workSkill>Crafting</workSkill>
	</RecipeDef>
	
	<RecipeDef>
		<defName>MakeBionicEar</defName>
		<label>make bionic ear</label>
		<description>make a bionic ear from artificial bone, plasteel, and electronics</description>
		<jobString>Making a bionic ear.</jobString>
		<workSpeedStat>SmithingSpeed</workSpeedStat>
		<effectWorking>Smith</effectWorking>
		<soundWorking>Recipe_Smith</soundWorking>
		<workAmount>3000</workAmount>
		<skillRequirements>
			<li>
				<skill>Crafting</skill>
				<minLevel>10</minLevel>
			</li>
		</skillRequirements>
		<ingredients>
			<li>
				<filter>
					<thingDefs>
						<li>ArtificialBone</li>
					</thingDefs>
				</filter>
				<count>2</count>
			</li>
			<li>
				<filter>
					<thingDefs>
						<li>Plasteel</li>
					</thingDefs>
				</filter>
				<count>30</count>
			</li>
			<li>
				<filter>
					<thingDefs>
						<li>Electronics</li>
					</thingDefs>
				</filter>
				<count>10</count>
			</li>
		</ingredients>
		<fixedIngredientFilter>
			<thingDefs>
				<li>ArtificialBone</li>
				<li>Plasteel</li>
				<li>Electronics</li>
			</thingDefs>
		</fixedIngredientFilter>
		<products>
			<BionicEar>1</BionicEar>
		</products>
		<workSkill>Crafting</workSkill>
	</RecipeDef>
	
	<RecipeDef>
		<defName>MakeBionicArm</defName>
		<label>make bionic arm</label>
		<description>make a bionic arm from artificial bone, plasteel, and electronics</description>
		<jobString>Making a bionic arm.</jobString>
		<workSpeedStat>SmithingSpeed</workSpeedStat>
		<effectWorking>Smith</effectWorking>
		<soundWorking>Recipe_Smith</soundWorking>
		<workAmount>3000</workAmount>
		<skillRequirements>
			<li>
				<skill>Crafting</skill>
				<minLevel>10</minLevel>
			</li>
		</skillRequirements>
		<ingredients>
			<li>
				<filter>
					<thingDefs>
						<li>ArtificialBone</li>
					</thingDefs>
				</filter>
				<count>5</count>
			</li>
			<li>
				<filter>
					<thingDefs>
						<li>Plasteel</li>
					</thingDefs>
				</filter>
				<count>40</count>
			</li>
			<li>
				<filter>
					<thingDefs>
						<li>Electronics</li>
					</thingDefs>
				</filter>
				<count>15</count>
			</li>
		</ingredients>
		<fixedIngredientFilter>
			<thingDefs>
				<li>ArtificialBone</li>
				<li>Plasteel</li>
				<li>Electronics</li>
			</thingDefs>
		</fixedIngredientFilter>
		<products>
			<BionicArm>1</BionicArm>
		</products>
		<workSkill>Crafting</workSkill>
	</RecipeDef>
	
	<RecipeDef>
		<defName>MakeBionicLeg</defName>
		<label>make bionic leg</label>
		<description>make a bionic leg from artificial bone, plasteel, and electronics</description>
		<jobString>Making a bionic leg.</jobString>
		<workSpeedStat>SmithingSpeed</workSpeedStat>
		<effectWorking>Smith</effectWorking>
		<soundWorking>Recipe_Smith</soundWorking>
		<workAmount>3000</workAmount>
		<skillRequirements>
			<li>
				<skill>Crafting</skill>
				<minLevel>10</minLevel>
			</li>
		</skillRequirements>
		<ingredients>
			<li>
				<filter>
					<thingDefs>
						<li>ArtificialBone</li>
					</thingDefs>
				</filter>
				<count>5</count>
			</li>
			<li>
				<filter>
					<thingDefs>
						<li>Plasteel</li>
					</thingDefs>
				</filter>
				<count>40</count>
			</li>
			<li>
				<filter>
					<thingDefs>
						<li>Electronics</li>
					</thingDefs>
				</filter>
				<count>15</count>
			</li>
		</ingredients>
		<fixedIngredientFilter>
			<thingDefs>
				<li>ArtificialBone</li>
				<li>Plasteel</li>
				<li>Electronics</li>
			</thingDefs>
		</fixedIngredientFilter>
		<products>
			<BionicLeg>1</BionicLeg>
		</products>
		<workSkill>Crafting</workSkill>
	</RecipeDef>
	
	<RecipeDef>
		<defName>MakeBionicSpine</defName>
		<label>make bionic spine</label>
		<description>make a bionic spine from artificial bone, plasteel, and electronics</description>
		<jobString>Making a bionic spine.</jobString>
		<workSpeedStat>SmithingSpeed</workSpeedStat>
		<effectWorking>Smith</effectWorking>
		<soundWorking>Recipe_Smith</soundWorking>
		<workAmount>4500</workAmount>
		<skillRequirements>
			<li>
				<skill>Crafting</skill>
				<minLevel>10</minLevel>
			</li>
		</skillRequirements>
		<ingredients>
			<li>
				<filter>
					<thingDefs>
						<li>ArtificialBone</li>
					</thingDefs>
				</filter>
				<count>10</count>
			</li>
			<li>
				<filter>
					<thingDefs>
						<li>Plasteel</li>
					</thingDefs>
				</filter>
				<count>20</count>
			</li>
			<li>
				<filter>
					<thingDefs>
						<li>Electronics</li>
					</thingDefs>
				</filter>
				<count>30</count>
			</li>
		</ingredients>
		<fixedIngredientFilter>
			<thingDefs>
				<li>ArtificialBone</li>
				<li>Plasteel</li>
				<li>Electronics</li>
			</thingDefs>
		</fixedIngredientFilter>
		<products>
			<BionicSpine>1</BionicSpine>
		</products>
		<workSkill>Crafting</workSkill>
	</RecipeDef>
	
	<RecipeDef>
		<defName>MakeBionicBrain</defName>
		<label>make positronic brain implant</label>
		<description>make a positronic brain implant from artificial bone, plasteel, and electronics</description>
		<jobString>Making a positronic brain implant.</jobString>
		<workSpeedStat>SmithingSpeed</workSpeedStat>
		<effectWorking>Smith</effectWorking>
		<soundWorking>Recipe_Smith</soundWorking>
		<workAmount>4500</workAmount>
		<skillRequirements>
			<li>
				<skill>Crafting</skill>
				<minLevel>10</minLevel>
			</li>
		</skillRequirements>
		<ingredients>
			<li>
				<filter>
					<thingDefs>
						<li>AIPersonaCore</li>
					</thingDefs>
				</filter>
				<count>1</count>
			</li>
			<li>
				<filter>
					<thingDefs>
						<li>Plasteel</li>
					</thingDefs>
				</filter>
				<count>20</count>
			</li>
			<li>
				<filter>
					<thingDefs>
						<li>Electronics</li>
					</thingDefs>
				</filter>
				<count>10</count>
			</li>
		</ingredients>
		<fixedIngredientFilter>
			<thingDefs>
				<li>AIPersonaCore</li>
				<li>Plasteel</li>
				<li>Electronics</li>
			</thingDefs>
		</fixedIngredientFilter>
		<products>
			<BionicBrain>1</BionicBrain>
		</products>
		<workSkill>Crafting</workSkill>
	</RecipeDef>


</RecipeDefs>