<?xml version="1.0" encoding="utf-8" ?>
<Buildings>

  <ThingDef Name="BuildingBase" Abstract="True">
    <category>Building</category>
    <thingClass>Building</thingClass>
    <soundImpactDefault>BulletImpactMetal</soundImpactDefault>
    <selectable>true</selectable>
    <drawerType>MapMeshAndRealTime</drawerType>
    <terrainAffordanceNeeded>Light</terrainAffordanceNeeded>
    <repairEffect>Repair</repairEffect>
    <leaveResourcesWhenKilled>true</leaveResourcesWhenKilled>
    <filthLeaving>BuildingRubble</filthLeaving>
  </ThingDef>
  
  <ThingDef ParentName="BuildingBase">
    <defName>TeslaLigthningPower</defName>
    <label>Tesla Ligthning Power</label>
    <thingClass>CTS.TeslaLigthningPower</thingClass>
	<graphicData>
	<shaderType>Transparent</shaderType>
     <texPath>TeslaLigthningPowerFrames/TeslaPowerOFF</texPath>
    <graphicClass>Graphic_Single</graphicClass>
	<drawSize>(8,8)</drawSize>
	</graphicData>
    <AltitudeLayer>BuildingTall</AltitudeLayer>
    <Passability>Impassable</Passability>
     <fillPercent>0.5</fillPercent>
    <statBases>
      <MaxHitPoints>100</MaxHitPoints>
      <WorkToMake>6000</WorkToMake>
      <Flammability>1.0</Flammability>
      <Beauty>-10</Beauty>
    </statBases>
    <tickerType>Normal</tickerType>
    <Description>Be carefull  awesome power of lightning, need some cooling after time </Description>
    <Size>(8,8)</Size>
    <costList>
     <Steel>1000</Steel>
			<Plasteel>500</Plasteel>
			<Uranium>100</Uranium>
			<Electronics>500</Electronics>
                        <Glass>50</Glass>
                        <Gold>100</Gold>
    </costList>
	<comps>
      <li>
        <compClass>CompPowerTrader</compClass>
        <basePowerConsumption>1</basePowerConsumption>
	<transmitsPower>true</transmitsPower>	
        <powerToggleable>false</powerToggleable>
      </li>
	  <li>
		<compClass>CompGlower</compClass>
				<glowRadius>10</glowRadius>
				<glowColor>(0,0,220,1)</glowColor>
			</li>
			 <li>
        <compClass>CompExplosive</compClass>
        <explosiveRadius>5</explosiveRadius>
        <explosiveDamageType>Flame</explosiveDamageType>
      </li>
    </comps>
    <rotatable>false</rotatable>
    <terrainAffordanceNeeded>Heavy</terrainAffordanceNeeded>
    <DesignationCategory>Power</DesignationCategory>
     <building>
      <soundAmbient>GeothermalPlant_Ambience</soundAmbient>
      <ignoreNeedsPower>false</ignoreNeedsPower>
    </building>
    <constructEffect>ConstructMetal</constructEffect>
    <researchPrerequisite>PowerIV</researchPrerequisite>
  </ThingDef>
  
</Buildings>