﻿<?xml version="1.0" encoding="utf-8" ?>
<Buildings>

  <ThingDef Name="BuildingBase" Abstract="True">
    <category>Building</category>
    <soundImpactDefault>BulletImpactMetal</soundImpactDefault>
    <selectable>true</selectable>
    <drawerType>MapMeshAndRealTime</drawerType>
    <terrainAffordanceNeeded>Light</terrainAffordanceNeeded>
    <repairEffect>Repair</repairEffect>
    <leaveResourcesWhenKilled>true</leaveResourcesWhenKilled>
    <filthLeaving>BuildingRubble</filthLeaving>
  </ThingDef>
 
  <!--========================= Walls =============================-->

  <ThingDef ParentName="BuildingBase" Name="Wall">
    <defName>Embrasure</defName>
    <label>Embrasure</label>
    <thingClass>Building</thingClass>
    <category>Building</category>
    <description>An impassable wall. Capable of holding up a roof. Has openings that allow firing from within.</description>
    <graphicData>
      <texPath>Things/Building/Embrasure</texPath>
      <graphicClass>Graphic_Single</graphicClass>
      <linkType>CornerFiller</linkType>
      <linkFlags>
        <li>Wall</li>
        <li>Rock</li>
      </linkFlags>
    </graphicData>
    <uiIconPath>UI/Metal</uiIconPath>
    <blueprintGraphicData>
      <texPath>Things/Building/Linked/Wall_Blueprint_Atlas</texPath>
    </blueprintGraphicData>
    <statBases>
      <MaxHitPoints>225</MaxHitPoints>
      <WorkToMake>150</WorkToMake>
      <Flammability>1.0</Flammability>
    </statBases>
    <costStuffCount>6</costStuffCount>
    <leaveResourcesWhenKilled>false</leaveResourcesWhenKilled>
    <altitudeLayer>BuildingTall</altitudeLayer>
    <passability>Impassable</passability>
    <castEdgeShadows>true</castEdgeShadows>
    <fillPercent>0.99</fillPercent>
    <coversFloor>true</coversFloor>
    <placingDraggableDimensions>1</placingDraggableDimensions>
    <tickerType>Never</tickerType>
    <rotatable>false</rotatable>
    <selectable>true</selectable>
    <neverMultiSelect>true</neverMultiSelect>
    <terrainAffordanceNeeded>Heavy</terrainAffordanceNeeded>
    <holdsRoof>true</holdsRoof>
    <designationCategory>Structure</designationCategory>
    <staticSunShadowHeight>1.0</staticSunShadowHeight>
    <blockLight>true</blockLight>
    <stuffCategories>
      <li>Metallic</li>
      <li>Woody</li>
      <li>Stony</li>
    </stuffCategories>
    <building>
      <isInert>true</isInert>
      <ignoreNeedsPower>true</ignoreNeedsPower>
    </building>
    <damageMultipliers>
      <li>
        <damageDef>Bomb</damageDef>
        <multiplier>3</multiplier>
      </li>
    </damageMultipliers>
	<researchPrerequisite>CraftingI</researchPrerequisite>
  </ThingDef>

</Buildings>