<?xml version="1.0" encoding="utf-8" ?>
<Buildings>


  <ThingDef Name="BuildingBase" Abstract="True">
    <category>Building</category>
    <thingClass>Building</thingClass>
    <soundImpactDefault>BulletImpactMetal</soundImpactDefault>
    <selectable>true</selectable>
    <drawerType>MapMeshAndRealTime</drawerType>
    <terrainAffordanceNeeded>Light</terrainAffordanceNeeded>
    <repairEffect>Repair</repairEffect>
    <leaveResourcesWhenKilled>true</leaveResourcesWhenKilled>
    <filthLeaving>BuildingRubble</filthLeaving>
  </ThingDef>
  
<!--================================================Ceiling Lights=====================================-->

  <ThingDef Abstract="True" Name="CeilingLampBase" ParentName="BuildingBase">
    <thingClass>Building</thingClass>
    <category>Building</category>
    <minifiedDef>MinifiedFurniture</minifiedDef>
    <altitudeLayer>Waist</altitudeLayer>
    <passability>PassThroughOnly</passability>
    <selectable>true</selectable>
    <fillPercent>0.20</fillPercent>
    <costList>
	  <LargeCircularGlass>1</LargeCircularGlass>
      <Steel>10</Steel>
    </costList>
    <leaveResourcesWhenKilled>false</leaveResourcesWhenKilled>
    <soundImpactDefault>BulletImpactMetal</soundImpactDefault>
    <designationCategory>Lighting</designationCategory><!--changed from Furniture-->
    <rotatable>false</rotatable>
    <graphicData>
      <texPath>Things/Building/Lights/CeilingLamp</texPath>
      <graphicClass>Graphic_Single</graphicClass>
	  <shaderType>Transparent</shaderType>
    </graphicData>
    <comps>
      <li>
        <compClass>CompPowerTrader</compClass>
        <basePowerConsumption>150</basePowerConsumption>
        <shortCircuitInRain>false</shortCircuitInRain>
        <soundPowerOn>PowerOnSmall</soundPowerOn>
        <soundPowerOff>PowerOffSmall</soundPowerOff>
      </li>
      <li>
        <compClass>CompQuality</compClass>
      </li>
	  <li Class="CommunityCoreLibrary.RestrictedPlacement_Properties">
          <compClass>CommunityCoreLibrary.RestrictedPlacement_Comp</compClass>
      </li>
    </comps>
        <statBases>
      <MaxHitPoints>50</MaxHitPoints>
      <WorkToMake>170</WorkToMake>
      <Flammability>1.0</Flammability>
	  <Beauty>20</Beauty>
    </statBases>
	<tickerType>Rare</tickerType>
	<placeWorkers>
      <li>CommunityCoreLibrary.PlaceWorker_OnlyUnderRoof</li>
    </placeWorkers>
	<filthLeaving>BrokenGlass</filthLeaving>
	<researchPrerequisite>GlassworksResearch</researchPrerequisite>
  </ThingDef><!--added prerequisite-->
  
  
  <ThingDef ParentName="CeilingLampBase" >
    <defName>CeilingLamp</defName>
    <label>ceiling lamp</label>
    <description>Ceiling lamp that lights an area.</description>
    <designationHotKey></designationHotKey>
    <comps>
      <li>
        <compClass>CompGlower</compClass>
        <glowRadius>13</glowRadius>
        <glowColor>(217,217,208,0)</glowColor>
      </li>
    </comps>
	
  </ThingDef>
  
  <ThingDef ParentName="CeilingLampBase">
    <defName>CeilingLamp_Red</defName>
    <label>ceiling lamp (red)</label>
    <designationHotKey></designationHotKey>
    <description>Ceiling lamp that lights an area in a dull red color.</description>
	<graphicData>
      <texPath>Things/Building/Lights/CeilingLamp_Red</texPath>
      <graphicClass>Graphic_Single</graphicClass>
    </graphicData>
    <comps>
      <li>
        <compClass>CompGlower</compClass>
        <glowRadius>13</glowRadius>
        <glowColor>(217,0,0,0)</glowColor>
      </li>
    </comps>
  </ThingDef>

  <ThingDef ParentName="CeilingLampBase">
    <defName>CeilingLamp_Blue</defName>
    <label>ceiling lamp (blue)</label>
    <designationHotKey></designationHotKey>
    <description>Ceiling lamp that lights an area in a dull blue color. Also has a calming affect.</description>
	<graphicData>
      <texPath>Things/Building/Lights/CeilingLamp_Blue</texPath>
      <graphicClass>Graphic_Single</graphicClass>
    </graphicData>
    <comps>
      <li>
        <compClass>CompGlower</compClass>
        <glowRadius>13</glowRadius>
        <glowColor>(0,0,217,0)</glowColor>
      </li>
    </comps>
	<statBases>
		<Comfort>0.75</Comfort>
	</statBases>
  </ThingDef>

  <ThingDef ParentName="CeilingLampBase">
    <defName>CeilingLamp_Green</defName>
    <label>ceiling lamp (green)</label>
    <designationHotKey></designationHotKey>
    <description>Ceiling lamp that lights an area in a dull green color.</description>
	<graphicData>
      <texPath>Things/Building/Lights/CeilingLamp_Green</texPath>
      <graphicClass>Graphic_Single</graphicClass>
    </graphicData>
    <comps>
      <li>
        <compClass>CompGlower</compClass>
        <glowRadius>13</glowRadius>
        <glowColor>(0,217,0,0)</glowColor>
      </li>
    </comps>
  </ThingDef>

  <ThingDef ParentName="CeilingLampBase">
    <defName>CeilingLamp_Violet</defName>
    <label>ceiling lamp (violet)</label>
    <designationHotKey></designationHotKey>
    <description>Ceiling lamp that lights an area in a violet color.</description>
	<graphicData>
      <texPath>Things/Building/Lights/CeilingLamp_Violet</texPath>
      <graphicClass>Graphic_Single</graphicClass>
    </graphicData>
    <comps>
      <li>
        <compClass>CompGlower</compClass>
        <glowRadius>13</glowRadius>
        <glowColor>(217,0,217,0)</glowColor>
      </li>
    </comps>
	<statBases>
		<Beauty>25</Beauty>
		<Comfort>0.15</Comfort>
	</statBases>
  </ThingDef>

  <ThingDef ParentName="CeilingLampBase">
    <defName>CeilingLamp_Yellow</defName>
    <label>ceiling lamp (yellow)</label>
    <designationHotKey></designationHotKey>
    <description>Ceiling lamp that lights an area in a dull yellow color.</description>
	<graphicData>
      <texPath>Things/Building/Lights/CeilingLamp_Yellow</texPath>
      <graphicClass>Graphic_Single</graphicClass>
    </graphicData>
    <comps>
      <li>
        <compClass>CompGlower</compClass>
        <glowRadius>13</glowRadius>
        <glowColor>(217,217,0,0)</glowColor>
      </li>
    </comps>
	<statBases>
		<Comfort>0.75</Comfort>
	</statBases>
  </ThingDef>

  <ThingDef ParentName="CeilingLampBase">
    <defName>CeilingLamp_Orange</defName>
    <label>ceiling lamp (orange)</label>
    <designationHotKey></designationHotKey>
    <description>Ceiling lamp that lights an area in a dull Orange color.</description>
	<graphicData>
      <texPath>Things/Building/Lights/CeilingLamp_Orange</texPath>
      <graphicClass>Graphic_Single</graphicClass>
    </graphicData>
    <comps>
      <li>
        <compClass>CompGlower</compClass>
        <glowRadius>13</glowRadius>
        <glowColor>(217,150,0,0)</glowColor>
      </li>
    </comps>
  </ThingDef>
  
 <!--========================================Special Lights==================================-->
 
	<ThingDef Abstract="True" Name="StandingLampBase" ParentName="BuildingBase">
    <thingClass>Building</thingClass>
    <category>Building</category>
    <minifiedDef>MinifiedFurniture</minifiedDef>
    <altitudeLayer>Waist</altitudeLayer>
	<filthLeaving>BrokenGlass</filthLeaving>
    <passability>PassThroughOnly</passability>
    <selectable>true</selectable>
    <fillPercent>0.20</fillPercent>
    <costList>
      <Steel>15</Steel>
	  <Glass>1</Glass>
    </costList>
    <leaveResourcesWhenKilled>false</leaveResourcesWhenKilled>
    <soundImpactDefault>BulletImpactMetal</soundImpactDefault>
    <designationCategory>Lighting</designationCategory><!--changed from Furniture-->
    <rotatable>false</rotatable>
    <graphicData>
      <texPath>Things/Building/Furniture/LampStanding</texPath>
      <graphicClass>Graphic_Single</graphicClass>
    </graphicData>
    <comps>
      <li>
        <compClass>CompQuality</compClass>
      </li>
	  <li Class="CommunityCoreLibrary.RestrictedPlacement_Properties">
			<compClass>CommunityCoreLibrary.RestrictedPlacement_Comp</compClass>
      </li>
    </comps>
        <statBases>
      <MaxHitPoints>50</MaxHitPoints>
      <WorkToMake>170</WorkToMake>
      <Flammability>1.0</Flammability>
    </statBases>
	<tickerType>Rare</tickerType>
	<researchPrerequisite>GlassworksResearch</researchPrerequisite>
  </ThingDef><!--added prerequisite-->
 
   <ThingDef ParentName="StandingLampBase">
    <defName>WallLamp</defName>
    <label>wall lamp</label>
    <designationHotKey></designationHotKey>
    <description>A lamp only placeable on a wall. Produces more light than average.</description>
	<graphicData>
      <texPath>Things/Building/Lights/WallLamp</texPath>
      <graphicClass>Graphic_Single</graphicClass>
    </graphicData>
	<rotatable>true</rotatable>
    <comps>
	  <li>
        <compClass>CompPowerTrader</compClass>
        <basePowerConsumption>150</basePowerConsumption>
        <shortCircuitInRain>false</shortCircuitInRain>
        <soundPowerOn>PowerOnSmall</soundPowerOn>
        <soundPowerOff>PowerOffSmall</soundPowerOff>
      </li>
      <li>
        <compClass>CompGlower</compClass>
        <glowRadius>15</glowRadius>
        <glowColor>(217,217,208,0)</glowColor>
      </li>
    </comps>
	<placeWorkers>
      <li>CommunityCoreLibrary.PlaceWorker_WallAttachment</li>
    </placeWorkers>
  </ThingDef>

<ThingDef ParentName="StandingLampBase">
    <defName>OutdoorGroundLamp</defName>
    <label>outdoor groundlamp</label>
    <designationHotKey></designationHotKey>
    <description>A lamp only placeable outdoors. Requires no external energy to run..</description>
	<graphicData>
      <texPath>Things/Building/Lights/OutdoorGroundLamp</texPath>
      <graphicClass>Graphic_Single</graphicClass>
    </graphicData>
	<rotatable>true</rotatable>
    <comps>
      <li>
        <compClass>CompGlower</compClass>
        <glowRadius>15</glowRadius>
        <glowColor>(217,217,208,0)</glowColor>
      </li>
    </comps>
	<placeWorkers>
      <li>PlaceWorker_NotUnderRoof</li>
    </placeWorkers>
  </ThingDef>
</Buildings>