﻿<?xml version="1.0" encoding="utf-8" ?>
<Resources>

  <ThingDef Name="ResourceBase" Abstract="True">
    <thingClass>ThingWithComps</thingClass>
    <label>unspecified resource</label>
    <category>Item</category>
    <resourceReadoutPriority>Middle</resourceReadoutPriority>
    <useHitPoints>true</useHitPoints>
    <selectable>true</selectable>
    <altitudeLayer>Item</altitudeLayer>
    <stackLimit>75</stackLimit>
    <comps>
      <li>
        <compClass>CompForbiddable</compClass>
      </li>
    </comps>
    <alwaysHaulable>true</alwaysHaulable>
    <drawGUIOverlay>true</drawGUIOverlay>
    <rotatable>false</rotatable>
    <pathCost>15</pathCost>
  </ThingDef>

	<ThingDef ParentName="ResourceBase">
		<defName>Glass</defName>
		<label>glass</label>
		<description>Transparent material that is quite popular despite being fragile.</description>
		<graphicData>
			<texPath>Things/Item/Glass</texPath>
			<graphicClass>Graphic_Single</graphicClass>
		</graphicData>
		<soundInteract>Metal_Drop</soundInteract>
		<soundDrop>Metal_Drop</soundDrop>
		<statBases>
			<MarketValue>7</MarketValue>
			<!--<MeleeWeapon_SharpDamageMultiplier>2</MeleeWeapon_SharpDamageMultiplier>
			<MeleeWeapon_BluntDamageMultiplier>0.1</MeleeWeapon_BluntDamageMultiplier>-->
		</statBases>
		<thingCategories>
			<li>CraftingComponents</li><!--changed from Manufactured-->
		</thingCategories>
		<stuffProps>
			<stuffAdjective>glass</stuffAdjective>
			<categories>
				<li>Glass</li>
			</categories>
			<color>(205,230,250)</color>
			<constructEffect>ConstructMetal</constructEffect>
			<!-- <appearance>Glass</appearance> -->
			<soundImpactStuff>BulletImpactMetal</soundImpactStuff>
			<statFactors>
				<MaxHitPoints>0.2</MaxHitPoints>
				<Flammability>1</Flammability>
				<MeleeWeapon_Cooldown>0.8</MeleeWeapon_Cooldown>
			</statFactors>
		</stuffProps>
	</ThingDef>
	
	<ThingDef ParentName="ResourceBase">
		<defName>ReinforcedGlass</defName>
		<label>Reinforced Glass</label>
		<description>Stronger than normal glass but harder to work with.</description>
		<graphicData>
			<texPath>Things/Item/ReinforcedGlass</texPath>
			<graphicClass>Graphic_Single</graphicClass>
		</graphicData>
		<soundInteract>Metal_Drop</soundInteract>
		<soundDrop>Metal_Drop</soundDrop>
		<statBases>
			<MarketValue>18</MarketValue>
			<!--<MeleeWeapon_SharpDamageMultiplier>2</MeleeWeapon_SharpDamageMultiplier>
			<MeleeWeapon_BluntDamageMultiplier>0.5</MeleeWeapon_BluntDamageMultiplier> -->
		</statBases>
		<thingCategories>
			<li>CraftingComponents</li><!--changed from Manufactured-->
		</thingCategories>
		<stuffProps>
			<stuffAdjective>Reinforced Glass</stuffAdjective>
			<categories>
				<li>Glass</li>
			</categories>
			<color>(240,240,245)</color>
			<constructEffect>ConstructMetal</constructEffect>
			<!-- <appearance>SafetyGlass</appearance> -->
			<soundImpactStuff>BulletImpactMetal</soundImpactStuff>
			<statFactors>
				<MaxHitPoints>1</MaxHitPoints>
				<Flammability>0</Flammability>
				<MeleeWeapon_Cooldown>0.8</MeleeWeapon_Cooldown>
			</statFactors>
		</stuffProps>
	</ThingDef>
	
	<ThingDef ParentName="ResourceBase">
		<defName>LargeCircularGlass</defName>
		<label>large circular glass</label>
		<description>A large piece of circular glass designed for anything from ceiling lights to art pieces..</description>
		<graphicData>
			<texPath>Things/Item/LargeCircularGlass</texPath>
			<graphicClass>Graphic_Single</graphicClass>
		</graphicData>
		<soundInteract>Metal_Drop</soundInteract>
		<soundDrop>Metal_Drop</soundDrop>
		<statBases>
			<MarketValue>10</MarketValue>
			<!--<MeleeWeapon_SharpDamageMultiplier>2</MeleeWeapon_SharpDamageMultiplier>
			<MeleeWeapon_BluntDamageMultiplier>0.5</MeleeWeapon_BluntDamageMultiplier> -->
		</statBases>
		<thingCategories>
			<li>CraftingComponents</li><!--changed from Manufactured-->
		</thingCategories>
		<stuffProps>
			<stuffAdjective>large circular glass</stuffAdjective>
			<categories>
				<li>Glassy</li>
			</categories>
			<color>(240,240,245)</color>
			<constructEffect>ConstructMetal</constructEffect>
			<!-- <appearance>SafetyGlass</appearance> -->
			<soundImpactStuff>BulletImpactMetal</soundImpactStuff>
			<statFactors>
				<MaxHitPoints>1</MaxHitPoints>
				<Flammability>0</Flammability>
				<MeleeWeapon_Cooldown>0.8</MeleeWeapon_Cooldown>
			</statFactors>
		</stuffProps>
	</ThingDef>

</Resources>