<?xml version="1.0" encoding="utf-8" ?>
<ResearchProjectDefs>

<!-- Prostheses -->	

	<ResearchProjectDef>
		<defName>SimpleProsthetics</defName>
		<label>Simple prosthetics</label>
		<description>Advanced anatomy studies and metal testing will allow you to build simple prostheses.</description>
		<totalCost>1500</totalCost>
		<prerequisites>
			<li>HospitalBed</li>
			<li>Machining</li>
		</prerequisites> <!--added new prerequisites-->
	</ResearchProjectDef>

	<ResearchProjectDef>
		<defName>Bionics</defName>
		<label>bionics</label>
		<description>Discovering the concept of very small motors and circuits, new possibilities of better prostheses are now open for you.</description>
		<totalCost>2000</totalCost>
              <prerequisites>
                <li>SimpleProsthetics</li>
                <li>CraftingIV</li> <!--added a new prerequisite-->
              </prerequisites>
	</ResearchProjectDef>
		
<!-- Organs -->	

	<ResearchProjectDef>
		<defName>SurrogateOrgans</defName>
		<label>surrogate organs</label>
		<description>Gaining higher medical knowledge, crafting simple surrogate organs to replace missing ones becomes possible.</description>
		<totalCost>1000</totalCost>
		<prerequisites>
			<li>HospitalBed</li>
			<li>Machining</li>
		</prerequisites> <!--added new prerequisites-->
	</ResearchProjectDef>
	
</ResearchProjectDefs>