﻿<?xml version="1.0" encoding="utf-8" ?>
<Resources>

  <ThingDef Name="ResourceBase" Abstract="True">
    <thingClass>ThingWithComps</thingClass>
    <label>unspecified resource</label>
    <category>Item</category>
    <resourceReadoutPriority>Middle</resourceReadoutPriority>
    <useHitPoints>true</useHitPoints>
    <selectable>true</selectable>
    <altitudeLayer>Item</altitudeLayer>
    <stackLimit>75</stackLimit>
    <comps>
      <li>
        <compClass>CompForbiddable</compClass>
      </li>
    </comps>
    <alwaysHaulable>true</alwaysHaulable>
    <drawGUIOverlay>true</drawGUIOverlay>
    <rotatable>false</rotatable>
    <pathCost>15</pathCost>
  </ThingDef>
	
	
	
	<ThingDef ParentName="ResourceBase">
		<defName>RawCotton</defName>
		<label>cotton fibre</label>
		<description>Fluffy clumps of cotton fibre that can be processed into cloth.</description>
    <graphicData>
      <texPath>Things/CottonFibre</texPath>
      <graphicClass>Graphic_Single</graphicClass>
    </graphicData>
		<soundInteract>Food_Drop</soundInteract>
    <soundDrop>Food_Drop</soundDrop>
    <statBases>
      <MarketValue>0.5</MarketValue>
      <Flammability>1.0</Flammability>
    </statBases>
    <stuffProps>
      <statFactors>
        <MarketValue>1</MarketValue>
        <Beauty>1</Beauty>
      </statFactors>
    </stuffProps>
    <comps>
      <li Class="CompProperties_Rottable">
        <daysToRotStart>14</daysToRotStart>
      </li>
    </comps>
    <thingCategories>
      <li>PlantResources</li><!--changed from RawResource-->
    </thingCategories>
    <stackLimit>150</stackLimit>
	</ThingDef>

</Resources>