﻿<?xml version="1.0" encoding="utf-8"?>
<DefPackage-TraderKindDef>


  <TraderKindDef>
    <defName>GDTanker</defName>
    <label>Greydale Defense tanker</label>
    <stockGenerators>
      <li Class="StockGenerator_SingleDef">
        <thingDef>Silver</thingDef>
        <countRange>
          <min>5000</min>
          <max>7000</max>
        </countRange>
      </li>
      <!--<li Class="StockGenerator_Category">
        <categoryDef>GDWeapons</categoryDef> changed to use a trade tag-->
      <li Class="StockGenerator_Tag">
        <tradeTag>GDWeapons</tradeTag>
        <thingDefCountRange>
          <min>4</min>
          <max>6</max>
        </thingDefCountRange>
        <totalPriceRange>
          <min>800</min>
          <max>9000</max>
        </totalPriceRange>
      </li>
      <li Class="StockGenerator_SingleDef">
        <thingDef>Steel</thingDef>
        <price>Cheap</price>
        <countRange>
          <min>800</min>
          <max>1500</max>
        </countRange>
      </li>
      <li Class="StockGenerator_SingleDef">
        <thingDef>Plasteel</thingDef>
        <price>Cheap</price>
        <countRange>
          <min>300</min>
          <max>700</max>
        </countRange>
      </li>
      <li Class="StockGenerator_SingleDef">
        <thingDef>Cloth</thingDef>
        <price>Normal</price>
        <countRange>
          <min>-200</min>
          <max>600</max>
        </countRange>
      </li>     
      <li Class="StockGenerator_Category">
        <categoryDef>Textiles</categoryDef>
        <thingDefCountRange>
          <min>1</min>
          <max>2</max>
        </thingDefCountRange>
        <price>Cheap</price>
        <totalPriceRange>
          <min>2200</min>
          <max>4000</max>
        </totalPriceRange>
      </li>
      <li Class="StockGenerator_Category">
        <categoryDef>ResourcesRaw</categoryDef>
        <thingDefCountRange>
          <min>2</min>
          <max>4</max>
        </thingDefCountRange>
        <price>Cheap</price>
        <totalPriceRange>
          <min>1500</min>
          <max>3000</max>
        </totalPriceRange>
      </li>
      <li Class="StockGenerator_Category">
        <categoryDef>FoodRaw</categoryDef>
        <thingDefCountRange>
          <min>1</min>
          <max>4</max>
        </thingDefCountRange>
        <price>Cheap</price>
        <totalPriceRange>
          <min>800</min>
          <max>2500</max>
        </totalPriceRange>
      </li>

      <li Class="StockGenerator_SingleDef">
        <thingDef>Apparel_TecVast</thingDef>
        <countRange>
          <min>2</min>
          <max>3</max>
        </countRange>
      </li>

      <li Class="StockGenerator_SingleDef">
        <thingDef>Apparel_TacHelmet</thingDef>
        <countRange>
          <min>2</min>
          <max>3</max>
        </countRange>
      </li>

      <li Class="StockGenerator_SingleDef">
        <thingDef>Apparel_Redoubt</thingDef>
        <countRange>
          <min>2</min>
          <max>3</max>
        </countRange>
      </li>

      <li Class="StockGenerator_SingleDef">
        <thingDef>Apparel_RedoubtHelmet</thingDef>
        <countRange>
          <min>2</min>
          <max>3</max>
        </countRange>
      </li>

      <li Class="StockGenerator_Category">
        <categoryDef>FoodMeals</categoryDef>
        <thingDefCountRange>
          <min>1</min>
          <max>2</max>
        </thingDefCountRange>
        <price>Cheap</price>
        <totalPriceRange>
          <min>500</min>
          <max>1500</max>
        </totalPriceRange>
      </li>
      <li Class="StockGenerator_SingleDef">
        <thingDef>Medicine</thingDef>
        <price>Expensive</price>
        <countRange>
          <min>10</min>
          <max>30</max>
        </countRange>
    </li>
    </stockGenerators>
  </TraderKindDef>

  <TraderKindDef>
    <defName>TESeeker</defName>
    <label>Tisiphone enterprise supply ship</label>
    <stockGenerators>
      <li Class="StockGenerator_SingleDef">
        <thingDef>Silver</thingDef>
        <countRange>
          <min>8000</min>
          <max>10000</max>
        </countRange>
      </li>
      <li Class="StockGenerator_SingleDef">
        <thingDef>Steel</thingDef>
        <price>Expensive</price>
        <countRange>
          <min>0</min>
          <max>0</max>
        </countRange>
      </li>
      <li Class="StockGenerator_SingleDef">
        <thingDef>Plasteel</thingDef>
        <price>Expensive</price>
        <countRange>
          <min>0</min>
          <max>0</max>
        </countRange>
      </li>
      <li Class="StockGenerator_Category">
        <categoryDef>Textiles</categoryDef>
        <thingDefCountRange>
          <min>-1</min>
          <max>2</max>
        </thingDefCountRange>
        <price>Expensive</price>
        <totalPriceRange>
          <min>10</min>
          <max>30</max>
        </totalPriceRange>
      </li>
      <li Class="StockGenerator_Category">
        <categoryDef>ResourcesRaw</categoryDef>
        <thingDefCountRange>
          <min>-1</min>
          <max>2</max>
        </thingDefCountRange>
        <price>Expensive</price>
        <totalPriceRange>
          <min>100</min>
          <max>200</max>
        </totalPriceRange>
      </li>
      <li Class="StockGenerator_Category">
        <categoryDef>FoodRaw</categoryDef>
        <thingDefCountRange>
          <min>-1</min>
          <max>22</max>
        </thingDefCountRange>
        <price>Expensive</price>
        <totalPriceRange>
          <min>100</min>
          <max>200</max>
        </totalPriceRange>
      </li>

      <li Class="StockGenerator_Category">
        <categoryDef>FoodMeals</categoryDef>
        <thingDefCountRange>
          <min>1</min>
          <max>2</max>
        </thingDefCountRange>
        <price>Expensive</price>
        <totalPriceRange>
          <min>500</min>
          <max>1500</max>
        </totalPriceRange>
      </li>
      <li Class="StockGenerator_SingleDef">
        <thingDef>Medicine</thingDef>
        <price>Expensive</price>
        <countRange>
          <min>10</min>
          <max>30</max>
        </countRange>
    </li>

      <!--<li Class="StockGenerator_Category">
        <categoryDef>TEWeapons</categoryDef> changed to use a trade tag-->
      <li Class="StockGenerator_Tag">
        <tradeTag>TEWeapons</tradeTag>
        <thingDefCountRange>
          <min>4</min>
          <max>5</max>
        </thingDefCountRange>
        <totalPriceRange>
          <min>2000</min>
          <max>9000</max>
        </totalPriceRange>
      </li>
    </stockGenerators>
  </TraderKindDef>

</DefPackage-TraderKindDef>