﻿<?xml version="1.0" encoding="utf-8" ?>
<ResearchProjectDefs>

	<ResearchProjectDef>
		<defName>ResearchNanoStorage</defName>
		<label>Nano Storage</label>
		<description>Research how to expand your storage capabilities.</description>
		<descriptionDiscovered>Now you can build a specialized storage. Each nano storage can hold up to ten items.</descriptionDiscovered>
		<totalCost>500</totalCost>
		<prerequisites>
			<li>ConstructionII</li>
		</prerequisites>
	</ResearchProjectDef>
	
</ResearchProjectDefs>