<?xml version="1.0" encoding="utf-8" ?>
<Buildings>

	<ThingDef Name="BuildingBase" Abstract="True">
		<category>Building</category>
		<soundImpactDefault>BulletImpactMetal</soundImpactDefault>
		<selectable>true</selectable>
		<drawerType>MapMeshAndRealTime</drawerType>
		<terrainAffordanceNeeded>Light</terrainAffordanceNeeded>
		<repairEffect>Repair</repairEffect>
		<leaveResourcesWhenKilled>true</leaveResourcesWhenKilled>
		<filthLeaving>BuildingRubble</filthLeaving>
	</ThingDef>

	<!--========================= Roof Support ============================= -->
	<ThingDef ParentName="BuildingBase" Name="RoofSupport">
		<defName>RoofSupport</defName>
		<label>roof support</label>
		<thingClass>Building</thingClass>
		<category>Building</category>
		<description>A structural column capable of holding up a roof. Does not impede movement or provide cover.</description>
		<graphicData>
		<texPath>Things/Building/RoofSupport</texPath>
		<graphicClass>Graphic_Single</graphicClass>
		<shadowData>
			<volume>(0.2, 1, 0.2)</volume>
			</shadowData>
		</graphicData>
		<useHitPoints>true</useHitPoints>
		<statBases>
			<MaxHitPoints>225</MaxHitPoints>
			<WorkToMake>150</WorkToMake>
			<Flammability>1.0</Flammability>
		</statBases>
		<building>
			<isInert>true</isInert>
			<ignoreNeedsPower>true</ignoreNeedsPower>
		</building>
		<stuffCategories>
			<li>Metallic</li>
			<li>Woody</li>
			<li>Stony</li>
		</stuffCategories>
		<costStuffCount>6</costStuffCount>
		<altitudeLayer>BuildingTall</altitudeLayer>
		<passability>Standable</passability>
		<fillPercent>0</fillPercent>
		<tickerType>Never</tickerType>
		<rotatable>false</rotatable>
		<selectable>true</selectable>
		<terrainAffordanceNeeded>Heavy</terrainAffordanceNeeded>
		<holdsRoof>true</holdsRoof>
		<designationCategory>Structure</designationCategory>
		<blockLight>false</blockLight>
		<specialDisplayRadius>5.9</specialDisplayRadius>
		<damageMultipliers>
			<li>
				<damageDef>Bomb</damageDef>
				<multiplier>3</multiplier>
			</li>
		</damageMultipliers>
		<researchPrerequisite>Stonecutting</researchPrerequisite>
	</ThingDef>
</Buildings>