<?xml version="1.0" encoding="UTF-8"?>

<RecipeDefs>

   <RecipeDef Abstract="True" Name="RecipeSurrogateOrgan">
      <workSpeedStat>TailoringSpeed</workSpeedStat>
      <soundWorking>Recipe_MakeClothes</soundWorking>
	  <unfinishedThingDef>UnfinishedProsthesis</unfinishedThingDef>
      <workSkill>Crafting</workSkill>
      <workAmount>4500</workAmount>
      <skillRequirements>
         <li>
            <skill>Crafting</skill>
            <minLevel>7</minLevel>
         </li>
      </skillRequirements>
   </RecipeDef>
   
   <RecipeDef ParentName="RecipeSurrogateOrgan">
      <defName>CreateBrainStimulator</defName>
      <label>craft brain stimulator</label>
      <description>Creates a simple brain stimulator from steel, plasteel and cloth.</description>
      <jobString>Creating surrogate organ.</jobString>
      <products>
         <BrainStimulator>1</BrainStimulator>
      </products>
      <ingredients>
         <li>
            <filter>
               <thingDefs>
                  <li>Cloth</li>
               </thingDefs>
            </filter>
            <count>25</count>
         </li>
         <li>
            <filter>
               <thingDefs>
                  <li>Steel</li>
               </thingDefs>
            </filter>
            <count>25</count>
         </li>
         <li>
            <filter>
               <thingDefs>
                  <li>Plasteel</li>
               </thingDefs>
            </filter>
            <count>50</count>
         </li>
      </ingredients>
      <fixedIngredientFilter>
         <thingDefs>
            <li>Cloth</li>
            <li>Steel</li>
            <li>Plasteel</li>
         </thingDefs>
      </fixedIngredientFilter>
   </RecipeDef>
   
   <RecipeDef ParentName="RecipeSurrogateOrgan">
      <defName>CreateSurrogateLung</defName>
      <label>Create surrogate lung</label>
      <description>Creates a surrogate lung from cloth and plasteel.</description>
      <jobString>Creating surrogate organ.</jobString>
      <ingredients>
         <li>
            <filter>
               <thingDefs>
                  <li>Cloth</li>
               </thingDefs>
            </filter>
            <count>15</count>
         </li>
         <li>
            <filter>
               <thingDefs>
                  <li>Plasteel</li>
               </thingDefs>
            </filter>
            <count>5</count>
         </li>
      </ingredients>
      <fixedIngredientFilter>
         <thingDefs>
            <li>Cloth</li>
            <li>Plasteel</li>
         </thingDefs>
      </fixedIngredientFilter>
      <products>
         <SurrogateLung>1</SurrogateLung>
      </products>
   </RecipeDef>
   
   <RecipeDef ParentName="RecipeSurrogateOrgan">
      <defName>CreateSurrogateStomach</defName>
      <label>Create surrogate stomach</label>
      <description>Creates a surrogate stomach from cloth and plasteel.</description>
      <jobString>Creating surrogate organ.</jobString>
      <ingredients>
         <li>
            <filter>
               <thingDefs>
                  <li>Cloth</li>
               </thingDefs>
            </filter>
            <count>10</count>
         </li>
         <li>
            <filter>
               <thingDefs>
                  <li>Plasteel</li>
               </thingDefs>
            </filter>
            <count>5</count>
         </li>
      </ingredients>
      <fixedIngredientFilter>
         <thingDefs>
            <li>Cloth</li>
            <li>Plasteel</li>
         </thingDefs>
      </fixedIngredientFilter>
      <products>
         <SurrogateStomach>1</SurrogateStomach>
      </products>
   </RecipeDef>
   
   <RecipeDef ParentName="RecipeSurrogateOrgan">
      <defName>CreateSurrogateLiver</defName>
      <label>Create surrogate liver</label>
      <description>Creates a surrogate liver from cloth and plasteel.</description>
      <jobString>Creating surrogate organ.</jobString>
      <ingredients>
         <li>
            <filter>
               <thingDefs>
                  <li>Cloth</li>
               </thingDefs>
            </filter>
            <count>10</count>
         </li>
         <li>
            <filter>
               <thingDefs>
                  <li>Plasteel</li>
               </thingDefs>
            </filter>
            <count>5</count>
         </li>
      </ingredients>
      <fixedIngredientFilter>
         <thingDefs>
            <li>Cloth</li>
            <li>Plasteel</li>
         </thingDefs>
      </fixedIngredientFilter>
      <products>
         <SurrogateLiver>1</SurrogateLiver>
      </products>
   </RecipeDef>
   
   <RecipeDef ParentName="RecipeSurrogateOrgan">
      <defName>CreateSurrogateKidney</defName>
      <label>Create surrogate kidney</label>
      <description>Creates a surrogate kidney from cloth and plasteel.</description>
      <jobString>Creating surrogate organ.</jobString>
      <ingredients>
         <li>
            <filter>
               <thingDefs>
                  <li>Cloth</li>
               </thingDefs>
            </filter>
            <count>10</count>
         </li>
         <li>
            <filter>
               <thingDefs>
                  <li>Plasteel</li>
               </thingDefs>
            </filter>
            <count>5</count>
         </li>
      </ingredients>
      <fixedIngredientFilter>
         <thingDefs>
            <li>Cloth</li>
            <li>Plasteel</li>
         </thingDefs>
      </fixedIngredientFilter>
      <products>
         <SurrogateKidney>1</SurrogateKidney>
      </products>
   </RecipeDef>
   
   <RecipeDef ParentName="RecipeSurrogateOrgan">
      <defName>CreateSurrogateHeart</defName>
      <label>Create surrogate heart</label>
      <description>Creates an surrogate heart cloth and plasteel.</description>
      <jobString>Creating surrogate organ.</jobString>
      <ingredients>
         <li>
            <filter>
               <thingDefs>
                  <li>Cloth</li>
               </thingDefs>
            </filter>
            <count>20</count>
         </li>
         <li>
            <filter>
               <thingDefs>
                  <li>Plasteel</li>
               </thingDefs>
            </filter>
            <count>15</count>
         </li>
      </ingredients>
      <fixedIngredientFilter>
         <thingDefs>
            <li>Cloth</li>
            <li>Plasteel</li>
         </thingDefs>
      </fixedIngredientFilter>
      <products>
         <SurrogateHeart>1</SurrogateHeart>
      </products>
   </RecipeDef>
   
</RecipeDefs>