<?xml version="1.0" encoding="UTF-8"?>

<RecipeDefs>

   <RecipeDef Abstract="True" Name="RecipeAdvancedProsthesis">
      <workSpeedStat>TailoringSpeed</workSpeedStat>
      <soundWorking>EPOEAssembling</soundWorking>
	  <unfinishedThingDef>UnfinishedProsthesis</unfinishedThingDef>
      <workSkill>Crafting</workSkill>
      <workAmount>10000</workAmount>
      <skillRequirements>
         <li>
            <skill>Crafting</skill>
            <minLevel>10</minLevel>
         </li>
      </skillRequirements>
   </RecipeDef>
   
   <RecipeDef ParentName="RecipeAdvancedProsthesis">
      <defName>CreateAdvancedBionicEye</defName>
      <label>Upgrade bionic eye</label>
      <description>Upgrades a bionic eye with vancidium.</description>
      <jobString>Upgrading bionic.</jobString>
      <ingredients>
         <li>
            <filter>
               <thingDefs>
                  <li>BionicEye</li>
               </thingDefs>
            </filter>
            <count>1</count>
         </li>
         <li>
            <filter>
               <thingDefs>
                  <li>Vancidium</li>
               </thingDefs>
            </filter>
            <count>10</count>
         </li>
      </ingredients>
      <fixedIngredientFilter>
         <thingDefs>
            <li>BionicEye</li>
            <li>Vancidium</li>
         </thingDefs>
      </fixedIngredientFilter>
      <products>
         <AdvancedBionicEye>1</AdvancedBionicEye>
      </products>
   </RecipeDef>
   
   <RecipeDef ParentName="RecipeAdvancedProsthesis">
      <defName>CreateAdvancedPowerArm</defName>
      <label>Upgrade power arm</label>
      <description>Upgrades a power arm with vancidium.</description>
      <jobString>Upgrading bionic.</jobString>
      <products>
         <AdvancedPowerArm>1</AdvancedPowerArm>
      </products>
      <ingredients>
         <li>
            <filter>
               <thingDefs>
                  <li>PowerArm</li>
               </thingDefs>
            </filter>
            <count>1</count>
         </li>
         <li>
            <filter>
               <thingDefs>
                  <li>Vancidium</li>
               </thingDefs>
            </filter>
            <count>20</count>
         </li>
      </ingredients>
      <fixedIngredientFilter>
         <thingDefs>
            <li>PowerArm</li>
            <li>Vancidium</li>
         </thingDefs>
      </fixedIngredientFilter>
   </RecipeDef>
   
   <RecipeDef ParentName="RecipeAdvancedProsthesis">
      <defName>CreateAdvancedBionicArm</defName>
      <label>Upgrade bionic arm</label>
      <description>Upgrades a bionic arm with vancidium.</description>
      <jobString>Upgrading bionic.</jobString>
      <products>
         <AdvancedBionicArm>1</AdvancedBionicArm>
      </products>
      <ingredients>
         <li>
            <filter>
               <thingDefs>
                  <li>BionicArm</li>
               </thingDefs>
            </filter>
            <count>1</count>
         </li>
         <li>
            <filter>
               <thingDefs>
                  <li>Vancidium</li>
               </thingDefs>
            </filter>
            <count>15</count>
         </li>
      </ingredients>
      <fixedIngredientFilter>
         <thingDefs>
            <li>BionicArm</li>
            <li>Vancidium</li>
         </thingDefs>
      </fixedIngredientFilter>
   </RecipeDef>
   
   <RecipeDef ParentName="RecipeAdvancedProsthesis">
      <defName>CreateAdvancedBionicHand</defName>
      <label>Upgrade bionic hand</label>
      <description>Upgrades a bionic hand with vancidium.</description>
      <jobString>Upgrading bionic.</jobString>
      <products>
         <AdvancedBionicHand>1</AdvancedBionicHand>
      </products>
      <ingredients>
         <li>
            <filter>
               <thingDefs>
                  <li>BionicHand</li>
               </thingDefs>
            </filter>
            <count>1</count>
         </li>
         <li>
            <filter>
               <thingDefs>
                  <li>Vancidium</li>
               </thingDefs>
            </filter>
            <count>10</count>
         </li>
      </ingredients>
      <fixedIngredientFilter>
         <thingDefs>
            <li>BionicHand</li>
            <li>Vancidium</li>
         </thingDefs>
      </fixedIngredientFilter>
   </RecipeDef>
   
   <RecipeDef ParentName="RecipeAdvancedProsthesis">
      <defName>CreateAdvancedBionicFoot</defName>
      <label>Upgrade bionic foot</label>
      <description>Upgrades a bionic foot with vancidium.</description>
      <jobString>Upgrading bionic.</jobString>
      <products>
         <AdvancedBionicFoot>1</AdvancedBionicFoot>
      </products>
      <ingredients>
         <li>
            <filter>
               <thingDefs>
                  <li>BionicFoot</li>
               </thingDefs>
            </filter>
            <count>1</count>
         </li>
         <li>
            <filter>
               <thingDefs>
                  <li>Vancidium</li>
               </thingDefs>
            </filter>
            <count>10</count>
         </li>
      </ingredients>
      <fixedIngredientFilter>
         <thingDefs>
            <li>BionicFoot</li>
            <li>Vancidium</li>
         </thingDefs>
      </fixedIngredientFilter>
   </RecipeDef>
   
   <RecipeDef ParentName="RecipeAdvancedProsthesis">
      <defName>CreateAdvancedBionicLeg</defName>
      <label>Upgrade bionic leg</label>
      <description>Upgrades a bionic leg with vancidium.</description>
      <jobString>Upgrading bionic.</jobString>
      <products>
         <AdvancedBionicLeg>1</AdvancedBionicLeg>
      </products>
      <ingredients>
         <li>
            <filter>
               <thingDefs>
                  <li>BionicLeg</li>
               </thingDefs>
            </filter>
            <count>1</count>
         </li>
         <li>
            <filter>
               <thingDefs>
                  <li>Vancidium</li>
               </thingDefs>
            </filter>
            <count>15</count>
         </li>
      </ingredients>
      <fixedIngredientFilter>
         <thingDefs>
            <li>BionicLeg</li>
            <li>Vancidium</li>
         </thingDefs>
      </fixedIngredientFilter>
   </RecipeDef>
   
   <RecipeDef ParentName="RecipeAdvancedProsthesis">
      <defName>CreateAdvancedBionicJaw</defName>
      <label>Upgrade bionic jaw</label>
      <description>Upgrades a bionic jaw with vancidium.</description>
      <jobString>Upgrading bionic.</jobString>
      <ingredients>
         <li>
            <filter>
               <thingDefs>
                  <li>BionicJaw</li>
               </thingDefs>
            </filter>
            <count>1</count>
         </li>
         <li>
            <filter>
               <thingDefs>
                  <li>Vancidium</li>
               </thingDefs>
            </filter>
            <count>15</count>
         </li>
      </ingredients>
      <fixedIngredientFilter>
         <thingDefs>
            <li>BionicJaw</li>
            <li>Vancidium</li>
         </thingDefs>
      </fixedIngredientFilter>
      <products>
         <AdvancedBionicJaw>1</AdvancedBionicJaw>
      </products>
   </RecipeDef>
   
   <RecipeDef ParentName="RecipeAdvancedProsthesis">
      <defName>CreateAdvancedBionicEar</defName>
      <label>Upgrade bionic ear</label>
      <description>Upgrades a bionic ear with vancidium.</description>
      <jobString>Upgrading bionic.</jobString>
      <ingredients>
         <li>
            <filter>
               <thingDefs>
                  <li>BionicEar</li>
               </thingDefs>
            </filter>
            <count>1</count>
         </li>
         <li>
            <filter>
               <thingDefs>
                  <li>Vancidium</li>
               </thingDefs>
            </filter>
            <count>10</count>
         </li>
      </ingredients>
      <fixedIngredientFilter>
         <thingDefs>
            <li>BionicEar</li>
            <li>Vancidium</li>
         </thingDefs>
      </fixedIngredientFilter>
      <products>
         <AdvancedBionicEar>1</AdvancedBionicEar>
      </products>
   </RecipeDef>
   
   <RecipeDef ParentName="RecipeAdvancedProsthesis">
      <defName>CreateAdvancedBionicSpine</defName>
      <label>Upgrade bionic spine</label>
      <description>Upgrades a bionic spine with vancidium.</description>
      <jobString>Upgrading bionic.</jobString>
      <ingredients>
         <li>
            <filter>
               <thingDefs>
                  <li>BionicSpine</li>
               </thingDefs>
            </filter>
            <count>1</count>
         </li>
         <li>
            <filter>
               <thingDefs>
                  <li>Vancidium</li>
               </thingDefs>
            </filter>
            <count>15</count>
         </li>
      </ingredients>
      <fixedIngredientFilter>
         <thingDefs>
            <li>BionicSpine</li>
            <li>Vancidium</li>
         </thingDefs>
      </fixedIngredientFilter>
      <products>
         <AdvancedBionicSpine>1</AdvancedBionicSpine>
      </products>
   </RecipeDef>

   <RecipeDef ParentName="RecipeAdvancedProsthesis">
      <defName>CreatePowerClaw</defName>
      <label>Upgrade scyther blade</label>
      <description>Upgrades a scyther blade to a power claw using steel and vancidium.</description>
      <jobString>Upgrading bionic.</jobString>
      <ingredients>
         <li>
            <filter>
               <thingDefs>
                  <li>ScytherBlade</li>
               </thingDefs>
            </filter>
            <count>1</count>
         </li>
         <li>
            <filter>
               <thingDefs>
                  <li>Vancidium</li>
               </thingDefs>
            </filter>
            <count>10</count>
         </li>
         <li>
            <filter>
               <thingDefs>
                  <li>Steel</li>
               </thingDefs>
            </filter>
            <count>35</count>
         </li>
      </ingredients>
      <fixedIngredientFilter>
         <thingDefs>
            <li>ScytherBlade</li>
            <li>Steel</li>
            <li>Vancidium</li>
         </thingDefs>
      </fixedIngredientFilter>
      <products>
         <PowerClaw>1</PowerClaw>
      </products>
   </RecipeDef>

   <RecipeDef ParentName="RecipeAdvancedProsthesis">
    <defName>CreateExoskeletonSuit</defName>
    <label>Craft exoskeleton suit</label>
    <description>Crafts an exoskeleton suit from steel and plasteel. Requires the 3D printer and a moderate amount of time.</description>
    <jobString>Crafting bionic.</jobString>
	<ingredients>
      <li>
        <filter>
          <thingDefs>
            <li>Plasteel</li>
          </thingDefs>
        </filter>
        <count>75</count> 
     </li>
	 <li>
        <filter>
          <thingDefs>
            <li>Steel</li>
          </thingDefs>
        </filter>
        <count>60</count> 
     </li>
	 <li>
        <filter>
          <thingDefs>
            <li>Vancidium</li>
          </thingDefs>
        </filter>
        <count>5</count> 
     </li>
    </ingredients>
	<fixedIngredientFilter>
			<thingDefs>
				<li>Plasteel</li>
				<li>Steel</li>
				<li>Vancidium</li>
			</thingDefs>
		</fixedIngredientFilter>	
	<products>
		<ExoskeletonSuit>1</ExoskeletonSuit>
	</products>
  </RecipeDef>  
      
</RecipeDefs>