<?xml version="1.0" encoding="UTF-8"?>

<RecipeDefs>

   <RecipeDef Abstract="True" Name="RecipeBasicProsthesis">
      <workSpeedStat>TailoringSpeed</workSpeedStat>
	  <unfinishedThingDef>UnfinishedProsthesis</unfinishedThingDef>
      <workSkill>Crafting</workSkill>
      <workAmount>2500</workAmount>
   </RecipeDef>

   <RecipeDef ParentName="RecipeBasicProsthesis">
      <defName>CreateSteelArm</defName>
      <label>Craft steel arm</label>
      <description>Crafts a steel arm from steel.</description>
      <jobString>Crafting prosthesis.</jobString>
      <soundWorking>EPOEAssembling</soundWorking>
      <products>
         <SteelArm>1</SteelArm>
      </products>
      <ingredients>
         <li>
            <filter>
               <thingDefs>
                  <li>Steel</li>
               </thingDefs>
            </filter>
            <count>75</count>
         </li>
      </ingredients>
      <fixedIngredientFilter>
         <thingDefs>
            <li>Steel</li>
         </thingDefs>
      </fixedIngredientFilter>
   </RecipeDef>

   <RecipeDef ParentName="RecipeBasicProsthesis">
      <defName>CreateHookHand</defName>
      <label>Craft hook hand</label>
      <description>Tailors a hook hand from fabric and metal.</description>
      <jobString>Crafting prosthesis.</jobString>
      <soundWorking>Recipe_MakeWoodPlanks_Hand</soundWorking>
      <products>
         <HookHand>1</HookHand>
      </products>
      <ingredients>
         <li>
            <filter>
               <thingDefs>
                  <li>Steel</li>
               </thingDefs>
            </filter>
            <count>15</count>
         </li>
         <li>
            <filter>
               <categories>
                  <li>Textiles</li>
               </categories>
            </filter>
            <count>20</count>
         </li>
      </ingredients>
      <fixedIngredientFilter>
         <thingDefs>
            <li>Steel</li>
         </thingDefs>
         <categories>
            <li>Textiles</li>
         </categories>
      </fixedIngredientFilter>
   </RecipeDef>

   
</RecipeDefs>