<?xml version="1.0" encoding="utf-8" ?>
<Defs>
 <ThingDef Name="ResourceBase" Abstract="True">
    <thingClass>ThingWithComps</thingClass>
    <label>unspecified resource</label>
    <category>Item</category>
    <resourceReadoutPriority>Middle</resourceReadoutPriority>
    <useHitPoints>true</useHitPoints>
    <selectable>true</selectable>
    <altitudeLayer>Item</altitudeLayer>
    <stackLimit>75</stackLimit>
    <comps>
      <li>
        <compClass>CompForbiddable</compClass>
      </li>
    </comps>
    <alwaysHaulable>true</alwaysHaulable>
    <drawGUIOverlay>true</drawGUIOverlay>
    <rotatable>false</rotatable>
    <pathCost>15</pathCost>
  </ThingDef>
  
  <ThingDef ParentName="ResourceBase">
    <defName>RamWool</defName>
    <label>ram wool</label>
    <description>Soft, light and provides very good insulation. Wool clothes can keep the body warm even in extreme conditions.</description>
    <graphicData>
      <texPath>Things/Item/Resource/Wool</texPath>
      <graphicClass>Graphic_Single</graphicClass>
      <color>(221,211,186)</color>
      <!--<color>(179,192,186)</color>-->
    </graphicData>
    <statBases>
      <MaxHitPoints>90</MaxHitPoints>
      <MarketValue>3</MarketValue>
      <Flammability>1.0</Flammability>
      <DeteriorationRate>1.7</DeteriorationRate>
    </statBases>
    <stackLimit>100</stackLimit>
    <stuffProps>
      <categories>
        <li>Fabric</li>
      </categories>
	  <color>(221,211,186)</color>
      <!--<color>(179,192,186)</color>-->
      <statOffsets>
        <ArmorRating_Blunt>0.01</ArmorRating_Blunt>
        <ArmorRating_Heat>0.05</ArmorRating_Heat>
        <ArmorRating_Electric>0.01</ArmorRating_Electric>
      </statOffsets>
      <statFactors>
        <ArmorRating_Blunt>1.0</ArmorRating_Blunt>
        <ArmorRating_Heat>2.2</ArmorRating_Heat>
        <ArmorRating_Electric>1.2</ArmorRating_Electric>
        <Insulation_Cold>3.0</Insulation_Cold>
        <Insulation_Heat>3.0</Insulation_Heat>
      </statFactors>
    </stuffProps>
    <thingCategories>
      <li>WoolResources</li> <!--changed from Textiles-->
    </thingCategories>
  </ThingDef>
 </Defs>