﻿<?xml version="1.0" encoding="utf-8" ?>
<TerrainDefs>


  <TerrainDef Name="FloorBase" Abstract="True">
    <layerable>true</layerable>
    <affordances>
      <li>Light</li>
      <li>Heavy</li>
      <li>SmoothHard</li>
    </affordances>
    <statBases>
      <WorkToMake>135</WorkToMake>
    </statBases>
    <!-- <designationCategory>Floors</designationCategory> -->
    <Fertility>0</Fertility>
    <constructEffect>ConstructDirt</constructEffect>
    <AcceptTerrainSourceFilth>True</AcceptTerrainSourceFilth>
    <terrainAffordanceNeeded>Light</terrainAffordanceNeeded>
	<ResearchPrerequisite>CraftingI</ResearchPrerequisite>
  </TerrainDef><!--added prerequisite-->

  

  <!-- ================= Misc ================= -->

  <TerrainDef ParentName="FloorBase">
    <DefName>MetalTile</DefName>
    <label>metal tile</label>
    <RenderPrecedence>240</RenderPrecedence>
    <Description>Metal tiles, for that spaceship look. Pretty, but labor and material-intensive.</Description>
    <texturePath>Terrain/Surfaces/GenericFloorTile</texturePath>
    <color>(0.369, 0.369, 0.369)</color>
    <statBases>
      <Beauty>2</Beauty>
      <WorkToMake>500</WorkToMake>
    </statBases>
    <CostList>
      <Steel>5</Steel>
    </CostList>
    <constructEffect>ConstructMetal</constructEffect>
	<designationCategory>MoreFloors</designationCategory> <!--changed to more floors which is now stone/metal floors-->
  </TerrainDef>
  
  <TerrainDef ParentName="FloorBase">
    <DefName>SilverTile</DefName>
    <label>silver tile</label>
    <RenderPrecedence>241</RenderPrecedence>
    <Description>Expensive and slow to build, but very pretty. Fits perfectly into all kinds of luxurious rooms.</Description>
    <texturePath>Terrain/Surfaces/GenericFloorTile</texturePath>
    <color>(0.45, 0.45, 0.45)</color>
    <statBases>
      <Beauty>3</Beauty>
      <WorkToMake>1200</WorkToMake>
    </statBases>
    <CostList>
      <Silver>85</Silver>
    </CostList>
    <constructEffect>ConstructMetal</constructEffect>
	<designationCategory>MoreFloors</designationCategory> <!--changed to more floors which is now stone/metal floors-->
  </TerrainDef>
  
  <TerrainDef ParentName="FloorBase">
    <DefName>GoldTile</DefName>
    <label>gold tile</label>
    <RenderPrecedence>242</RenderPrecedence>
    <Description>The most beautiful and impressive kind of floor. Very expensive and requires a lot of work to build.</Description>
    <texturePath>Terrain/Surfaces/GenericFloorTile</texturePath>
    <color>(0.65, 0.65, 0.35)</color>
    <statBases>
      <Beauty>4</Beauty>
      <WorkToMake>1800</WorkToMake>
    </statBases>
    <CostList>
      <Gold>85</Gold>
    </CostList>
    <constructEffect>ConstructMetal</constructEffect>
	<designationCategory>MoreFloors</designationCategory> <!--changed to more floors which is now stone/metal floors-->
  </TerrainDef>
  
  <TerrainDef ParentName="FloorBase">
    <DefName>SterileTile</DefName>
    <label>sterile tile</label>
    <RenderPrecedence>243</RenderPrecedence>
    <Description>Sterile tiles help keep the room clean. Very useful in hospitals to prevent patients from getting various infections. Neutral in terms of looks and very slow to build.</Description>
    <texturePath>Terrain/Surfaces/GenericFloorTile</texturePath>
    <color>(0.71, 0.71, 0.71)</color>
    <statBases>
      <Cleanliness>0.6</Cleanliness>
      <WorkToMake>1650</WorkToMake>
    </statBases>
    <CostList>
      <Steel>3</Steel>
      <Silver>15</Silver>
    </CostList>
    <constructEffect>ConstructMetal</constructEffect>
	<designationCategory>MoreFloors</designationCategory> <!--changed to more floors which is now stone/metal floors-->
  </TerrainDef>

  <TerrainDef ParentName="FloorBase">
    <DefName>PavedTile</DefName>
    <label>paved tile</label>
    <RenderPrecedence>230</RenderPrecedence>
    <Description>Utilitarian concrete tiles. Cheap and quick to move around on, but neutral in terms of looks and slow to build.</Description>
    <texturePath>Terrain/Surfaces/PavedTile</texturePath>
    <statBases>
      <WorkToMake>400</WorkToMake>
    </statBases>
    <CostList>
      <Steel>2</Steel>
    </CostList>
	<designationCategory>MoreFloors</designationCategory> <!--changed to more floors which is now stone/metal floors-->
  </TerrainDef>

  <TerrainDef ParentName="FloorBase">
    <defName>Concrete</defName>
    <label>concrete</label>
    <Description>Quick-poured concrete. Fast to walk on, cheap, and very quick to pour, but quite ugly.</Description>
    <texturePath>Terrain/Surfaces/Concrete</texturePath>
    <EdgeType>Hard</EdgeType>
    <RenderPrecedence>70</RenderPrecedence>
    <statBases>
      <WorkToMake>70</WorkToMake>
      <Beauty>-1</Beauty>
    </statBases>
    <CostList>
      <Steel>1</Steel>
    </CostList>
	<designationCategory>MoreFloors</designationCategory> <!--changed to more floors which is now stone/metal floors-->
  </TerrainDef>

  <TerrainDef  ParentName="FloorBase">
    <DefName>WoodPlankFloor</DefName>
    <label>wood floor</label>
    <RenderPrecedence>250</RenderPrecedence>
    <Description>Wood plank flooring. For that warm, homey feeling.</Description>
    <texturePath>Terrain/Surfaces/WoodFloor</texturePath>
    <statBases>
      <WorkToMake>85</WorkToMake>
    </statBases>
    <CostList>
      <WoodLog>3</WoodLog>
    </CostList>
    <constructEffect>ConstructWood</constructEffect>
	<designationCategory>Floors</designationCategory> <!-- kept as floors which is now wood floors -->
  </TerrainDef>


  <!-- ================= Carpets ================= -->

    <TerrainDef Name="CarpetBase" ParentName="FloorBase" Abstract="True">
    <texturePath>Terrain/Surfaces/Carpet</texturePath>
    <ResearchPrerequisite>CarpetMaking</ResearchPrerequisite>
    <CostList>
      <Cloth>7</Cloth>
    </CostList>
    <statBases>
      <Beauty>2</Beauty>
    </statBases>
	<designationCategory>CarpetedFloors</designationCategory> <!--changed from floors-->
  </TerrainDef>
  
  <TerrainDef ParentName="CarpetBase">
    <DefName>CarpetRed</DefName>
    <label>red carpet</label>
    <RenderPrecedence>200</RenderPrecedence>
    <Description>Plush carpet in a lovely rose hue.</Description>
    <color>(118,49,57)</color>
  </TerrainDef>

  <TerrainDef ParentName="CarpetBase">
    <DefName>CarpetGreen</DefName>
    <label>green carpet</label>
    <RenderPrecedence>199</RenderPrecedence>
    <Description>Naturalistic-feeling green carpet.</Description>
    <color>(89,105,62)</color>
  </TerrainDef>

  <TerrainDef ParentName="CarpetBase">
    <DefName>CarpetBlue</DefName>
    <label>blue carpet</label>
    <RenderPrecedence>198</RenderPrecedence>
    <Description>Toe-hugging plush carpet in a cool blue color.</Description>
    <color>(24,65,121)</color>
  </TerrainDef>

  <TerrainDef ParentName="CarpetBase">
    <DefName>CarpetCream</DefName>
    <label>cream carpet</label>
    <RenderPrecedence>197</RenderPrecedence>
    <Description>Inviting cream-colored carpet.</Description>
    <color>(195,192,176)</color>
  </TerrainDef>

  <TerrainDef ParentName="CarpetBase">
    <DefName>CarpetDark</DefName>
    <label>dark carpet</label>
    <RenderPrecedence>196</RenderPrecedence>
    <Description>Professional-looking dark gray carpet.</Description>
    <color>(81,81,81)</color>
  </TerrainDef>


</TerrainDefs>