﻿<?xml version="1.0" encoding="utf-8" ?>
<Defs>

  <TerrainDef Name="FloorBase" Abstract="True">
    <layerable>true</layerable>
    <affordances>
      <li>Light</li>
      <li>Heavy</li>
      <li>SmoothHard</li>
    </affordances>
    <statBases>
      <WorkToMake>135</WorkToMake>
    </statBases>
    <designationCategory>MoreFloors</designationCategory> <!--changed floors to more floors which is now stone/metal floors-->
    <Fertility>0</Fertility>
    <constructEffect>ConstructDirt</constructEffect>
    <AcceptTerrainSourceFilth>True</AcceptTerrainSourceFilth>
    <terrainAffordanceNeeded>Light</terrainAffordanceNeeded>
	<ResearchPrerequisite>CraftingI</ResearchPrerequisite>
  </TerrainDef><!--added prerequisite-->



  <TerrainDef Abstract="True" ParentName="FloorBase" Name="TileStoneBase">
    <RenderPrecedence>220</RenderPrecedence>
    <Description>Solid stone tiles for a castle feeling. Pretty to look at, but they take a long time to lay.</Description>
    <texturePath>Terrain/Surfaces/TileStone</texturePath>
    <statBases>
      <WorkToMake>700</WorkToMake>
      <Beauty>2</Beauty>
    </statBases>
  </TerrainDef>
  
  
  <TerrainDef ParentName="TileStoneBase">
    <DefName>TileSandstone</DefName>
    <label>sandstone tile</label>
    <color>(126,104,94)</color>
    <CostList>
      <BlocksSandstone>4</BlocksSandstone>
    </CostList>
  </TerrainDef>


  <TerrainDef ParentName="TileStoneBase">
    <DefName>TileGranite</DefName>
    <label>granite tile</label>
    <color>(105,95,97)</color>
    <CostList>
      <BlocksGranite>4</BlocksGranite>
    </CostList>
  </TerrainDef>

  <TerrainDef ParentName="TileStoneBase">
    <DefName>TileLimestone</DefName>
    <label>limestone tile</label>
    <color>(158,153,135)</color>
    <CostList>
      <BlocksLimestone>4</BlocksLimestone>
    </CostList>
  </TerrainDef>

  <TerrainDef ParentName="TileStoneBase">
    <DefName>TileSlate</DefName>
    <label>slate tile</label>
    <color>(70,70,70)</color>
    <CostList>
      <BlocksSlate>4</BlocksSlate>
  </CostList>
  </TerrainDef>

  <TerrainDef ParentName="TileStoneBase">
    <DefName>TileMarble</DefName>
    <label>marble tile</label>
    <color>(132,135,132)</color>
    <CostList>
      <BlocksMarble>4</BlocksMarble>
    </CostList>
  </TerrainDef>
  
  

</Defs>