<?xml version="1.0" encoding="utf-8" ?>
<ThingDefs>

  <ThingDef Name="ApparelBase" Abstract="True">
    <thingClass>Apparel</thingClass>
    <category>Item</category>
    <selectable>True</selectable>
    <pathCost>10</pathCost>
    <useHitPoints>True</useHitPoints>
    <graphicData>
      <onGroundRandomRotateAngle>35</onGroundRandomRotateAngle>
    </graphicData>
		<drawGUIOverlay>true</drawGUIOverlay>
		<statBases>
			<MaxHitPoints>100</MaxHitPoints>
			<Flammability>0.9</Flammability>
			<DeteriorationRate>0.5</DeteriorationRate>
			<SellPriceFactor>0.6</SellPriceFactor>
		</statBases>
		<altitudeLayer>Item</altitudeLayer>
		<alwaysHaulable>True</alwaysHaulable>
		<tickerType>Never</tickerType>
		<!--<thingCategories>
			<li>RSApparel</li>
		</thingCategories> removed-->
		<apparel>
    			<tags>
		  	    <li>Military</li>
			</tags>
		</apparel>
		<comps>
			<li>
				<compClass>CompForbiddable</compClass>
			</li>
			<li>
				<compClass>CompColorable</compClass>
			</li>
			<li>
				<compClass>CompQuality</compClass>
			</li>
		</comps>
	</ThingDef>
	
  <ThingDef Name="ApparelMakeableBase" ParentName="ApparelBase" Abstract="True">
    <recipeMaker>
      <workSpeedStat>TailoringSpeed</workSpeedStat>
      <workSkill>Crafting</workSkill>
      <effectWorking>Tailor</effectWorking>
      <soundWorking>Recipe_Tailor</soundWorking>
        <recipeUsers>
        <li>TableTailor</li>
      </recipeUsers>
      <unfinishedThingDef>UnfinishedApparel</unfinishedThingDef>
    </recipeMaker>
  </ThingDef>


	<ThingDef ParentName="ApparelBase">
		<defName>Carbonsuit</defName>
		<label>Carbon jumpuit</label>
		<description>Carbon crystalline fiber jumpsuit for military personnel. It is light and thin, but surprisingly sturdy.</description>
		<graphicData> <texPath>Things/Apparel/Carbon</texPath>
		<graphicClass>Graphic_Single</graphicClass> </graphicData>
		<statBases>
			<MaxHitPoints>350</MaxHitPoints>
			<MarketValue>800</MarketValue>
			<ArmorRating_Blunt>0.25</ArmorRating_Blunt>
			<ArmorRating_Sharp>0.25</ArmorRating_Sharp>
			<ArmorRating_Heat>0.35</ArmorRating_Heat>
			<Insulation_Cold>-15</Insulation_Cold>
			<Insulation_Heat>15</Insulation_Heat>
		</statBases>
		<equippedStatOffsets>
			<WorkSpeedGlobal>0.05</WorkSpeedGlobal>
		</equippedStatOffsets>
		<apparel>
  		 <tags>
   		     <li>ADJS</li>
   		 </tags>
      <defaultOutfitTags>
         <li>Worker</li>
        <li>Soldier</li>
      </defaultOutfitTags>
<worngraphicPath>Things/Apparel/Carbon</worngraphicPath>
			<layers>
			    <li>OnSkin</li>
			</layers>
			<commonality>2</commonality>
			<bodyPartGroups>
				<li>Torso</li>
				<li>Arms</li>
				<li>Legs</li>
			</bodyPartGroups>
		</apparel>
		<colorGenerator Class="ColorGenerator_Options">
			<options>
				<li>
					<weight>6</weight>
					<only>RGBA(0.5,0.5,0.5,1)</only>
				</li>
				<li>
					<weight>10</weight>
					<only>RGBA(0.7,0.7,0.7,0.7)</only>
				</li>
				<li>
					<weight>10</weight>
					<only>RGBA(0.9,0.7,0.7,0.7)</only>
				</li>
				<li>
					<weight>10</weight>
					<only>RGBA(0.7,0.7,0.9,0.7)</only>
				</li>
				<li>
					<weight>10</weight>
					<only>RGBA(0.9,0.9,0.7,0.7)</only>
				</li>
				<li>
					<weight>10</weight>
					<only>RGBA(0.7,0.9,0.7,0.7)</only>
				</li>
			</options>
		</colorGenerator>
		<thingCategories>
      <li>ApparelSuits</li>
    </thingCategories> <!--changed from RSApparel-->
	</ThingDef>



  <ThingDef ParentName="ApparelBase">
    <defName>Apparel_TecVast</defName>
    <label>tactical vest</label>
    <description>An ergonomically designed body armor. This type of armor increase wearer's combat efficiency.</description>
    <graphicData> <texPath>Things/Apparel/TacVest</texPath>
    <graphicClass>Graphic_Single</graphicClass> </graphicData>
    <thingCategories>
      <li>ApparelTops</li><!--changed from GDApparel-->
    </thingCategories>
    <statBases>
      <MaxHitPoints>250</MaxHitPoints>
      <MarketValue>1000</MarketValue>
      <ArmorRating_Blunt>0.30</ArmorRating_Blunt>
      <ArmorRating_Sharp>0.65</ArmorRating_Sharp>
    </statBases>
    <equippedStatOffsets>
      <AimingDelayFactor>-0.05</AimingDelayFactor>
      <MoveSpeed>-0.04</MoveSpeed>
    </equippedStatOffsets>
    <apparel>
      <defaultOutfitTags>
 
        <li>Soldier</li>
      </defaultOutfitTags>
      <bodyPartGroups>
        <li>Torso</li>
      </bodyPartGroups>
      <worngraphicPath>Things/Apparel/TacVest</worngraphicPath>
      <layers>
        <li>Middle</li>
      </layers>
      <commonality>1</commonality>
      <tags>
        <li>Outlander</li>
        <li>Military</li>
      </tags>
      <defaultOutfitTags>
        <li>Soldier</li>
      </defaultOutfitTags>
    </apparel>
    <colorGenerator Class="ColorGenerator_Options">
      <options>
        <li>
          <weight>10</weight>
          <only>RGBA(0.33,0.33,0.33,1)</only>
        </li>
        <li>
          <weight>10</weight>
          <only>RGBA(0.65,0.65,0.65,1)</only>
        </li>
        <li>
          <weight>6</weight>
          <min>RGBA(0.3,0.3,0.3,1)</min>
          <max>RGBA(0.5,0.5,0.5,1)</max>
        </li>
      </options>
    </colorGenerator>
  </ThingDef>


  <ThingDef ParentName="ApparelBase">
    <defName>Apparel_TacHelmet</defName>
    <label>tactical helmet</label>
    <description>Advanced combat helmet designed specifically to protect the head during combat.</description>
    <graphicData> <texPath>Things/Apparel/TacHelmet</texPath>
    <graphicClass>Graphic_Single</graphicClass> </graphicData>
    <thingCategories>
      <li>Headgear</li><!--changed from GDApparel-->
    </thingCategories>
    <statBases>
      <MaxHitPoints>120</MaxHitPoints>
      <MarketValue>500</MarketValue>
      <ArmorRating_Blunt>0.4</ArmorRating_Blunt>
      <ArmorRating_Sharp>0.4</ArmorRating_Sharp>
    </statBases>
    <equippedStatOffsets>
      <MoveSpeed>-0.01</MoveSpeed>
      <AimingDelayFactor>-0.05</AimingDelayFactor>
    </equippedStatOffsets>
    <apparel>
      <bodyPartGroups>
        <li>UpperHead</li>
      </bodyPartGroups>
      <worngraphicPath>Things/Apparel/TacHelmet</worngraphicPath>
      <layers>
        <li>Overhead</li>
      </layers>
      <commonality>1</commonality>
      <tags>
        <li>Military</li>
      </tags>
      <defaultOutfitTags>
 
        <li>Soldier</li>
      </defaultOutfitTags>
    </apparel>
    <colorGenerator Class="ColorGenerator_Options">
      <options>
        <li>
          <weight>10</weight>
          <only>RGBA(0.33,0.33,0.33,1)</only>
        </li>
        <li>
          <weight>10</weight>
          <only>RGBA(0.65,0.65,0.65,1)</only>
        </li>
        <li>
          <weight>6</weight>
          <min>RGBA(0.3,0.3,0.3,1)</min>
          <max>RGBA(0.5,0.5,0.5,1)</max>
        </li>
      </options>
    </colorGenerator>
  </ThingDef>

  <ThingDef ParentName="ApparelBase">
    <defName>Apparel_Redoubt</defName>
    <label>Pioneer armor</label>
    <description>An armor designed primarily for combat engineer, Greydale "Redoubt" pioneer armor has integrated tool set. It's a pretty good gear for builds something while gunfight.</description>
    <graphicData> <texPath>Things/Apparel/Redoubt</texPath>
    <graphicClass>Graphic_Single</graphicClass> </graphicData>
    <thingCategories>
      <li>ApparelSuits</li><!--changed from GDApparel-->
    </thingCategories>
    <statBases>
      <MaxHitPoints>250</MaxHitPoints>
      <MarketValue>3500</MarketValue>
      <ArmorRating_Blunt>0.30</ArmorRating_Blunt>
      <ArmorRating_Sharp>0.50</ArmorRating_Sharp>
      <ArmorRating_Heat>0.1</ArmorRating_Heat>
    </statBases>
    <equippedStatOffsets>
      <ConstructionSpeed>0.1</ConstructionSpeed>
      <SmoothingSpeed>0.1</SmoothingSpeed>
      <MiningSpeed>0.1</MiningSpeed>
      <MoveSpeed>-0.09</MoveSpeed>
    </equippedStatOffsets>
    <apparel>
      <defaultOutfitTags>
        <li>Soldier</li>
      </defaultOutfitTags>
      <bodyPartGroups>
        <li>Torso</li>
        <li>Shoulders</li>
        <li>Arms</li>
        <li>Legs</li>
      </bodyPartGroups>
      <worngraphicPath>Things/Apparel/Redoubt</worngraphicPath>
      <layers>
        <li>Middle</li>
        <li>Shell</li>
      </layers>
      <commonality>1</commonality>
      <tags>
        <li>Outlander</li>
        <li>Military</li>
      </tags>
      <defaultOutfitTags>
        <li>Soldier</li>
      </defaultOutfitTags>
    </apparel>
    <colorGenerator Class="ColorGenerator_Options">
      <options>
        <li>
          <weight>10</weight>
          <only>RGBA(0.33,0.33,0.33,1)</only>
        </li>
        <li>
          <weight>10</weight>
          <only>RGBA(0.65,0.65,0.65,1)</only>
        </li>
        <li>
          <weight>10</weight>
          <only>RGBA(0.35,0.55,0.35,1)</only>
        </li>
        <li>
          <weight>6</weight>
          <min>RGBA(0.3,0.3,0.3,1)</min>
          <max>RGBA(0.5,0.5,0.5,1)</max>
        </li>
      </options>
    </colorGenerator>
  </ThingDef>


  <ThingDef ParentName="ApparelBase">
    <defName>Apparel_RedoubtHelmet</defName>
    <label>Pioneer helmet</label>
    <description>A helmet of Redoubt pioneer armor. A simple target assist system integrated.</description>
    <graphicData> <texPath>Things/Apparel/RedoubtHelmet</texPath>
    <graphicClass>Graphic_Single</graphicClass> </graphicData>
    <thingCategories>
      <li>Headgear</li><!--changed from GDApparel-->
    </thingCategories>
    <statBases>
      <MaxHitPoints>120</MaxHitPoints>
      <MarketValue>700</MarketValue>
      <ArmorRating_Blunt>0.35</ArmorRating_Blunt>
      <ArmorRating_Sharp>0.40</ArmorRating_Sharp>
      <ArmorRating_Heat>0.3</ArmorRating_Heat>
    </statBases>
    <equippedStatOffsets>
      <MoveSpeed>-0.02</MoveSpeed>
      <AimingDelayFactor>-0.05</AimingDelayFactor>
    </equippedStatOffsets>
    <apparel>
      <bodyPartGroups>
        <li>FullHead</li>
      </bodyPartGroups>
      <worngraphicPath>Things/Apparel/RedoubtHelmet</worngraphicPath>
      <layers>
        <li>Overhead</li>
      </layers>
      <commonality>1</commonality>
      <tags>
        <li>Military</li>
      </tags>
      <defaultOutfitTags>
        <li>Soldier</li>
      </defaultOutfitTags>
    </apparel>
    <colorGenerator Class="ColorGenerator_Options">
      <options>
        <li>
          <weight>10</weight>
          <only>RGBA(0.33,0.33,0.33,1)</only>
        </li>
        <li>
          <weight>10</weight>
          <only>RGBA(0.65,0.65,0.65,1)</only>
        </li>
        <li>
          <weight>10</weight>
          <only>RGBA(0.35,0.55,0.35,1)</only>
        </li>
        <li>
          <weight>6</weight>
          <min>RGBA(0.3,0.3,0.3,1)</min>
          <max>RGBA(0.5,0.5,0.5,1)</max>
        </li>
      </options>
    </colorGenerator>
  </ThingDef>


	<ThingDef ParentName="ApparelBase">
		<defName>Dropsuit</defName>
		<label>Dropsuit</label>
		<description>It is the Yunhwa Precision's Model-473t 'Penumbra' drop suit, produced for Corp world drop troops. This completely enclosed suit was designed to operate in extreme environments like the void of space. It has thrusters for reinforcing a wearer's movement speed.</description>
		<graphicData> <texPath>Things/Apparel/Penumbra</texPath>
		<graphicClass>Graphic_Single</graphicClass> </graphicData>
		<thingCategories>
			<li>ApparelSuits</li><!--changed from YPApparel-->
		</thingCategories>
		<statBases>
			<MaxHitPoints>390</MaxHitPoints>
			<MarketValue>4800</MarketValue>
			<ArmorRating_Blunt>0.25</ArmorRating_Blunt>
			<ArmorRating_Sharp>0.60</ArmorRating_Sharp>
			<ArmorRating_Heat>0.5</ArmorRating_Heat>
			<Insulation_Cold>-45</Insulation_Cold>
			<Insulation_Heat>45</Insulation_Heat>
		</statBases>
		<equippedStatOffsets>
			<MoveSpeed>1.2</MoveSpeed>
			<WorkSpeedGlobal>-0.10</WorkSpeedGlobal>
		</equippedStatOffsets>
		<apparel>
<worngraphicPath>Things/Apparel/Penumbra</worngraphicPath>
			<layers>
			    <li>Middle</li>
			    <li>Shell</li>
			</layers>
      <defaultOutfitTags>
        <li>Soldier</li>
      </defaultOutfitTags>
			<bodyPartGroups>
				<li>Torso</li>
				<li>Arms</li>
				<li>Legs</li>
			</bodyPartGroups>
		</apparel>
		<colorGenerator Class="ColorGenerator_Options">
			<options>
				<li>
					<weight>10</weight>
					<only>RGBA(0.3,0.3,0.3,1)</only>
				</li>
				<li>
					<weight>6</weight>
					<only>RGBA(0.5,0.5,0.5,1)</only>
				</li>
				<li>
					<weight>10</weight>
					<only>RGBA(1,1,1,1)</only>
				</li>
				<li>
					<weight>10</weight>
					<only>RGBA(0.25,0.28,0.4,1)</only>
				</li>
			</options>
		</colorGenerator>
	</ThingDef>

	<ThingDef ParentName="ApparelBase">
	<defName>DropsuitHelmet</defName>
	<label>Dropsuit helmet</label>
	<description>It is a state-of-the-art helmet, optimized for EVA and orbital drop operations. This helmet has lots of shiny gadgets. Of course, all of these flashing toys are useless in the surface environment except the targeting assist pseudo A.I.</description>
	<graphicData> <texPath>Things/Apparel/PenumbraHelmet</texPath>
	<graphicClass>Graphic_Single</graphicClass> </graphicData>
	<thingCategories>
		<li>Headgear</li><!--changed from YPApparel-->
	</thingCategories>
	<statBases>
		<MaxHitPoints>300</MaxHitPoints>
		<MarketValue>1200</MarketValue>
		<ArmorRating_Blunt>0.25</ArmorRating_Blunt>
		<ArmorRating_Sharp>0.60</ArmorRating_Sharp>
		<ArmorRating_Heat>0.5</ArmorRating_Heat>
		<Insulation_Cold>-45</Insulation_Cold>
		<Insulation_Heat>45</Insulation_Heat>
	</statBases>
	<equippedStatOffsets>
		<WorkSpeedGlobal>-0.05</WorkSpeedGlobal>
		<ShootingAccuracy>0.10</ShootingAccuracy>
		<AimingDelayFactor>-0.05</AimingDelayFactor>
	</equippedStatOffsets>
	<apparel>
		<worngraphicPath>Things/Apparel/PenumbraHelmet</worngraphicPath>
		<layers>
			<li>Overhead</li>
		</layers>
		<commonality>1</commonality>
		<bodyPartGroups>
			<li>FullHead</li>
		</bodyPartGroups>
      <defaultOutfitTags>
        <li>Soldier</li>
      </defaultOutfitTags>
	</apparel>
	<colorGenerator Class="ColorGenerator_Options">
		<options>
				<li>
					<weight>10</weight>
					<only>RGBA(0.3,0.3,0.3,1)</only>
				</li>
				<li>
					<weight>10</weight>
					<only>RGBA(0.5,0.5,0.5,1)</only>
				</li>
				<li>
					<weight>10</weight>
					<only>RGBA(1,1,1,1)</only>
				</li>
				<li>
					<weight>10</weight>
					<only>RGBA(0.25,0.28,0.4,1)</only>
				</li>
		</options>
	</colorGenerator>
</ThingDef>
	
	<ThingDef ParentName="ApparelBase">
		<defName>Siegearmor</defName>
		<label>Siege armor</label>
		<description>It is a JE-342A7 "Dvergr (Dwarf)" siege armor. Like many other this Fort world corporation products, Dvergr siege armor has the single-minded focus on the it's main purpose. In this case, the main purpose is a survival of the wearer.</description>
		<graphicData> <texPath>Things/Apparel/Dvergr</texPath>
		<graphicClass>Graphic_Single</graphicClass> </graphicData>
		<tickerType>Normal</tickerType>
		<thingCategories>
			<li>ApparelSuits</li><!--changed from JIApparel-->
		</thingCategories>
		<statBases>
			<MaxHitPoints>650</MaxHitPoints>
			<MarketValue>4850</MarketValue>
			<ArmorRating_Blunt>0.95</ArmorRating_Blunt>
			<ArmorRating_Sharp>0.80</ArmorRating_Sharp>
			<ArmorRating_Heat>0.80</ArmorRating_Heat>
			<Insulation_Cold>-45</Insulation_Cold>
			<Insulation_Heat>45</Insulation_Heat>
		</statBases>
		<equippedStatOffsets>
			<MoveSpeed>-2.0</MoveSpeed>
			<WorkSpeedGlobal>-0.20</WorkSpeedGlobal>
		</equippedStatOffsets>
		<apparel>
<worngraphicPath>Things/Apparel/Dvergr</worngraphicPath>
			<layers>
			    <li>Middle</li>
			    <li>Shell</li>
			</layers>
			<commonality>0.2</commonality>
			<bodyPartGroups>
				<li>Torso</li>
				<li>Arms</li>
				<li>Legs</li>
			</bodyPartGroups>
      <defaultOutfitTags>
        <li>Soldier</li>
      </defaultOutfitTags>
		</apparel>
		<colorGenerator Class="ColorGenerator_Options">
			<options>
				<li>
					<weight>10</weight>
					<only>RGBA(0.3,0.3,0.3,1)</only>
				</li>
				<li>
					<weight>10</weight>
					<only>RGBA(0.5,0.5,0.5,1)</only>
				</li>
				<li>
					<weight>10</weight>
					<only>RGBA(1,1,1,1)</only>
				</li>
				<li>
					<weight>10</weight>
					<only>RGBA(0.5,0.35,0.25,1)</only>
				</li>
			</options>
		</colorGenerator>
	</ThingDef>

	<ThingDef ParentName="ApparelBase">
	<defName>SiegearmorHelmet</defName>
	<label>Siege armor helmet</label>
	<description>Rugged and trustworthy helmet of the siege armor.</description>
	<graphicData> <texPath>Things/Apparel/DvergrHelmet</texPath>
	<graphicClass>Graphic_Single</graphicClass> </graphicData>
	<thingCategories>
		<li>Headgear</li><!--changed from JIApparel-->
	</thingCategories>
	<statBases>
		<MaxHitPoints>510</MaxHitPoints>
		<MarketValue>1355</MarketValue>
		<ArmorRating_Blunt>0.95</ArmorRating_Blunt>
		<ArmorRating_Sharp>0.80</ArmorRating_Sharp>
		<ArmorRating_Heat>0.80</ArmorRating_Heat>
		<Insulation_Cold>-45</Insulation_Cold>
		<Insulation_Heat>45</Insulation_Heat>
	</statBases>
	<equippedStatOffsets>
			<MoveSpeed>-0.50</MoveSpeed>
	</equippedStatOffsets>
	<apparel>
		<worngraphicPath>Things/Apparel/DvergrHelmet</worngraphicPath>
		<layers>
			<li>Overhead</li>
		</layers>
		<commonality>1</commonality>
		<bodyPartGroups>
			<li>FullHead</li>
		</bodyPartGroups>
      <defaultOutfitTags>
        <li>Soldier</li>
      </defaultOutfitTags>
	</apparel>
	<colorGenerator Class="ColorGenerator_Options">
		<options>
				<li>
					<weight>10</weight>
					<only>RGBA(0.3,0.3,0.3,1)</only>
				</li>
				<li>
					<weight>10</weight>
					<only>RGBA(0.5,0.5,0.5,1)</only>
				</li>
				<li>
					<weight>10</weight>
					<only>RGBA(1,1,1,1)</only>
				</li>
				<li>
					<weight>10</weight>
					<only>RGBA(0.5,0.35,0.25,1)</only>
				</li>
		</options>
	</colorGenerator>
	</ThingDef>
	
	<ThingDef ParentName="ApparelBase">
		<defName>Riotgear</defName>
		<label>Riot gear</label>
		<description>M8E "Pacifist" riot gear was produced by Arms Dynamics for the creepy Federation Peacekeeper. This is a really great personal armor if you can withstand from scornful eyes of the people.</description>
		<graphicData> <texPath>Things/Apparel/Pacifist</texPath>
		<graphicClass>Graphic_Single</graphicClass> </graphicData>
		<thingCategories>
			<li>ApparelSuits</li><!--changed from ADApparel-->
		</thingCategories>
		<statBases>
			<MaxHitPoints>500</MaxHitPoints>
			<MarketValue>4650</MarketValue>
			<ArmorRating_Blunt>0.30</ArmorRating_Blunt>
			<ArmorRating_Sharp>0.65</ArmorRating_Sharp>
			<ArmorRating_Heat>0.7</ArmorRating_Heat>
			<Insulation_Cold>-25</Insulation_Cold>
			<Insulation_Heat>25</Insulation_Heat>
		</statBases>
		<equippedStatOffsets>
			<WorkSpeedGlobal>-0.10</WorkSpeedGlobal>
			<MoveSpeed>-0.09</MoveSpeed>
			<SocialImpact>-0.5</SocialImpact>
		</equippedStatOffsets>
		<apparel>
    		 <tags>
   		     <li>ADJS</li>
   		 </tags>
<worngraphicPath>Things/Apparel/Pacifist</worngraphicPath>
			<layers>
			    <li>Middle</li>
			    <li>Shell</li>
			</layers>
			<commonality>0.2</commonality>
			<bodyPartGroups>
				<li>Torso</li>
				<li>Arms</li>
				<li>Legs</li>
			</bodyPartGroups>
      <defaultOutfitTags>
        <li>Soldier</li>
      </defaultOutfitTags>
		</apparel>
		<colorGenerator Class="ColorGenerator_Options">
			<options>
				<li>
					<weight>10</weight>
					<only>RGBA(0.3,0.3,0.3,1)</only>
				</li>
				<li>
					<weight>10</weight>
					<only>RGBA(0.5,0.5,0.5,1)</only>
				</li>
				<li>
					<weight>10</weight>
					<only>RGBA(1,1,1,1)</only>
				</li>
			</options>
		</colorGenerator>
	</ThingDef>

	<ThingDef ParentName="ApparelBase">
	<defName>RiotgearHelmet</defName>
	<label>Riot gear helmet</label>
	<description>It is a helmet of the riot gear that got a mismatched name "Pacifist". If you wear this, you will be an eyesore of your colony.</description>
	<graphicData> <texPath>Things/Apparel/PacifistHelmet</texPath>
	<graphicClass>Graphic_Single</graphicClass> </graphicData>
	<thingCategories>
		<li>Headgear</li><!--changed from ADApparel-->
	</thingCategories>
	<statBases>
		<MaxHitPoints>450</MaxHitPoints>
		<MarketValue>1220</MarketValue>
		<ArmorRating_Blunt>0.75</ArmorRating_Blunt>
		<ArmorRating_Sharp>0.65</ArmorRating_Sharp>
		<ArmorRating_Heat>0.7</ArmorRating_Heat>
		<Insulation_Cold>-25</Insulation_Cold>
		<Insulation_Heat>25</Insulation_Heat>
	</statBases>
	<equippedStatOffsets>
		<MoveSpeed>-0.05</MoveSpeed>
		<SocialImpact>-0.5</SocialImpact>
	</equippedStatOffsets>
	<apparel>
      <defaultOutfitTags>
        <li>Soldier</li>
      </defaultOutfitTags>
    		 <tags>
   		     <li>ADJS</li>
   		 </tags>
		<worngraphicPath>Things/Apparel/PacifistHelmet</worngraphicPath>
		<layers>
			<li>Overhead</li>
		</layers>
		<commonality>1</commonality>
		<bodyPartGroups>
			<li>FullHead</li>
		</bodyPartGroups>
	</apparel>
	<colorGenerator Class="ColorGenerator_Options">
		<options>
				<li>
					<weight>10</weight>
					<only>RGBA(0.3,0.3,0.3,1)</only>
				</li>
				<li>
					<weight>10</weight>
					<only>RGBA(0.5,0.5,0.5,1)</only>
				</li>
				<li>
					<weight>10</weight>
					<only>RGBA(1,1,1,1)</only>
				</li>
		</options>
	</colorGenerator>
	</ThingDef>


	<ThingDef ParentName="ApparelBase">
		<defName>Reflexsuit</defName>
		<label>Reflex suit</label>
		<description>Yunhwa precision Model-495a "Umbra" reflex suit. "Quickness is the best form of defense." says an old Yunhwa proverb, It makes the wearer faster via direct neural links with artificial nerve system.</description>
		<graphicData> <texPath>Things/Apparel/Umbra</texPath>
		<graphicClass>Graphic_Single</graphicClass> </graphicData>
		<statBases>
			<MaxHitPoints>150</MaxHitPoints>
			<MarketValue>2700</MarketValue>
			<ArmorRating_Blunt>0.20</ArmorRating_Blunt>
			<ArmorRating_Sharp>0.20</ArmorRating_Sharp>
			<ArmorRating_Heat>0.25</ArmorRating_Heat>
			<Insulation_Cold>-25</Insulation_Cold>
			<Insulation_Heat>25</Insulation_Heat>
		</statBases>
		<equippedStatOffsets>
			<MoveSpeed>1.8</MoveSpeed>
			<MeleeWeapon_Cooldown>-0.2</MeleeWeapon_Cooldown>
		</equippedStatOffsets>
		<thingCategories>
			<li>ApparelSuits</li><!--changed from YPApparel-->
		</thingCategories>
		<apparel>
      <defaultOutfitTags>
        <li>Soldier</li>
      </defaultOutfitTags>
		<worngraphicPath>Things/Apparel/Umbra</worngraphicPath>
			<layers>
			    <li>Middle</li>
			    <li>Shell</li>
			</layers>
			<commonality>2</commonality>
			<bodyPartGroups>
				<li>Torso</li>
				<li>Arms</li>
				<li>Legs</li>
			</bodyPartGroups>
		</apparel>
		<colorGenerator Class="ColorGenerator_Options">
			<options>
				<li>
					<weight>10</weight>
					<only>RGBA(0.8,0.8,0.8,1)</only>
				</li>
				<li>
					<weight>10</weight>
					<only>RGBA(0.5,0.5,1,1)</only>
				</li>
				<li>
					<weight>10</weight>
					<only>RGBA(1,1,1,1)</only>
				</li>
			</options>
		</colorGenerator>
	</ThingDef>


	<ThingDef ParentName="ApparelBase">
	<defName>ReflexsuitHelmet</defName>
	<label>Reflexsuit helmet</label>
	<description>Helmet of the reflex suit. Enhance the wearer's speed of reaction.</description>
	<graphicData> <texPath>Things/Apparel/UmbraHelmet</texPath>
	<graphicClass>Graphic_Single</graphicClass> </graphicData>
	<thingCategories>
		<li>Headgear</li><!--changed from YPApparel-->
	</thingCategories>
	<statBases>
		<MaxHitPoints>180</MaxHitPoints>
		<MarketValue>1900</MarketValue>
		<ArmorRating_Blunt>0.20</ArmorRating_Blunt>
		<ArmorRating_Sharp>0.20</ArmorRating_Sharp>
		<ArmorRating_Heat>0.25</ArmorRating_Heat>
		<Insulation_Cold>-10</Insulation_Cold>
		<Insulation_Heat>10</Insulation_Heat>
	</statBases>
	<equippedStatOffsets>
			<WorkSpeedGlobal>0.15</WorkSpeedGlobal>
			 <ShootingAccuracy>-0.1</ShootingAccuracy>
			<AimingDelayFactor>-0.16</AimingDelayFactor>
	</equippedStatOffsets>
	<apparel>
      <defaultOutfitTags>
        <li>Soldier</li>
      </defaultOutfitTags>
		<worngraphicPath>Things/Apparel/UmbraHelmet</worngraphicPath>
		<layers>
			<li>Overhead</li>
		</layers>
		<commonality>1</commonality>
		<bodyPartGroups>
			<li>FullHead</li>
		</bodyPartGroups>
	</apparel>
	<colorGenerator Class="ColorGenerator_Options">
		<options>
				<li>
					<weight>10</weight>
					<only>RGBA(0.8,0.8,0.8,1)</only>
				</li>
				<li>
					<weight>10</weight>
					<only>RGBA(0.5,0.5,1,1)</only>
				</li>
				<li>
					<weight>10</weight>
					<only>RGBA(1,1,1,1)</only>
				</li>
		</options>
	</colorGenerator>
	</ThingDef>
	

	<ThingDef ParentName="ApparelBase">
		<defName>MarksmanGear</defName>
		<label>Marksman gear</label>
		<description>Arms Dynamics M91 "Interactor" Marksman gear. With joint stabilizer unit, this outfit assure steady aim. Standard issue gear of the Federation Peacebringer assassin corps.</description>
		<graphicData> <texPath>Things/Apparel/Interactor</texPath>
		<graphicClass>Graphic_Single</graphicClass> </graphicData>
		<statBases>
			<MaxHitPoints>170</MaxHitPoints>
			<MarketValue>2100</MarketValue>
			<ArmorRating_Blunt>0.18</ArmorRating_Blunt>
			<ArmorRating_Sharp>0.33</ArmorRating_Sharp>
			<ArmorRating_Heat>0.29</ArmorRating_Heat>
			<Insulation_Cold>-25</Insulation_Cold>
			<Insulation_Heat>25</Insulation_Heat>
		</statBases>
		<equippedStatOffsets>
			 <ShootingAccuracy>0.40</ShootingAccuracy>
			<AimingDelayFactor>0.05</AimingDelayFactor>
		</equippedStatOffsets>
		<thingCategories>
			<li>ApparelSuits</li><!--changed from ADApparel-->
		</thingCategories>
		<apparel>
      <defaultOutfitTags>
        <li>Soldier</li>
      </defaultOutfitTags>
		<worngraphicPath>Things/Apparel/Interactor</worngraphicPath>
			<layers>
			    <li>Middle</li>
			    <li>Shell</li>
			</layers>
			<commonality>2</commonality>
			<bodyPartGroups>
				<li>Torso</li>
				<li>Arms</li>
				<li>Legs</li>
			</bodyPartGroups>
		</apparel>
		<colorGenerator Class="ColorGenerator_Options">
			<options>
				<li>
					<weight>10</weight>
					<only>RGBA(0.8,0.8,0.8,1)</only>
				</li>
				<li>
					<weight>10</weight>
					<only>RGBA(0.5,0.5,0.5,1)</only>
				</li>
				<li>
					<weight>10</weight>
					<only>RGBA(1,1,1,1)</only>
				</li>
			</options>
		</colorGenerator>
	</ThingDef>

	<ThingDef ParentName="ApparelBase">
	<defName>MarksmanGearHelmet</defName>
	<label>Markman gear helmet</label>
	<description>It is a helmet of the M91 marksman gear. Aiming stabilizer integrated.</description>
	<graphicData> <texPath>Things/Apparel/InteractorHelmet</texPath>
	<graphicClass>Graphic_Single</graphicClass> </graphicData>
	<thingCategories>
		<li>Headgear</li><!--changed from ADApparel-->
	</thingCategories>
	<statBases>
		<MaxHitPoints>150</MaxHitPoints>
		<MarketValue>1200</MarketValue>
		<ArmorRating_Blunt>0.15</ArmorRating_Blunt>
		<ArmorRating_Sharp>0.30</ArmorRating_Sharp>
		<ArmorRating_Heat>0.29</ArmorRating_Heat>
		<Insulation_Cold>-10</Insulation_Cold>
		<Insulation_Heat>5</Insulation_Heat>
	</statBases>
	<equippedStatOffsets>
			 <ShootingAccuracy>0.20</ShootingAccuracy>
			<AimingDelayFactor>0.05</AimingDelayFactor>
	</equippedStatOffsets>
	<apparel>
		<worngraphicPath>Things/Apparel/InteractorHelmet</worngraphicPath>
		<layers>
			<li>Overhead</li>
		</layers>
		<commonality>1</commonality>
		<bodyPartGroups>
			<li>FullHead</li>
		</bodyPartGroups>
      <defaultOutfitTags>
        <li>Soldier</li>
      </defaultOutfitTags>
	</apparel>
	<colorGenerator Class="ColorGenerator_Options">
		<options>
				<li>
					<weight>10</weight>
					<only>RGBA(0.8,0.8,0.8,1)</only>
				</li>
				<li>
					<weight>10</weight>
					<only>RGBA(0.5,0.5,0.5,1)</only>
				</li>
				<li>
					<weight>10</weight>
					<only>RGBA(1,1,1,1)</only>
				</li>
		</options>
	</colorGenerator>
	</ThingDef>
	


  <ThingDef ParentName="ApparelBase">
    <thingClass>PersonalShield</thingClass>
    <defName>CCArmor</defName>
    <label>Close combat armor</label>
    <description>A modified version of "Dvergr" siege armor, JE-257A1 "Einherjar" close combat armor is the one of most fearsome urban warfare equipment. Although most of thick armor plates are removed, brutal force from high power actuators and fast recharging shield compensate for the loss.</description>
    <graphicData> <texPath>Things/Apparel/Einherjar</texPath>
    <graphicClass>Graphic_Single</graphicClass> </graphicData>
    <tickerType>Normal</tickerType>
    <statBases>
	<PersonalShieldRechargeRate>0.29</PersonalShieldRechargeRate>
	<PersonalShieldEnergyMax>1</PersonalShieldEnergyMax>
	<MaxHitPoints>550</MaxHitPoints>
	<MarketValue>4300</MarketValue>
	<ArmorRating_Blunt>0.52</ArmorRating_Blunt>
	<ArmorRating_Sharp>0.54</ArmorRating_Sharp>
	<ArmorRating_Heat>0.6</ArmorRating_Heat>
	<Insulation_Cold>-25</Insulation_Cold>
	<Insulation_Heat>25</Insulation_Heat>
    </statBases>
    <equippedStatOffsets>
	<MeleeWeapon_Cooldown>-0.2</MeleeWeapon_Cooldown>
	<MoveSpeed>-1.0</MoveSpeed>
	<MeleeWeapon_DamageAmount>20</MeleeWeapon_DamageAmount>
    </equippedStatOffsets>
    <thingCategories>
	<li>ApparelSuits</li><!--changed from JIApparel-->
    </thingCategories>
    <apparel>
      <defaultOutfitTags>
        <li>Soldier</li>
      </defaultOutfitTags>
      <bodyPartGroups>
        <li>Torso</li>
        <li>Arms</li>
        <li>Legs</li>
      </bodyPartGroups>
      <worngraphicPath>Things/Apparel/Einherjar</worngraphicPath>
      <layers>
        <li>Middle</li>
        <li>Shell</li>
      </layers>
      <commonality>1</commonality>
    </apparel>
		<colorGenerator Class="ColorGenerator_Options">
			<options>
				<li>
					<weight>10</weight>
					<only>RGBA(0.5,0.4,0.2,1)</only>
				</li>
				<li>
					<weight>10</weight>
					<only>RGBA(0.7,0.6,0.5,1)</only>
				</li>
				<li>
					<weight>10</weight>
					<only>RGBA(1,1,1,1)</only>
				</li>			
			</options>
		</colorGenerator>
  </ThingDef>



	<ThingDef ParentName="ApparelBase">
		<defName>CCArmorHelmet</defName>
		<label>CC armor helmet</label>
		<description>Helmet of the close combat armor. Close combat assisting pseudo A. I integrated.</description>
		<graphicData> <texPath>Things/Apparel/EinherjarHelmet</texPath>
		<graphicClass>Graphic_Single</graphicClass> </graphicData>
		<statBases>
			<MaxHitPoints>450</MaxHitPoints>
			<MarketValue>1300</MarketValue>
			<ArmorRating_Blunt>0.42</ArmorRating_Blunt>
			<ArmorRating_Sharp>0.54</ArmorRating_Sharp>
			<ArmorRating_Heat>0.6</ArmorRating_Heat>
			<Insulation_Cold>-25</Insulation_Cold>
			<Insulation_Heat>25</Insulation_Heat>
		</statBases>
		<thingCategories>
			<li>Headgear</li><!--changed from JIApparel-->
		</thingCategories>
	<equippedStatOffsets>
			 <MoveSpeed>-0.5</MoveSpeed>
			 <MeleeHitChance>0.45</MeleeHitChance>
	</equippedStatOffsets>
		<apparel>
			<commonality>1</commonality>	<worngraphicPath>Things/Apparel/EinherjarHelmet</worngraphicPath>
			<bodyPartGroups>
				<li>FullHead</li>
			</bodyPartGroups>
			<layers>
				<li>Overhead</li>
			</layers>
      <defaultOutfitTags>
        <li>Soldier</li>
      </defaultOutfitTags>
		</apparel>
    <colorGenerator Class="ColorGenerator_Options">
      <options>
				<li>
					<weight>10</weight>
					<only>RGBA(0.5,0.4,0.2,1)</only>
				</li>
				<li>
					<weight>10</weight>
					<only>RGBA(0.7,0.6,0.5,1)</only>
				</li>
				<li>
					<weight>10</weight>
					<only>RGBA(1,1,1,1)</only>
				</li>
      </options>
    </colorGenerator>
	</ThingDef>


  <ThingDef ParentName="ApparelBase">
    <defName>Apparel_RiotShield</defName>
    <label>riot shield</label>
    <description>A standard issue riot shield of the Federation peacemaker corps. Though heavy and uncomfortable, this shield provides strong protection to its wielder.</description>
    <graphicData> <texPath>Things/Apparel/Riotshield</texPath>
    <graphicClass>Graphic_Single</graphicClass> </graphicData>
    <statBases>
      <MaxHitPoints>250</MaxHitPoints>
      <MarketValue>1500</MarketValue>
      <ArmorRating_Blunt>0.70</ArmorRating_Blunt>
      <ArmorRating_Sharp>0.50</ArmorRating_Sharp>
    </statBases>
    <equippedStatOffsets>
      <MoveSpeed>-1</MoveSpeed>
      <ShootingAccuracy>-0.1</ShootingAccuracy>
      <AimingDelayFactor>-0.05</AimingDelayFactor>
    </equippedStatOffsets>
    <apparel>
      <defaultOutfitTags>
        <li>Soldier</li>
      </defaultOutfitTags>
      <bodyPartGroups>
        <li>Torso</li>
        <li>Shoulders</li>
        <li>Arms</li>
        <li>Legs</li>
      </bodyPartGroups>
      <worngraphicPath>Things/Apparel/Riotshield</worngraphicPath>
      <layers>
        <li>Shell</li>
      </layers>
      <commonality>1</commonality>
      <tags>
        <li>Outlander</li>
        <li>Military</li>
      </tags>
      <defaultOutfitTags>
        <li>Soldier</li>
      </defaultOutfitTags>
    </apparel>
    <colorGenerator Class="ColorGenerator_Options">
      <options>
        <li>
          <weight>10</weight>
          <only>RGBA(0.4,0.4,0.4,1)</only>
        </li>
        <li>
          <weight>10</weight>
          <only>RGBA(0.7,0.7,0.7,1)</only>
        </li>
        <li>
          <weight>10</weight>
          <only>RGBA(1,1,1,1)</only>
        </li>
      </options>
    </colorGenerator>
    <thingCategories>
      <li>ApparelSuits</li>
    </thingCategories> <!--changed from RSApparel-->
  </ThingDef>

</ThingDefs>