<?xml version="1.0" encoding="utf-8" ?>
<ThingDefs>
  
  <!-- ======================Laser========================================-->

  <ThingDef Name="BaseGun" Abstract="True">
    <category>Item</category>
    <thingClass>ThingWithComps</thingClass>
    <equipmentType>Primary</equipmentType>
    <pathCost>10</pathCost>
    <useHitPoints>True</useHitPoints>
    <selectable>True</selectable>
    <graphicData>
      <onGroundRandomRotateAngle>35</onGroundRandomRotateAngle>
    </graphicData>
    <drawGUIOverlay>true</drawGUIOverlay>
    <statBases>
      <MaxHitPoints>100</MaxHitPoints>
      <Flammability>1.0</Flammability>
      <DeteriorationRate>1</DeteriorationRate>
      <SellPriceFactor>0.5</SellPriceFactor>
    </statBases>
    <altitudeLayer>Item</altitudeLayer>
    <alwaysHaulable>True</alwaysHaulable>
    <tickerType>Never</tickerType>
    <techLevel>Midworld</techLevel>
    <!--<thingCategories>
      <li>TEWeapons</li>
    </thingCategories> removed and changed to trade tag-->
    <tradeTags>
         <li>TEWeapons</li>
      </tradeTags>
    <inspectorTabs>
      <li>ITab_Art</li>
    </inspectorTabs>
    <comps>
      <li>
        <compClass>CompForbiddable</compClass>
      </li>
      <li>
        <compClass>CompEquippable</compClass>
      </li>
      <li>
        <compClass>CompQuality</compClass>
      </li>
      <li>
        <compClass>CompArt</compClass>
        <nameMaker>NamerGun</nameMaker>
        <descriptionMaker>ArtWeaponGun</descriptionMaker>
        <minQualityForArtistic>Excellent</minQualityForArtistic>
      </li>
    </comps>
    <smeltProducts>
      <Steel>20</Steel>
    </smeltProducts>
  </ThingDef>
  
  <ThingDef Name="BaseHumanGun" ParentName="BaseGun" Abstract="True">
    <weaponTags>
      <li>Gun</li>
    </weaponTags>
    <soundInteract>InteractChargeRifle</soundInteract>
  </ThingDef>

  <ThingDef Name="BaseBullet" Abstract="True">
    <category>Projectile</category>
    <tickerType>Normal</tickerType>
    <altitudeLayer>Projectile</altitudeLayer>
    <thingClass>Bullet</thingClass>
    <label>bullet</label>
    <useHitPoints>False</useHitPoints>
    <neverMultiSelect>True</neverMultiSelect>
    <graphicData>
      <shaderType>Transparent</shaderType>
    </graphicData>
  </ThingDef>
  <!-- =================================================== -->


  <ThingDef Class="LaserWeapons.ThingDef_LaserProjectile" ParentName="BaseBullet">
    <defName>Bullet_Pulsar</defName>
    <thingClass>LaserWeapons.Projectile_Laser</thingClass>
    <label>pulse laser</label>
    <graphicData>
      <texPath>Things/Projectile/rslaser</texPath>
      <graphicClass>Graphic_Single</graphicClass>
    </graphicData>
    <projectile>
      <damageDef>Optic</damageDef>
      <damageAmountBase>11</damageAmountBase>
      <speed>45</speed>
    </projectile>
    <preFiringInitialIntensity>0</preFiringInitialIntensity>
    <preFiringFinalIntensity>1</preFiringFinalIntensity>
    <postFiringInitialIntensity>1</postFiringInitialIntensity>
    <postFiringFinalIntensity>0</postFiringFinalIntensity>
    <preFiringDuration>7</preFiringDuration>
    <postFiringDuration>20</postFiringDuration>
  </ThingDef>



  <ThingDef ParentName="BaseHumanGun">
    <defName>Gun_PLRifle</defName>
    <label>pulse laser rifle</label>
    <description>Staple product of Tisiphone Enterprise. "Pulsar" rifle is capable of firing a continuous laser which maximizes its efficiency at the extreme of its firing range.</description>
    <graphicData>
      <texPath>Things/A10/Pulsar</texPath>
      <graphicClass>Graphic_Single</graphicClass>
    </graphicData>
    <statBases>
      <MarketValue>1500</MarketValue>
      <AccuracyTouch>0.40</AccuracyTouch>
      <AccuracyShort>0.60</AccuracyShort>
      <AccuracyMedium>0.85</AccuracyMedium>
      <AccuracyLong>0.99</AccuracyLong>
      <RangedWeapon_Cooldown>0.62</RangedWeapon_Cooldown>
    </statBases>
    <verbs>
      <li>
        <verbClass>Verb_Shoot</verbClass>
        <hasStandardCommand>true</hasStandardCommand>
        <projectileDef>Bullet_Pulsar</projectileDef>
        <warmupTicks>85</warmupTicks>
        <ticksBetweenBurstShots>5</ticksBetweenBurstShots>
        <burstShotCount>4</burstShotCount>
        <range>20</range>
        <soundCast>Pulsar</soundCast>
        <soundCastTail>GunTail_Medium</soundCastTail>
        <muzzleFlashScale>9</muzzleFlashScale>
      </li>
    </verbs>
    <thingCategories>
      <li>LaserWeapons</li>
    </thingCategories> <!--changed from TEWeapons-->
  </ThingDef>
  
  <!-- =================================================== -->


  <ThingDef Class="LaserWeapons.ThingDef_LaserProjectile" ParentName="BaseBullet">
    <defName>Bullet_Corona</defName>
    <thingClass>LaserWeapons.Projectile_Laser</thingClass>
    <label>pulse laser</label>
    <graphicData>
      <texPath>Things/Projectile/rslaser</texPath>
      <graphicClass>Graphic_Single</graphicClass>
    </graphicData>
    <projectile>
      <damageDef>Optic</damageDef>
      <damageAmountBase>10</damageAmountBase>
      <speed>45</speed>
    </projectile>
    <preFiringInitialIntensity>0</preFiringInitialIntensity>
    <preFiringFinalIntensity>1</preFiringFinalIntensity>
    <postFiringInitialIntensity>1</postFiringInitialIntensity>
    <postFiringFinalIntensity>0</postFiringFinalIntensity>
    <preFiringDuration>7</preFiringDuration>
    <postFiringDuration>20</postFiringDuration>
  </ThingDef>



  <ThingDef ParentName="BaseHumanGun">
    <defName>Gun_PLPistol</defName>
    <label>pulse laser pistol</label>
    <description>Small and compact, "Corona" pistol is based on the Pulsar variant, using a small capacitor the Corona is inferior in range and firepower.</description>
    <graphicData>
      <texPath>Things/A10/Corona</texPath>
      <graphicClass>Graphic_Single</graphicClass>
    </graphicData>
    <statBases>
      <MarketValue>450</MarketValue>
      <AccuracyTouch>0.75</AccuracyTouch>
      <AccuracyShort>0.80</AccuracyShort>
      <AccuracyMedium>0.85</AccuracyMedium>
      <AccuracyLong>0.99</AccuracyLong>
      <RangedWeapon_Cooldown>0.6</RangedWeapon_Cooldown>
    </statBases>
    <verbs>
      <li>
        <verbClass>Verb_Shoot</verbClass>
        <hasStandardCommand>true</hasStandardCommand>
        <projectileDef>Bullet_Corona</projectileDef>
        <warmupTicks>70</warmupTicks>
        <ticksBetweenBurstShots>5</ticksBetweenBurstShots>
        <burstShotCount>3</burstShotCount>
        <range>15</range>
        <soundCast>Pulsar</soundCast>
        <soundCastTail>GunTail_Medium</soundCastTail>
        <muzzleFlashScale>7</muzzleFlashScale>
      </li>
    </verbs>
	<thingCategories>
      <li>LaserWeapons</li>
    </thingCategories> <!--changed from TEWeapons-->
  </ThingDef>
  
  <!-- =================================================== -->


  <ThingDef Class="LaserWeapons.ThingDef_LaserProjectile" ParentName="BaseBullet">
    <defName>Bullet_Quasar</defName>
    <thingClass>LaserWeapons.Projectile_Laser</thingClass>
    <label>pulse laser</label>
    <graphicData>
      <texPath>Things/Projectile/quasar</texPath>
      <graphicClass>Graphic_Single</graphicClass>
    </graphicData>
    <projectile>
      <damageDef>Optic</damageDef>
      <damageAmountBase>15</damageAmountBase>
      <speed>45</speed>
    </projectile>
    <preFiringInitialIntensity>0</preFiringInitialIntensity>
    <preFiringFinalIntensity>1</preFiringFinalIntensity>
    <postFiringInitialIntensity>1</postFiringInitialIntensity>
    <postFiringFinalIntensity>0</postFiringFinalIntensity>
    <preFiringDuration>7</preFiringDuration>
    <postFiringDuration>35</postFiringDuration>
  </ThingDef>



  <ThingDef ParentName="BaseHumanGun">
    <defName>Gun_PLSniper</defName>
    <label>pulse laser long rifle</label>
    <description>An advanced Tisiphone Enterprise weapon, "Quasar" rifle is the continuation of long range advancement of the Puslar boasting greater accuracy at extreme range, however there is also the likelihood that a marksman could shoot themselves in the foot if used at close range also.</description>
    <graphicData>
      <texPath>Things/A10/Quasar</texPath>
      <graphicClass>Graphic_Single</graphicClass>
    </graphicData>
    <statBases>
      <MarketValue>1610</MarketValue>
      <AccuracyTouch>0.2</AccuracyTouch>
      <AccuracyShort>0.5</AccuracyShort>
      <AccuracyMedium>0.80</AccuracyMedium>
      <AccuracyLong>0.99</AccuracyLong>
      <RangedWeapon_Cooldown>2</RangedWeapon_Cooldown>
    </statBases>
    <verbs>
      <li>
        <verbClass>Verb_Shoot</verbClass>
        <hasStandardCommand>true</hasStandardCommand>
        <projectileDef>Bullet_Quasar</projectileDef>
        <warmupTicks>200</warmupTicks>
        <ticksBetweenBurstShots>5</ticksBetweenBurstShots>
        <burstShotCount>3</burstShotCount>
        <range>40</range>
        <soundCast>Pulsar</soundCast>
        <soundCastTail>GunTail_Medium</soundCastTail>
        <muzzleFlashScale>7</muzzleFlashScale>
      </li>
    </verbs>
    <thingCategories>
      <li>LaserWeapons</li>
    </thingCategories> <!--changed from TEWeapons-->
  </ThingDef>

  <!-- =================================================== -->


  <ThingDef Class="LaserWeapons.ThingDef_LaserProjectile" ParentName="BaseBullet">
    <defName>Bullet_Collapsar</defName>
    <thingClass>LaserWeapons.Projectile_Laser</thingClass>
    <label>pulse laser</label>
    <graphicData>
      <texPath>Things/Projectile/quasar</texPath>
      <graphicClass>Graphic_Single</graphicClass>
    </graphicData>
    <projectile>
      <damageDef>Optic</damageDef>
      <damageAmountBase>20</damageAmountBase>
      <speed>45</speed>
    </projectile>
    <preFiringInitialIntensity>0</preFiringInitialIntensity>
    <preFiringFinalIntensity>1</preFiringFinalIntensity>
    <postFiringInitialIntensity>1</postFiringInitialIntensity>
    <postFiringFinalIntensity>0</postFiringFinalIntensity>
    <preFiringDuration>7</preFiringDuration>
    <postFiringDuration>110</postFiringDuration>
  </ThingDef>



  <ThingDef ParentName="BaseHumanGun">
    <defName>Gun_PLCutter</defName>
    <label>pulse projector</label>
    <description>Classed as a heavy industrial mining tool, while only being able to be deployed at extreme short range this "Collapsar" pulse projector can weld through flesh and metal alike, As a unique item adopted for Tisiphone anti mechsuit units.</description>
    <graphicData>
      <texPath>Things/A10/Collapsar</texPath>
      <graphicClass>Graphic_Single</graphicClass>
    </graphicData>
    <statBases>
      <MarketValue>1700</MarketValue>
      <AccuracyTouch>0.99</AccuracyTouch>
      <AccuracyShort>0.99</AccuracyShort>
      <AccuracyMedium>0.99</AccuracyMedium>
      <AccuracyLong>0.99</AccuracyLong>
      <RangedWeapon_Cooldown>1.2</RangedWeapon_Cooldown>
    </statBases>
    <verbs>
      <li>
        <verbClass>Verb_Shoot</verbClass>
        <hasStandardCommand>true</hasStandardCommand>
        <projectileDef>Bullet_Collapsar</projectileDef>
        <warmupTicks>170</warmupTicks>
        <ticksBetweenBurstShots>10</ticksBetweenBurstShots>
        <burstShotCount>5</burstShotCount>
        <range>10</range>
        <soundCast>Collapsar</soundCast>
        <soundCastTail>GunTail_Medium</soundCastTail>
        <muzzleFlashScale>7</muzzleFlashScale>
      </li>
    </verbs>
    <thingCategories>
      <li>LaserWeapons</li>
    </thingCategories> <!--changed from TEWeapons-->
  </ThingDef>
  

  <!-- ================ Nova ============== -->

  <ThingDef ParentName="BaseBullet">
    <defName>Bullet_Nova</defName>
    <label>micro missile</label>
    <graphicData>
      <texPath>Things/Projectile/NovaM</texPath>
      <graphicClass>Graphic_Single</graphicClass>
      <shaderType>TransparentPostLight</shaderType>
    </graphicData>
    <thingClass>Projectile_Explosive</thingClass>
    <projectile>
      <damageDef>Bomb</damageDef>
      <damageAmountBase>4</damageAmountBase>
      <speed>60</speed>
      <explosionRadius>1.8</explosionRadius>
      <flyOverhead>true</flyOverhead>
      <soundExplode>MortarBomb_Explode</soundExplode>
    </projectile>
  </ThingDef>

  <ThingDef ParentName="BaseGun">
    <defName>Gun_MML</defName>
    <label>MML</label>
    <graphicData>
      <texPath>Things/A10/Nova</texPath>
      <graphicClass>Graphic_Single</graphicClass>
    </graphicData>
    <description>Tisiphone's "Nova" Micro Missile Launcher, this launcher's salvo system assists the user in area suppression and the delivery of small ordinances to the targeted an area. Based on Federation "Arranger" tech this weapon has been adopted for effective long range support.</description>
    <soundInteract>InteractRifle</soundInteract>
    <statBases>
      <MarketValue>1800</MarketValue>
      <AccuracyTouch>0.72</AccuracyTouch>
      <AccuracyShort>0.89</AccuracyShort>
      <AccuracyMedium>0.92</AccuracyMedium>
      <AccuracyLong>0.80</AccuracyLong>
      <RangedWeapon_Cooldown>3</RangedWeapon_Cooldown>
    </statBases>
    <verbs>
      <li>
        <verbClass>Verb_Shoot</verbClass>
        <forceNormalTimeSpeed>false</forceNormalTimeSpeed>
        <hasStandardCommand>true</hasStandardCommand>
        <projectileDef>Bullet_Nova</projectileDef>
        <warmupTicks>240</warmupTicks>
        <minRange>5</minRange>
        <range>35</range>
        <forcedMissRadius>4</forcedMissRadius>
        <ticksBetweenBurstShots>12</ticksBetweenBurstShots>
        <burstShotCount>12</burstShotCount>
        <soundCast>Nova</soundCast>
        <soundCastTail>GunTail_Heavy</soundCastTail>
        <muzzleFlashScale>15</muzzleFlashScale>
      </li>
    </verbs>
    <thingCategories>
      <li>HeavyWeapons</li>
    </thingCategories> <!--changed from TEWeapons-->
  </ThingDef>

</ThingDefs>