﻿<?xml version="1.0" encoding="utf-8" ?>
<Buildings>


	<!--restore standing lamp that superior crafting replaced with ceiling lights since Glass & Lights has that already-->

  <ThingDef Name="BuildingBase" Abstract="True">
    <category>Building</category>
    <thingClass>Building</thingClass>
    <soundImpactDefault>BulletImpactMetal</soundImpactDefault>
    <selectable>true</selectable>
    <drawerType>MapMeshAndRealTime</drawerType>
    <terrainAffordanceNeeded>Light</terrainAffordanceNeeded>
    <repairEffect>Repair</repairEffect>
    <leaveResourcesWhenKilled>true</leaveResourcesWhenKilled>
    <filthLeaving>BuildingRubble</filthLeaving>
  </ThingDef>
  
  <ThingDef Name="FurnitureBase" ParentName="BuildingBase" Abstract="True">
    <comps>
      <li>
        <compClass>CompQuality</compClass>
      </li>
    </comps>
    <DesignationCategory>Lighting</DesignationCategory><!--changed from Furniture-->
    <minifiedDef>MinifiedFurniture</minifiedDef>
  </ThingDef>
  
  <ThingDef Name="HighQualityFurnitureBase" ParentName="BuildingBase" Abstract="True">
    <comps>
      <li>
        <compClass>CompQuality</compClass>
      </li>
      <li>
        <compClass>CompArt</compClass>
        <nameMaker>NamerFurniture</nameMaker>
        <descriptionMaker>ArtFurniture</descriptionMaker>
        <minQualityForArtistic>Excellent</minQualityForArtistic>
      </li>
    </comps>
    <inspectorTabs>
      <li>ITab_Art</li>
    </inspectorTabs>
    <DesignationCategory>Furniture</DesignationCategory>
    <minifiedDef>MinifiedFurniture</minifiedDef>
  </ThingDef>




  <!-- ======================== Lighting ======================= -->



  <ThingDef Abstract="True" Name="StandingLampBase" ParentName="BuildingBase">
    <thingClass>Building</thingClass>
    <category>Building</category>
    <minifiedDef>MinifiedFurniture</minifiedDef>
    <altitudeLayer>Waist</altitudeLayer>
    <passability>PassThroughOnly</passability>
    <selectable>true</selectable>
    <fillPercent>0.20</fillPercent>
    <costList>
      <Steel>15</Steel>
      <Glass>1</Glass>
    </costList>
    <leaveResourcesWhenKilled>false</leaveResourcesWhenKilled>
    <soundImpactDefault>BulletImpactMetal</soundImpactDefault>
    <DesignationCategory>Lighting</DesignationCategory><!--changed from Furniture-->
    <rotatable>false</rotatable>
    <graphicData>
      <texPath>Things/Building/Furniture/LampStanding</texPath>
      <graphicClass>Graphic_Single</graphicClass>
      <shadowData>
        <volume>(0.3, 0.6, 0.3)</volume>
        <offset>(0,0,-0.1)</offset>
      </shadowData>
    </graphicData>
    <comps>
      <li>
        <compClass>CompPowerTrader</compClass>
        <basePowerConsumption>150</basePowerConsumption>
        <shortCircuitInRain>false</shortCircuitInRain>
        <soundPowerOn>PowerOnSmall</soundPowerOn>
        <soundPowerOff>PowerOffSmall</soundPowerOff>
      </li>
      <li>
        <compClass>CompQuality</compClass>
      </li>
    </comps>
        <statBases>
      <MaxHitPoints>50</MaxHitPoints>
      <WorkToMake>170</WorkToMake>
      <Flammability>1.0</Flammability>
    </statBases>
  </ThingDef>
  
  
  <ThingDef ParentName="StandingLampBase" >
    <defName>StandingLamp</defName>
    <label>standing lamp</label>
    <description>Standing lamp that lights an area.</description>
    <designationHotKey>L</designationHotKey>
    <comps>
      <li>
        <compClass>CompGlower</compClass>
        <glowRadius>12</glowRadius>
        <glowColor>(217,217,208,0)</glowColor>
      </li>
    </comps>
  </ThingDef>

  <ThingDef ParentName="StandingLampBase">
    <defName>StandingLamp_Red</defName>
    <label>standing lamp (red)</label>
    <designationHotKey>O</designationHotKey>
    <description>Standing lamp that lights an area in red.</description>
    <comps>
      <li>
        <compClass>CompGlower</compClass>
        <glowRadius>12</glowRadius>
        <glowColor>(217,0,0,0)</glowColor>
      </li>
    </comps>
    <researchPrerequisite>ColoredLights</researchPrerequisite>
  </ThingDef>

  <ThingDef ParentName="StandingLampBase">
    <defName>StandingLamp_Green</defName>
    <label>standing lamp (green)</label>
    <description>Standing lamp that lights an area in green.</description>
    <designationHotKey>K</designationHotKey>
    <comps>   
      <li>
        <compClass>CompGlower</compClass>
        <glowRadius>12</glowRadius>
        <glowColor>(0,217,0,0)</glowColor>
      </li>
    </comps>
    <researchPrerequisite>ColoredLights</researchPrerequisite>
  </ThingDef>

  <ThingDef ParentName="StandingLampBase">
    <defName>StandingLamp_Blue</defName>
    <label>standing lamp (blue)</label>
    <description>Standing lamp that lights an area in blue.</description>
    <designationHotKey>M</designationHotKey>
    <comps>
      <li>
        <compClass>CompGlower</compClass>
        <glowRadius>12</glowRadius>
        <glowColor>(0,0,217,0)</glowColor>
      </li>
    </comps>
    <researchPrerequisite>ColoredLights</researchPrerequisite>
  </ThingDef>

</Buildings>