<?xml version="1.0" encoding="utf-8" ?>
<ThingDefs>

<!-- remove the glassworks table from SCR and keep the one from Glass and Lights instead-->

	<ThingDef Name="BuildingBase" Abstract="True">
		<category>Building</category>
		<soundImpactDefault>BulletImpactMetal</soundImpactDefault>
		<selectable>true</selectable>
		<drawerType>MapMeshAndRealTime</drawerType>
		<terrainAffordanceNeeded>Light</terrainAffordanceNeeded>
		<repairEffect>Repair</repairEffect>
		<leaveResourcesWhenKilled>true</leaveResourcesWhenKilled>
		<filthLeaving>BuildingRubble</filthLeaving>
	</ThingDef>
	

	<ThingDef ParentName="BuildingBase">
		<DefName>TableGlassworks</DefName>
		<label>Glassworks (UNUSED)</label>
		<ThingClass>Building_WorkTable_HeatPush</ThingClass>
		<Description>A table with tools for creating raw glass out of sand.</Description>
		
	</ThingDef>

</ThingDefs>