<?xml version="1.0" encoding="utf-8" ?>
<Buildings>

  
	<ThingDef Name="BuildingBase" Abstract="True">
		<category>Building</category>
		<soundImpactDefault>BulletImpactMetal</soundImpactDefault>
		<selectable>true</selectable>
		<drawerType>MapMeshAndRealTime</drawerType>
		<terrainAffordanceNeeded>Light</terrainAffordanceNeeded>
		<repairEffect>Repair</repairEffect>
    <leaveResourcesWhenKilled>true</leaveResourcesWhenKilled>
  </ThingDef>

  
  
	<ThingDef ParentName="BuildingBase">
		<defName>GauseWindTurbine</defName>
    <thingClass>CTS.GauseWindTurbine</thingClass>
		<label>Gause Wind Turbine</label>
		<description>A wind-powered gause electrical generator, No aroun area ;). </description>
    <graphicData>
      <texPath>GauseWindTurbineFrames/GauseWindTurbineOFF</texPath>
      <graphicClass>Graphic_Single</graphicClass>
      <drawSize>(5,5)</drawSize>
      <shadowData>
        <volume>(0.2, 1.0, 0.8)</volume>
      </shadowData>
    </graphicData>
    <altitudeLayer>BuildingTall</altitudeLayer>
		<passability>Impassable</passability>
		<fillPercent>0.5</fillPercent>
		<statBases>
			<MaxHitPoints>150</MaxHitPoints>
			<WorkToMake>3300</WorkToMake>
			<Flammability>0.4</Flammability>
			<Beauty>-12</Beauty>
		</statBases>
		<tickerType>Normal</tickerType>
		<size>(5,5)</size>
		<selectable>true</selectable>
    
		<rotatable>false</rotatable>
		<designationCategory>Power</designationCategory>
		<building>
			<ignoreNeedsPower>true</ignoreNeedsPower>
		</building>
		<costList>
			<SteelBar>100</SteelBar>
			<PlasteelBar>100</PlasteelBar>
			<Uranium>10</Uranium>
			<Electronics>30</Electronics>
                        
		</costList>
    <constructEffect>ConstructMetal</constructEffect>
   
		<comps>
			<li>
				<compClass>CompPowerTrader</compClass>
				<basePowerConsumption>-5000</basePowerConsumption>
				<transmitsPower>true</transmitsPower>
        <powerToggleable>false</powerToggleable>
      </li>
		</comps>
 <researchPrerequisite>PowerII</researchPrerequisite>
	</ThingDef>
	
</Buildings>
