﻿<?xml version="1.0" encoding="utf-8" ?>
<ThingDefs>

  <ThingDef Name="ApparelBase" Abstract="True">
    <thingClass>Apparel</thingClass>
    <category>Item</category>
    <selectable>True</selectable>
    <pathCost>10</pathCost>
    <useHitPoints>True</useHitPoints>
    <graphicData>
      <onGroundRandomRotateAngle>35</onGroundRandomRotateAngle>
    </graphicData>
    <drawGUIOverlay>true</drawGUIOverlay>
    <statBases>
      <MaxHitPoints>100</MaxHitPoints>
      <Flammability>1.0</Flammability>
      <DeteriorationRate>1</DeteriorationRate>
      <SellPriceFactor>0.5</SellPriceFactor>
    </statBases>
    <!--<thingCategories>
      <li>Apparellocategory</li>
    </thingCategories>-->
    <altitudeLayer>Item</altitudeLayer>
    <alwaysHaulable>True</alwaysHaulable>
    <tickerType>Never</tickerType>
    <comps>
      <li>
        <compClass>CompForbiddable</compClass>
      </li>
      <li>
        <compClass>CompColorable</compClass>
      </li>
      <li>
        <compClass>CompQuality</compClass>
      </li>
    </comps>
  </ThingDef>

  <ThingDef Name="ApparelMakeableBase" ParentName="ApparelBase" Abstract="True">
    <recipeMaker>
      <workSpeedStat>TailoringSpeed</workSpeedStat>
      <workSkill>Crafting</workSkill>
      <effectWorking>Tailor</effectWorking>
      <soundWorking>Recipe_Tailor</soundWorking>
        <recipeUsers>
        <li>TableTailor</li>
      </recipeUsers>
      <unfinishedThingDef>UnfinishedApparel</unfinishedThingDef>
    </recipeMaker>
  </ThingDef>



  <ThingDef ParentName="ApparelMakeableBase">
    <defName>Apparello_PonPon</defName>
    <description>Gunslinger's second best friend, Right after the sixshooter and Ten-Gallon Stetson! No, wait make that the third best.</description>
    <label>poncho</label>
    <graphicData>
      <texPath>Apparel/Poncho/Ponpon</texPath>
      <graphicClass>Graphic_Single</graphicClass>
    </graphicData>
    <costStuffCount>75</costStuffCount>
    <stuffCategories>
      <li>Fabric</li>
    </stuffCategories>
    <statBases>
      <MaxHitPoints>250</MaxHitPoints>
      <WorkToMake>24000</WorkToMake>
      <ArmorRating_Blunt>0.03</ArmorRating_Blunt>
      <ArmorRating_Sharp>0.07</ArmorRating_Sharp>
      <Insulation_Cold>-9</Insulation_Cold>
      <Insulation_Heat>18</Insulation_Heat>
    </statBases>
    <equippedStatOffsets>
      <MoveSpeed>-0.02</MoveSpeed>
    </equippedStatOffsets>
    <apparel>
      <bodyPartGroups>
        <li>Torso</li>
      </bodyPartGroups>
      <worngraphicPath>Apparel/Poncho/Ponpon</worngraphicPath>
      <layers>
        <li>Shell</li>
      </layers>
      <commonality>1</commonality>
      <tags>
        <li>Outlander</li>
      </tags>
      <defaultOutfitTags>
        <li>Worker</li>
      </defaultOutfitTags>
    </apparel>
    <colorGenerator Class="ColorGenerator_Options">
			<options>
				<li>
					<weight>10</weight>
					<only>RGBA(0.80,0.45,0,1)</only>
				</li>
				<li>
					<weight>10</weight>
					<only>RGBA(1,0.20,0,1)</only>
				</li>
				<li>
					<weight>10</weight>
					<only>RGBA(1,0.90,1,1)</only>
				</li>
				<li>
					<weight>10</weight>
					<only>RGBA(0.60,0.40,0.40,1)</only>
				</li>
				<li>
					<weight>10</weight>
					<only>RGBA(0,0.80,1,1)</only>
				</li>
				<li>
					<weight>6</weight>
					<max>RGBA(0.80,0.75,0.75,1)</max>
					<min>RGBA(0.60,0.50,0.50,1)</min>
				</li>
			</options>
		</colorGenerator>
    <thingCategories>
      <li>ApparelTops</li> <!--changed from Apparellocategory-->
      <li>ApparelloSomerset</li>
    </thingCategories>
  </ThingDef>










  <ThingDef ParentName="ApparelMakeableBase">
    <defName>Apparello_Brocade</defName>
    <label>Brocade vest</label>
    <description>Always keep calm and collected. And wear brocade. The definite go to piece of apparel for any gentleguy or gal</description>
    <graphicData>
      <texPath>Apparel/Brocade/Broc</texPath>
      <graphicClass>Graphic_Single</graphicClass>
    </graphicData>
    <costStuffCount>55</costStuffCount>
    <stuffCategories>
      <li>Fabric</li>
    </stuffCategories>
    <statBases>
      <WorkToMake>11000</WorkToMake>
      <Insulation_Cold>-5</Insulation_Cold>
    </statBases>
    <equippedStatOffsets>
      <SocialImpact>0.13</SocialImpact>
    </equippedStatOffsets>
    <apparel>
      <bodyPartGroups>
        <li>Torso</li>
      </bodyPartGroups>
      <worngraphicPath>Apparel/Brocade/Broc</worngraphicPath>
      <layers>
        <li>Middle</li>
      </layers>
      <commonality>1</commonality>
      <tags>
        <li>Outlander</li>
        <li>SetTalker</li>
      </tags>
      <defaultOutfitTags>
        <li>Worker</li>
      </defaultOutfitTags>
    </apparel>
		<colorGenerator Class="ColorGenerator_Options">
			<options>
				<li>
					<weight>20</weight>
					<only>RGBA(1,1,1,1)</only>
				</li>
				<li>
					<weight>20</weight>
					<only>RGBA(0.40,0.40,0.40,1)</only>
				</li>
				<li>
					<weight>20</weight>
					<only>RGBA(1,0.50,0.50,1)</only>
				</li>
				<li>
					<weight>10</weight>
					<only>RGBA(0.60,0.40,0.40,1)</only>
				</li>
				<li>
					<weight>10</weight>
					<only>RGBA(0,0.80,1,1)</only>
				</li>
				<li>
					<weight>6</weight>
					<max>RGBA(0.80,0.75,0.75,1)</max>
					<min>RGBA(0.60,0.50,0.50,1)</min>
				</li>
			</options>
		</colorGenerator>
    <thingCategories>
      <li>ApparelTops</li> <!--changed from Apparellocategory-->
      <li>ApparelloSetSocialite</li>
    </thingCategories>
  </ThingDef>
 









  <ThingDef ParentName="ApparelBase">
    <defName>Apparello_Suspender</defName>
    <label>Stablehand trousers</label>
    <description>Ain't a chap on earf lookin' as honest as one wearin' these. With these equipped one should feel more comfortable wading through mud and filth and therefore more inclined to get the job done without distractions</description>
    <graphicData>
      <texPath>Apparel/Suspenders/Suspenders</texPath>
      <graphicClass>Graphic_Single</graphicClass>
    </graphicData>
    <statBases>
      <MarketValue>50</MarketValue>
    </statBases>
    <equippedStatOffsets>
      <WorkSpeedGlobal>0.06</WorkSpeedGlobal>
    </equippedStatOffsets>
    <apparel>
      <bodyPartGroups>
        <li>Legs</li>
      </bodyPartGroups>
      <worngraphicPath>Apparel/Suspenders/Suspenders</worngraphicPath>
      <layers>
        <li>Middle</li>
      </layers>
      <commonality>1</commonality>
      <tags>
        <li>Outlander</li>
        <li>SetWorker</li>
      </tags>
      <defaultOutfitTags>
        <li>Worker</li>
      </defaultOutfitTags>
    </apparel>
		<colorGenerator Class="ColorGenerator_Options">
			<options>
				<li>
					<weight>10</weight>
					<only>RGBA(0.4,0.3,0.15,1)</only>
				</li>
				<li>
					<weight>15</weight>
					<only>RGBA(0.6,0.45,0.18,1)</only>
				</li>
				<li>
					<weight>20</weight>
					<only>RGBA(0.8,0.6,0.23,1)</only>
				</li>
				<li>
					<weight>6</weight>
					<max>RGBA(1,1,0.90,1)</max>
					<min>RGBA(1,0.90,0.75,1)</min>
				</li>
			</options>
		</colorGenerator>
    <thingCategories>
      <li>ApparelAccessories</li> <!--changed from Apparellocategory-->
      <li>ApparelloCrafterSet</li>
    </thingCategories>
  </ThingDef>

</ThingDefs>
