﻿<?xml version="1.0" encoding="utf-8" ?>
<ThingDefs>

  <ThingDef Name="ApparelBase" Abstract="True">
    <thingClass>Apparel</thingClass>
    <category>Item</category>
    <selectable>True</selectable>
    <pathCost>10</pathCost>
    <useHitPoints>True</useHitPoints>
    <graphicData>
      <onGroundRandomRotateAngle>35</onGroundRandomRotateAngle>
    </graphicData>
    <drawGUIOverlay>true</drawGUIOverlay>
    <statBases>
      <MaxHitPoints>100</MaxHitPoints>
      <Flammability>1.0</Flammability>
      <DeteriorationRate>1</DeteriorationRate>
      <SellPriceFactor>0.5</SellPriceFactor>
    </statBases>
    <altitudeLayer>Item</altitudeLayer>
    <alwaysHaulable>True</alwaysHaulable>
    <tickerType>Never</tickerType>
    <comps>
      <li>
        <compClass>CompForbiddable</compClass>
      </li>
      <li>
        <compClass>CompColorable</compClass>
      </li>
      <li>
        <compClass>CompQuality</compClass>
      </li>
    </comps>
  </ThingDef>


  <ThingDef ParentName="ApparelBase">
    <defName>Apparello_GShellWreck</defName>
    <description>Duty worn powered light armor, designed for light infantry and support units.</description>
    <label>wrecked light power armor</label>
    <graphicData>
      <texPath>Wrecked/Glitter/Glittershell</texPath>
      <graphicClass>Graphic_Single</graphicClass>
    </graphicData>
    <statBases>
      <MaxHitPoints>80</MaxHitPoints>
      <MarketValue>525</MarketValue>
      <ArmorRating_Blunt>0.22</ArmorRating_Blunt>
      <ArmorRating_Sharp>0.19</ArmorRating_Sharp>
      <Insulation_Cold>2</Insulation_Cold>
    </statBases>
    <equippedStatOffsets>
      <MoveSpeed>-0.4</MoveSpeed>
    </equippedStatOffsets>
    <apparel>
      <bodyPartGroups>
        <li>Torso</li>
        <li>Arms</li>
      </bodyPartGroups>
      <worngraphicPath>Wrecked/Glitter/Glittershell</worngraphicPath>
      <layers>
        <li>Shell</li>
      </layers>
      <commonality>1</commonality>
      <tags>
        <li>Military</li>
        <li>Spacer</li>
      </tags>
      <defaultOutfitTags>
        <li>Soldier</li>
      </defaultOutfitTags>
    </apparel>
		<colorGenerator Class="ColorGenerator_Options">
			<options>
				<li>
					<weight>5</weight>
					<max>RGBA(0.7,0.7,0.7,1)</max>
					<min>RGBA(0.6,0.6,0.6,1)</min>
				</li>	
			</options>
		</colorGenerator>
		<thingCategories>
      <li>ApparelTops</li> <!--changed from ApparelloArmor-->
    </thingCategories>
  </ThingDef>








<!--Power pants-->

  <ThingDef ParentName="ApparelBase">
    <defName>Apparello_PowerPants</defName>
    <label>lower half of power armor (inactive)</label>
    <description>The lower half of Powered armor. Remnant of something usually used by assault troops from advanced glitterworld planets.</description>
    <graphicData>
      <texPath>BaseTextureModifications/Powminamour/Legs/PowerArmor</texPath>
      <graphicClass>Graphic_Single</graphicClass>
    </graphicData>
    <statBases>
      <MaxHitPoints>180</MaxHitPoints>
      <MarketValue>500</MarketValue>
      <ArmorRating_Blunt>0.1</ArmorRating_Blunt>
      <ArmorRating_Sharp>0.3</ArmorRating_Sharp>
      <ArmorRating_Heat>0.1</ArmorRating_Heat>
    </statBases>
    <equippedStatOffsets>
      <MoveSpeed>-0.04</MoveSpeed>
    </equippedStatOffsets>
    <apparel>
      <bodyPartGroups>
        <li>Legs</li>
      </bodyPartGroups>
      <worngraphicPath>BaseTextureModifications/Powminamour/Legs/PowerArmor</worngraphicPath>
      <layers>
        <li>Middle</li>
        <li>Shell</li>
      </layers>
      <commonality>2</commonality>
      <tags>
        <li>Outlander</li>
        <li>Military</li>
      </tags>
      <defaultOutfitTags>
        <li>Soldier</li>
      </defaultOutfitTags>
    </apparel>
    <colorGenerator Class="ColorGenerator_Options">
      <options>
        <li>
          <weight>10</weight>
          <only>RGBA(0.33,0.33,0.33,1)</only>
        </li>
        <li>
          <weight>10</weight>
          <only>RGBA(0.65,0.65,0.65,1)</only>
        </li>
        <li>
          <weight>6</weight>
          <min>RGBA(0.3,0.3,0.3,1)</min>
          <max>RGBA(0.5,0.5,0.5,1)</max>
        </li>
        <li>
          <weight>10</weight>
          <only>RGBA(0.9,0.9,0.9,1)</only>
        </li>
      </options>
    </colorGenerator>
    <thingCategories>
      <li>ApparelBottoms</li> <!--changed from ApparelloArmor-->
    </thingCategories>
  </ThingDef>











<!--Power top-->

  <ThingDef ParentName="ApparelBase">
    <defName>Apparello_PowerTop</defName>
    <label>upper half of power armor (inactive)</label>
    <description>The upper half of Powered armor. Remnant of something usually used by assault troops from advanced glitterworld planets.</description>
    <graphicData>
      <texPath>BaseTextureModifications/Powminamour/Chest/PowerArmor</texPath>
      <graphicClass>Graphic_Single</graphicClass>
    </graphicData>
    <statBases>
      <MaxHitPoints>280</MaxHitPoints>
      <MarketValue>1900</MarketValue>
      <ArmorRating_Blunt>0.1</ArmorRating_Blunt>
      <ArmorRating_Sharp>0.3</ArmorRating_Sharp>
      <ArmorRating_Heat>0.1</ArmorRating_Heat>
    </statBases>
    <equippedStatOffsets>
      <MoveSpeed>-0.1</MoveSpeed>
    </equippedStatOffsets>
    <apparel>
      <bodyPartGroups>
        <li>Arms</li>
        <li>Torso</li>
      </bodyPartGroups>
      <worngraphicPath>BaseTextureModifications/Powminamour/Chest/PowerArmor</worngraphicPath>
      <layers>
        <li>Middle</li>
        <li>Shell</li>
      </layers>
      <commonality>2</commonality>
      <tags>
        <li>Outlander</li>
        <li>Military</li>
      </tags>
      <defaultOutfitTags>
        <li>Soldier</li>
      </defaultOutfitTags>
    </apparel>
    <colorGenerator Class="ColorGenerator_Options">
      <options>
        <li>
          <weight>10</weight>
          <only>RGBA(0.33,0.33,0.33,1)</only>
        </li>
        <li>
          <weight>10</weight>
          <only>RGBA(0.65,0.65,0.65,1)</only>
        </li>
        <li>
          <weight>6</weight>
          <min>RGBA(0.3,0.3,0.3,1)</min>
          <max>RGBA(0.5,0.5,0.5,1)</max>
        </li>
        <li>
          <weight>10</weight>
          <only>RGBA(0.9,0.9,0.9,1)</only>
        </li>
      </options>
    </colorGenerator>
	<thingCategories>
      <li>ApparelTops</li> <!--changed from ApparelloArmor-->
    </thingCategories>
  </ThingDef>



</ThingDefs>
