﻿<?xml version="1.0" encoding="utf-8" ?>
<ThingDefs>

  <ThingDef Name="ApparelBase" Abstract="True">
    <thingClass>Apparel</thingClass>
    <category>Item</category>
    <selectable>True</selectable>
    <pathCost>10</pathCost>
    <useHitPoints>True</useHitPoints>
    <graphicData>
      <onGroundRandomRotateAngle>35</onGroundRandomRotateAngle>
    </graphicData>
    <drawGUIOverlay>true</drawGUIOverlay>
    <statBases>
      <MaxHitPoints>100</MaxHitPoints>
      <Flammability>1.0</Flammability>
      <DeteriorationRate>1</DeteriorationRate>
      <SellPriceFactor>0.5</SellPriceFactor>
    </statBases>
    <altitudeLayer>Item</altitudeLayer>
    <alwaysHaulable>True</alwaysHaulable>
    <tickerType>Never</tickerType>
    <comps>
      <li>
        <compClass>CompForbiddable</compClass>
      </li>
      <li>
        <compClass>CompColorable</compClass>
      </li>
      <li>
        <compClass>CompQuality</compClass>
      </li>
    </comps>
  </ThingDef>


  <ThingDef Name="ApparelAccessory" ParentName="ApparelBase" Abstract="True">
    <statBases>
      <DeteriorationRate>0</DeteriorationRate>
      <SellPriceFactor>0.1</SellPriceFactor>
      <Flammability>1.0</Flammability>
    </statBases>
    <thingCategories>
      <li>ApparelAccessories</li> <!-- changed from Accessorellocategory -->
    </thingCategories>
  </ThingDef>


<!-- added to separate Footwear from other accessories -->
  <ThingDef Name="ApparelFeet" ParentName="ApparelBase" Abstract="True">
    <statBases>
      <DeteriorationRate>0</DeteriorationRate>
      <SellPriceFactor>0.1</SellPriceFactor>
      <Flammability>1.0</Flammability>
    </statBases>
    <thingCategories>
      <li>ApparelFootwear</li> 
    </thingCategories>
  </ThingDef>



  <ThingDef Name="ApparelMakeableBase" ParentName="ApparelBase" Abstract="True">
    <recipeMaker>
      <workSpeedStat>TailoringSpeed</workSpeedStat>
      <workSkill>Crafting</workSkill>
      <effectWorking>Tailor</effectWorking>
      <soundWorking>Recipe_Tailor</soundWorking>
      <recipeUsers>
        <li>TableTailor</li>
      </recipeUsers>
      <unfinishedThingDef>UnfinishedApparel</unfinishedThingDef>
    </recipeMaker>
  </ThingDef>

  <ThingDef Name="ApparelloLoomins" ParentName="ApparelBase" Abstract="True">
    <recipeMaker>
      <workSpeedStat>TailoringSpeed</workSpeedStat>
      <workSkill>Crafting</workSkill>
      <effectWorking>Tailor</effectWorking>
      <soundWorking>Recipe_Tailor</soundWorking>
      <recipeUsers>
        <li>ApparelloTableLoom</li>
      </recipeUsers>
      <unfinishedThingDef>UnfinishedApparel</unfinishedThingDef>
    </recipeMaker>
  </ThingDef>

  <ThingDef Name="ApparelloComburthwartle" ParentName="ApparelBase" Abstract="True">
    <tradeability>Never</tradeability>
    <recipeMaker>
      <workSpeedStat>TailoringSpeed</workSpeedStat>
      <workSkill>Crafting</workSkill>
      <effectWorking>Repair</effectWorking>
      <soundWorking>Recipe_Tailor</soundWorking>
      <recipeUsers>
        <li>ApparelloCombiner</li>
      </recipeUsers>
    </recipeMaker>
  </ThingDef>


<!--~~~~~~~pretzels~~~~~~~~-->


  <ThingDef ParentName="ApparelloLoomins">
    <defName>Apparello_Armorpants</defName>
    <label>Armored pants</label>
    <description>An armored set of pants.</description>
    <graphicData>
      <texPath>Accessorello/Armorpants</texPath>
      <graphicClass>Graphic_Single</graphicClass>
    </graphicData>
    <costStuffCount>60</costStuffCount>
    <stuffCategories>
      <li>Fabric</li>
    </stuffCategories>
    <statBases>
      <WorkToMake>3500</WorkToMake>
      <ArmorRating_Blunt>0.1</ArmorRating_Blunt>
      <ArmorRating_Sharp>0.08</ArmorRating_Sharp>
      <Insulation_Cold>-1</Insulation_Cold>
    </statBases>
    <equippedStatOffsets>
	<MoveSpeed>-0.08</MoveSpeed>
    </equippedStatOffsets>
    <apparel>
    <worngraphicPath>Accessorello/Pants/Pants</worngraphicPath>
      <bodyPartGroups>
        <li>Legs</li>
      </bodyPartGroups>
      <layers>
        <li>OnSkin</li>
      </layers>
      <commonality>0.10</commonality>
      <tags>
        <li>Military</li>
        <li>Spacer</li>
	<li>Glitter</li>
      </tags>
      <defaultOutfitTags>
        <li>Soldier</li>
      </defaultOutfitTags>
    </apparel>
    <colorGenerator Class="ColorGenerator_StandardApparel" />
    <thingCategories>
      <li>ApparelBottoms</li> <!-- changed from Apparellopanties -->
    </thingCategories>
  </ThingDef>








  <ThingDef ParentName="ApparelBase">
    <defName>Apparello_Silkpants</defName>
    <label>Silken pants</label>
    <description>Charming set of pants.</description>
    <graphicData>
      <texPath>Accessorello/Silkpants</texPath>
      <graphicClass>Graphic_Single</graphicClass>
    </graphicData>
    <statBases>
      <MarketValue>100</MarketValue>
      <ArmorRating_Blunt>0.02</ArmorRating_Blunt>
      <ArmorRating_Sharp>0.03</ArmorRating_Sharp>
    </statBases>
    <equippedStatOffsets>
	<GiftImpact>0.02</GiftImpact>
      <TradePriceImprovement>0.02</TradePriceImprovement>
    </equippedStatOffsets>
    <apparel>
    <worngraphicPath>Accessorello/Pants/Pants</worngraphicPath>
      <bodyPartGroups>
        <li>Legs</li>
      </bodyPartGroups>
      <layers>
        <li>OnSkin</li>
      </layers>
      <commonality>0.10</commonality>
      <tags>
        <li>SetTrader</li>
      </tags>
    </apparel>
    <colorGenerator Class="ColorGenerator_StandardApparel" />
    <thingCategories>
      <li>ApparelBottoms</li> <!-- changed from Apparellopanties -->
      <li>ApparelloSetTrader</li>
    </thingCategories>
  </ThingDef>










  <ThingDef ParentName="ApparelBase">
    <defName>Apparello_Skirt</defName>
    <label>Shimmering sampot</label>
    <description>Charming skirt. (Can be worn over other pants)</description>
    <graphicData>
      <texPath>Accessorello/Skirt</texPath>
      <graphicClass>Graphic_Single</graphicClass>
    </graphicData>
    <statBases>
      <MarketValue>250</MarketValue>
    </statBases>
    <equippedStatOffsets>
	<GiftImpact>0.02</GiftImpact>
	<SocialImpact>0.05</SocialImpact>
    </equippedStatOffsets>
    <apparel>
      <bodyPartGroups>
        <li>Legs</li>
      </bodyPartGroups>
      <layers>
        <li>Shell</li>
      </layers>
      <commonality>0.10</commonality>
      <tags>
        <li>SetTalker</li>
      </tags>
      <defaultOutfitTags>
        <li>Worker</li>
      </defaultOutfitTags>
    </apparel>
    <colorGenerator Class="ColorGenerator_StandardApparel" />
    <thingCategories>
      <li>ApparelBottoms</li> <!-- changed from Apparellopanties -->
      <li>ApparelloSetDiplomat</li>
    </thingCategories>
  </ThingDef>








  <ThingDef ParentName="ApparelBase">
    <defName>Apparello_Holdem</defName>
    <label>fancy pants</label>
    <description>Fancy pants.</description>
    <graphicData>
      <texPath>Accessorello/Holdem</texPath>
      <graphicClass>Graphic_Single</graphicClass>
    </graphicData>
    <statBases>
      <MarketValue>120</MarketValue>
      <ArmorRating_Blunt>0.05</ArmorRating_Blunt>
      <ArmorRating_Sharp>0.05</ArmorRating_Sharp>
    </statBases>
    <equippedStatOffsets>
	<MoveSpeed>0.05</MoveSpeed>
	<SocialImpact>0.01</SocialImpact>
    </equippedStatOffsets>
    <apparel>
    <worngraphicPath>Accessorello/Pants/Pants</worngraphicPath>
      <bodyPartGroups>
        <li>Legs</li>
      </bodyPartGroups>
      <layers>
        <li>OnSkin</li>
      </layers>
      <commonality>0.10</commonality>
      <tags>
        <li>SetTalker</li>
        <li>Outlander</li>
      </tags>
      <defaultOutfitTags>
        <li>Worker</li>
      </defaultOutfitTags>
    </apparel>
		<colorGenerator Class="ColorGenerator_Options">
			<options>
				<li>
					<weight>5</weight>
					<max>RGBA(1,1,1,1)</max>
					<min>RGBA(0.55,0.55,0.55,1)</min>
				</li>	
			</options>
		</colorGenerator>
    <thingCategories>
      <li>ApparelBottoms</li> <!-- changed from Apparellopanties -->
      <li>ApparelloSetSocialite</li>
    </thingCategories>
  </ThingDef>










  <ThingDef ParentName="ApparelBase">
    <defName>Apparello_Pollypolly</defName>
    <label>Constructor's trousers</label>
    <description>Trousers with huge pocket space.</description>
    <graphicData>
      <texPath>Accessorello/PollyPocket</texPath>
      <graphicClass>Graphic_Single</graphicClass>
    </graphicData>
    <statBases>
      <MarketValue>120</MarketValue>
      <ArmorRating_Sharp>0.06</ArmorRating_Sharp>
      <ArmorRating_Blunt>0.06</ArmorRating_Blunt>
    </statBases>
    <equippedStatOffsets>
	<MoveSpeed>-0.08</MoveSpeed>
	<ConstructionSpeed>0.02</ConstructionSpeed>
    </equippedStatOffsets>
    <apparel>
    <worngraphicPath>Accessorello/Pants/Pants</worngraphicPath>
      <bodyPartGroups>
        <li>Legs</li>
      </bodyPartGroups>
      <layers>
        <li>OnSkin</li>
      </layers>
      <commonality>0.10</commonality>
      <tags>
        <li>Outlander</li>
        <li>Spacer</li>
        <li>SetWorker</li>
      </tags>
      <defaultOutfitTags>
        <li>Worker</li>
      </defaultOutfitTags>
    </apparel>
    <colorGenerator Class="ColorGenerator_StandardApparel" />
    <thingCategories>
      <li>ApparelBottoms</li> <!-- changed from Apparellopanties -->
      <li>ApparelloConstructionSet</li>
    </thingCategories>
  </ThingDef>











  <ThingDef ParentName="ApparelMakeableBase">
    <defName>Apparello_Scrapants</defName>
    <label>patch pants</label>
    <description>crude set of pants for emergencies.</description>
    <graphicData>
      <texPath>Accessorello/NIATramps</texPath>
      <graphicClass>Graphic_Single</graphicClass>
    </graphicData>
    <costStuffCount>10</costStuffCount>
    <stuffCategories>
      <li>Fabric</li>
    </stuffCategories>
    <statBases>
      <WorkToMake>1000</WorkToMake>
    </statBases>
    <equippedStatOffsets>
	<SocialImpact>-0.25</SocialImpact>
    </equippedStatOffsets>
    <apparel>
    <worngraphicPath>Accessorello/Pants/Pants</worngraphicPath>
      <bodyPartGroups>
        <li>Legs</li>
      </bodyPartGroups>
      <layers>
        <li>OnSkin</li>
      </layers>
      <commonality>1</commonality>
      <tags>
        <li>Scrap</li>
      </tags>
      <defaultOutfitTags>
        <li>Worker</li>
      </defaultOutfitTags>
    </apparel>
    <colorGenerator Class="ColorGenerator_StandardApparel" />
    <thingCategories>
      <li>ApparelBottoms</li> <!-- changed from Apparellopanties -->
    </thingCategories>
  </ThingDef>










  <ThingDef ParentName="ApparelMakeableBase">
    <defName>Apparello_Holser</defName>
    <label>holstered chaps</label>
    <description>Chaps with holsters. All the fastest shots wore these. They usually got shot in the back. (Can be worn over other pants)</description>
    <graphicData>
      <texPath>Accessorello/Chaps</texPath>
      <graphicClass>Graphic_Single</graphicClass>
    </graphicData>
    <costStuffCount>80</costStuffCount>
    <stuffCategories>
      <li>Leathery</li>
    </stuffCategories>
    <statBases>
      <WorkToMake>10000</WorkToMake>
    </statBases>
    <equippedStatOffsets>
	<MoveSpeed>-0.02</MoveSpeed>
	<AimingDelayFactor>-0.02</AimingDelayFactor>
    </equippedStatOffsets>
    <apparel>
      <bodyPartGroups>
        <li>Legs</li>
      </bodyPartGroups>
      <layers>
        <li>Shell</li>
      </layers>
      <commonality>0.10</commonality>
      <tags>
        <li>SetShooter</li>
        <li>Outlander</li>
      </tags>
      <defaultOutfitTags>
        <li>Soldier</li>
      </defaultOutfitTags>
    </apparel>
    <colorGenerator Class="ColorGenerator_StandardApparel" />
    <thingCategories>
      <li>ApparelBottoms</li> <!-- changed from Apparellopanties -->
      <li>ApparelloSetRachel</li>
    </thingCategories>
  </ThingDef>











  <ThingDef ParentName="ApparelBase">
    <defName>Apparello_Congo</defName>
    <label>Puffed pants</label>
    <description>They're nice and puffy. The kind of pants worn by the explorers of the old</description>
    <graphicData>
      <texPath>Accessorello/Congo</texPath>
      <graphicClass>Graphic_Single</graphicClass>
    </graphicData>
    <statBases>
      <MarketValue>180</MarketValue>
      <ArmorRating_Blunt>0.08</ArmorRating_Blunt>
      <ArmorRating_Sharp>0.08</ArmorRating_Sharp>
    </statBases>
    <equippedStatOffsets>
	<GlobalLearningFactor>0.01</GlobalLearningFactor>
    </equippedStatOffsets>
    <apparel>
    <worngraphicPath>Accessorello/Pants/Pants</worngraphicPath>
      <bodyPartGroups>
        <li>Legs</li>
      </bodyPartGroups>
      <layers>
        <li>OnSkin</li>
      </layers>
      <commonality>0.10</commonality>
      <tags>
        <li>SetExplorer</li>
      </tags>
      <defaultOutfitTags>
        <li>Worker</li>
      </defaultOutfitTags>
    </apparel>
    <colorGenerator Class="ColorGenerator_Options">
      <options>
        <li>
          <weight>20</weight>
          <only>RGBA(1,1,1,1)</only>
        </li>
      </options>
    </colorGenerator>
    <thingCategories>
      <li>ApparelBottoms</li> <!-- changed from Apparellopanties -->
    </thingCategories>
  </ThingDef>










  <ThingDef ParentName="ApparelBase">
    <defName>Apparello_Spants</defName>
    <label>Spacemarine Leggings</label>
    <description>Covered in thin plasteel alloy. Can be worn over most other pants</description>
    <graphicData>
      <texPath>Accessorello/SpacerPants</texPath>
      <graphicClass>Graphic_Single</graphicClass>
    </graphicData>
    <statBases>
      <MarketValue>300</MarketValue>
      <ArmorRating_Blunt>0.08</ArmorRating_Blunt>
      <ArmorRating_Sharp>0.1</ArmorRating_Sharp>
    </statBases>
    <apparel>
      <bodyPartGroups>
        <li>Legs</li>
      </bodyPartGroups>
      <layers>
        <li>Shell</li>
      </layers>
      <commonality>0.10</commonality>
      <tags>
        <li>Spacer</li>
      </tags>
      <defaultOutfitTags>
        <li>Soldier</li>
      </defaultOutfitTags>
    </apparel>
    <colorGenerator Class="ColorGenerator_Options">
      <options>
        <li>
          <weight>20</weight>
          <only>RGBA(1,1,1,1)</only>
        </li>
      </options>
    </colorGenerator>
    <thingCategories>
      <li>ApparelBottoms</li> <!-- changed from Apparellopanties -->
    </thingCategories>
  </ThingDef>












  <ThingDef ParentName="ApparelMakeableBase">
    <defName>Apparello_Jeans</defName>
    <label>jeans</label>
    <description>Sturdy farmer pants.</description>
    <graphicData>
      <texPath>Accessorello/Jeans</texPath>
      <graphicClass>Graphic_Single</graphicClass>
    </graphicData>
    <costStuffCount>65</costStuffCount>
    <stuffCategories>
      <li>Fabric</li>
    </stuffCategories>
    <statBases>
      <WorkToMake>5000</WorkToMake>
      <ArmorRating_Blunt>0.05</ArmorRating_Blunt>
    </statBases>
    <equippedStatOffsets>
	<MoveSpeed>-0.03</MoveSpeed>
	<PlantWorkSpeed>0.05</PlantWorkSpeed>
    </equippedStatOffsets>
    <apparel>
    <worngraphicPath>Accessorello/Pants/Pants</worngraphicPath>
      <bodyPartGroups>
        <li>Legs</li>
      </bodyPartGroups>
      <layers>
        <li>OnSkin</li>
      </layers>
      <commonality>0.10</commonality>
      <tags>
        <li>SetPlanter</li>
        <li>Outlander</li>
      </tags>
      <defaultOutfitTags>
        <li>Worker</li>
      </defaultOutfitTags>
    </apparel>
    <colorGenerator Class="ColorGenerator_StandardApparel" />
    <thingCategories>
      <li>ApparelBottoms</li> <!-- changed from Apparellopanties -->
      <li>ApparelloGrowerSet</li>
    </thingCategories>
  </ThingDef>









  <ThingDef ParentName="ApparelBase">
    <defName>Apparello_Lederhose</defName>
    <label>leather pants</label>
    <description>Leather pants (sometimes even real leather!) The punk wearing these will always feel lucky.</description>
    <graphicData>
      <texPath>Accessorello/Lederhose</texPath>
      <graphicClass>Graphic_Single</graphicClass>
    </graphicData>
    <costStuffCount>80</costStuffCount>
    <stuffCategories>
      <li>Leathery</li>
    </stuffCategories>
    <statBases>
      <WorkToMake>4000</WorkToMake>
      <ArmorRating_Sharp>0.04</ArmorRating_Sharp>
      <ArmorRating_Blunt>0.03</ArmorRating_Blunt>
    </statBases>
    <equippedStatOffsets>
	<MoveSpeed>-0.03</MoveSpeed>
	<MentalBreakThreshold>-0.01</MentalBreakThreshold>
    </equippedStatOffsets>
    <apparel>
    <worngraphicPath>Accessorello/Pants/Pants</worngraphicPath>
      <bodyPartGroups>
        <li>Legs</li>
      </bodyPartGroups>
      <layers>
        <li>OnSkin</li>
      </layers>
      <commonality>0.10</commonality>
      <tags>
        <li>Outlander</li>
        <li>Norbal</li>
      </tags>
      <defaultOutfitTags>
        <li>Worker</li>
      </defaultOutfitTags>
    </apparel>
    <colorGenerator Class="ColorGenerator_StandardApparel" />
    <thingCategories>
      <li>ApparelBottoms</li> <!-- changed from Apparellopanties -->
    </thingCategories>
  </ThingDef>











  <ThingDef ParentName="ApparelBase">
    <defName>Apparello_square</defName>
    <label>checkered trousers</label>
    <description>Checkered and ready to go!.</description>
    <graphicData>
      <texPath>Accessorello/Checker</texPath>
      <graphicClass>Graphic_Single</graphicClass>
    </graphicData>
    <statBases>
      <MarketValue>180</MarketValue>
    </statBases>
    <equippedStatOffsets>
	<MoveSpeed>-0.03</MoveSpeed>
	<ResearchSpeed>0.05</ResearchSpeed>
    </equippedStatOffsets>
    <apparel>
    <worngraphicPath>Accessorello/Pants/Pants</worngraphicPath>
      <bodyPartGroups>
        <li>Legs</li>
      </bodyPartGroups>
      <layers>
        <li>OnSkin</li>
      </layers>
      <commonality>0.10</commonality>
      <tags>
        <li>Spacer</li>
        <li>Outlander</li>
        <li>SetResearcher</li>
      </tags>
      <defaultOutfitTags>
        <li>Worker</li>
      </defaultOutfitTags>
    </apparel>
    <colorGenerator Class="ColorGenerator_StandardApparel" />
    <thingCategories>
      <li>ApparelBottoms</li> <!-- changed from Apparellopanties -->
      <li>ApparelloResearchSet</li>
    </thingCategories>
  </ThingDef>








<!-- uddergloves -->

  <ThingDef ParentName="ApparelAccessory">
    <defName>Apparello_Motorglove</defName>
    <label>Leather grips</label>
    <description>fingerless leather gloves with real steady gripping abilities. (Worn on both hands, 1st layer)</description>
    <graphicData>
      <texPath>Accessorello/Gloves/MotorGrips</texPath>
      <graphicClass>Graphic_Single</graphicClass>
    </graphicData>
    <statBases>
      <MarketValue>65</MarketValue>
    </statBases>
    <equippedStatOffsets>
	<WorkSpeedGlobal>0.01</WorkSpeedGlobal>
    </equippedStatOffsets>
    <apparel>
      <bodyPartGroups>
	<li>Hands</li>
      </bodyPartGroups>
      <layers>
        <li>OnSkin</li>
      </layers>
      <commonality>0.01</commonality>
      <tags>
        <li>SetWorker</li>
        <li>Outlander</li>
      </tags>
      <defaultOutfitTags>
        <li>Worker</li>
      </defaultOutfitTags>
    </apparel>
    <thingCategories>
       <li>ApparelloCrafterSet</li>
    </thingCategories>
  </ThingDef>








<!-- Left gloves -->
  <ThingDef ParentName="ApparelAccessory">
    <defName>Apparello_Diamonds</defName>
    <label>Fistful of diamonds</label>
    <description>set of bronzed rings with pristine rocks. (Worn on left hand, 2nd layer)</description>
    <graphicData>
      <texPath>Accessorello/Gloves/Fistful</texPath>
      <graphicClass>Graphic_Single</graphicClass>
    </graphicData>
    <statBases>
      <MarketValue>400</MarketValue>
    </statBases>
    <equippedStatOffsets>
	<GiftImpact>0.05</GiftImpact>
	<SocialImpact>0.03</SocialImpact>
    </equippedStatOffsets>
    <apparel>
      <bodyPartGroups>
	<li>LeftHand</li>
      </bodyPartGroups>
      <layers>
        <li>Middle</li>
      </layers>
      <commonality>1</commonality>
      <tags>
        <li>SetTalker</li>
      </tags>
      <defaultOutfitTags>
        <li>Worker</li>
      </defaultOutfitTags>
    </apparel>
    <thingCategories>
      <li>ApparelloSetDiplomat</li>
    </thingCategories>
  </ThingDef>







  <ThingDef ParentName="ApparelAccessory">
    <defName>Apparello_Workglove</defName>
    <label>Leather glove</label>
    <description>Hardened leather glove, commonly used by most craftsmen. (Worn on left hand, 3rd layer)</description>
    <graphicData>
      <texPath>Accessorello/Gloves/LeatherMitten</texPath>
      <graphicClass>Graphic_Single</graphicClass>
    </graphicData>
    <statBases>
      <MarketValue>180</MarketValue>
      <ArmorRating_Heat>0.8</ArmorRating_Heat>
    </statBases>
    <equippedStatOffsets>
	<StonecuttingSpeed>0.05</StonecuttingSpeed>
	<SmeltingSpeed>0.08</SmeltingSpeed>
	<ConstructionSpeed>0.02</ConstructionSpeed>
    </equippedStatOffsets>
    <apparel>
      <bodyPartGroups>
	<li>LeftHand</li>
      </bodyPartGroups>
      <layers>
        <li>Shell</li>
      </layers>
      <commonality>1</commonality>
      <tags>
        <li>SetWorker</li>
      </tags>
      <defaultOutfitTags>
        <li>Worker</li>
      </defaultOutfitTags>
    </apparel>
    <thingCategories>
      <li>ApparelloSetCrafterer</li>
    </thingCategories>
  </ThingDef>







  <ThingDef ParentName="ApparelAccessory">
    <defName>Apparello_Snipeglove</defName>
    <label>Stabilizer glove</label>
    <description>The Antiswerve-adjustor installed in this glove has made it favoured by snipers in particlar. (Worn on left hand, 3rd layer)</description>
    <graphicData>
      <texPath>Accessorello/Gloves/SteadyMitten</texPath>
      <graphicClass>Graphic_Single</graphicClass>
    </graphicData>
    <statBases>
      <MarketValue>2500</MarketValue>
      <ArmorRating_Blunt>0.5</ArmorRating_Blunt>
    </statBases>
    <equippedStatOffsets>
	<ShootingAccuracy>0.05</ShootingAccuracy>
	<MoveSpeed>-0.03</MoveSpeed>
    </equippedStatOffsets>
    <apparel>
      <bodyPartGroups>
	<li>LeftHand</li>
      </bodyPartGroups>
      <layers>
        <li>Shell</li>
      </layers>
      <commonality>0.10</commonality>
      <tags>
        <li>SetShooter</li>
        <li>Glitter</li>
        <li>Spacer</li>
      </tags>
      <defaultOutfitTags>
        <li>Soldier</li>
      </defaultOutfitTags>
    </apparel>
    <thingCategories>
      <li>ApparelloSetRachel</li>
    </thingCategories>
  </ThingDef>









  <ThingDef ParentName="ApparelAccessory">
    <defName>Apparello_Knuckleduster</defName>
    <label>Knuckle duster</label>
    <description>By the public opinion, using these in gangfights is considered as cheating, But since when has streetfights had any rules? (Worn on left hand, 2nd/3rd layer)</description>
    <graphicData>
      <texPath>Accessorello/Gloves/Knuckleduster</texPath>
      <graphicClass>Graphic_Single</graphicClass>
    </graphicData>
    <statBases>
      <MarketValue>85</MarketValue>
    </statBases>
    <equippedStatOffsets>
	<MeleeHitChance>0.05</MeleeHitChance>
    </equippedStatOffsets>
    <apparel>
      <bodyPartGroups>
	<li>LeftHand</li>
      </bodyPartGroups>
      <layers>
        <li>Shell</li>
        <li>Middle</li>
      </layers>
      <commonality>0.10</commonality>
      <tags>
        <li>SetBrawler</li>
        <li>Outlander</li>
      </tags>
      <defaultOutfitTags>
        <li>Soldier</li>
      </defaultOutfitTags>
    </apparel>
    <thingCategories>
      <li>ApparelloSetMelodie</li>
    </thingCategories>
  </ThingDef>









  <ThingDef ParentName="ApparelAccessory">
    <defName>Apparello_docglovetwo</defName>
    <label>Doctor's Pincers</label>
    <description>Rubbery and clinical. It has very claspy pincers strapped on it (Worn on left hand, 2nd/3rd layer)</description>
    <graphicData>
      <texPath>Accessorello/Gloves/DoctorGloveTwo</texPath>
      <graphicClass>Graphic_Single</graphicClass>
    </graphicData>
    <statBases>
      <MarketValue>500</MarketValue>
    </statBases>
    <equippedStatOffsets>
	<HealingSpeed>0.05</HealingSpeed>
	<BaseHealingQuality>0.03</BaseHealingQuality>
    </equippedStatOffsets>
    <apparel>
      <bodyPartGroups>
	<li>LeftHand</li>
      </bodyPartGroups>
      <layers>
        <li>Shell</li>
        <li>Middle</li>
      </layers>
      <commonality>0.10</commonality>
      <tags>
        <li>SetMedical</li>
      </tags>
      <defaultOutfitTags>
        <li>Worker</li>
      </defaultOutfitTags>
    </apparel>
    <thingCategories>
      <li>ApparelloMedicalSet</li>
    </thingCategories>
  </ThingDef>










  <ThingDef ParentName="ApparelAccessory">
    <defName>Apparello_SoothingLove</defName>
    <label>Injector glove: Soothonyl</label>
    <description>Basic leather glove rigged up with intricate injection device with beautiful purple liquid inside. Soothes your nerves and lets you act in stressful situations (Worn on left hand, 3rd layer)</description>
    <graphicData>
      <texPath>Accessorello/Gloves/Soothinglove</texPath>
      <graphicClass>Graphic_Single</graphicClass>
    </graphicData>
    <statBases>
      <MarketValue>2500</MarketValue>
      <ArmorRating_Heat>0.2</ArmorRating_Heat>
    </statBases>
    <equippedStatOffsets>
	<AimingDelayFactor>-0.03</AimingDelayFactor>
	<MentalBreakThreshold>-0.03</MentalBreakThreshold>
	<MoveSpeed>-0.03</MoveSpeed>
    </equippedStatOffsets>
    <apparel>
      <bodyPartGroups>
	<li>LeftHand</li>
      </bodyPartGroups>
      <layers>
        <li>Shell</li>
      </layers>
      <commonality>0.10</commonality>
      <tags>
        <li>SetShooter</li>
        <li>Glitter</li>
        <li>Spacer</li>
      </tags>
      <defaultOutfitTags>
        <li>Soldier</li>
      </defaultOutfitTags>
    </apparel>
    <thingCategories>
      <li>ApparelloSetRachel</li>
    </thingCategories>
  </ThingDef>










<!-- Right gloves -->

  <ThingDef ParentName="ApparelAccessory">
    <defName>Apparello_Stinglikeabee</defName>
    <label>Ringfighter mitten</label>
    <description>Ringfighters' best friend. (Worn on right hand, 3rd layer)</description>
    <graphicData>
      <texPath>Accessorello/Gloves/Boxinglove</texPath>
      <graphicClass>Graphic_Single</graphicClass>
    </graphicData>
    <statBases>
      <MarketValue>150</MarketValue>
    </statBases>
    <equippedStatOffsets>
	<MeleeHitChance>0.1</MeleeHitChance>
    </equippedStatOffsets>
    <apparel>
      <bodyPartGroups>
	<li>RightHand</li>
      </bodyPartGroups>
      <layers>
        <li>Shell</li>
      </layers>
      <commonality>0.10</commonality>
      <tags>
        <li>SetBrawler</li>
      </tags>
      <defaultOutfitTags>
        <li>Soldier</li>
      </defaultOutfitTags>
    </apparel>
    <thingCategories>
      <li>ApparelloSetMelodie</li>
    </thingCategories>
  </ThingDef>








  <ThingDef ParentName="ApparelAccessory">
    <defName>Apparello_Gamerglove</defName>
    <label>Powerglove</label>
    <description>Tyke Bison allegedly hid one of these under his boxing glove during a match. Luckily not a single blow was exchanged before Tyke had already bitten his opponent's nose off. The hit with powered glove could of killed the poor man. (Worn on right hand, 2nd layer)</description>
    <graphicData>
      <texPath>Accessorello/Gloves/Powerglove</texPath>
      <graphicClass>Graphic_Single</graphicClass>
    </graphicData>
    <statBases>
      <MarketValue>1380</MarketValue>
    </statBases>
    <equippedStatOffsets>
	<MeleeHitChance>0.2</MeleeHitChance>
    </equippedStatOffsets>
    <apparel>
      <bodyPartGroups>
	<li>RightHand</li>
      </bodyPartGroups>
      <layers>
        <li>Middle</li>
      </layers>
      <commonality>0.10</commonality>
      <tags>
        <li>SetBrawler</li>
        <li>Spacer</li>
      </tags>
      <defaultOutfitTags>
        <li>Soldier</li>
      </defaultOutfitTags>
    </apparel>
    <thingCategories>
      <li>ApparelloSetMelodie</li>
    </thingCategories>
  </ThingDef>









  <ThingDef ParentName="ApparelAccessory">
    <defName>Apparello_Snipeglovetwo</defName>
    <label>Discharger glove</label>
    <description>The microscopic exoskeleton in the glove allows the wearer for quick and steady grip when squeezing the trigger. (Worn on right hand, 3rd layer)</description>
    <graphicData>
      <texPath>Accessorello/Gloves/RapidMitten</texPath>
      <graphicClass>Graphic_Single</graphicClass>
    </graphicData>
    <statBases>
      <MarketValue>2500</MarketValue>
      <ArmorRating_Blunt>0.5</ArmorRating_Blunt>
    </statBases>
    <equippedStatOffsets>
	<AimingDelayFactor>-0.05</AimingDelayFactor>
	<MoveSpeed>-0.03</MoveSpeed>
    </equippedStatOffsets>
    <apparel>
      <bodyPartGroups>
	<li>RightHand</li>
      </bodyPartGroups>
      <layers>
        <li>Shell</li>
      </layers>
      <commonality>0.10</commonality>
      <tags>
        <li>SetShooter</li>
        <li>Spacer</li>
      </tags>
      <defaultOutfitTags>
        <li>Soldier</li>
      </defaultOutfitTags>
    </apparel>
    <thingCategories>
      <li>ApparelloSetRachel</li>
    </thingCategories>
  </ThingDef>










  <ThingDef ParentName="ApparelAccessory">
    <defName>Apparello_chefglove</defName>
    <label>Oven mitt</label>
    <description>Heat resistant ovenmitt for bakers (Worn on right hand, 3rd layer)</description>
    <graphicData>
      <texPath>Accessorello/Gloves/OvenMitt</texPath>
      <graphicClass>Graphic_Single</graphicClass>
    </graphicData>
    <statBases>
      <MarketValue>180</MarketValue>
      <ArmorRating_Heat>0.5</ArmorRating_Heat>
    </statBases>
    <equippedStatOffsets>
	<CookSpeed>0.05</CookSpeed>
	<FoodPoisonChance>-1</FoodPoisonChance>
    </equippedStatOffsets>
    <apparel>
      <bodyPartGroups>
	<li>RightHand</li>
      </bodyPartGroups>
      <layers>
        <li>Shell</li>
      </layers>
      <commonality>0.10</commonality>
      <tags>
        <li>SetChef</li>
      </tags>
      <defaultOutfitTags>
        <li>Worker</li>
      </defaultOutfitTags>
    </apparel>
    <thingCategories>
      <li>ApparelloSetCookie</li>
    </thingCategories>
  </ThingDef>











  <ThingDef ParentName="ApparelAccessory">
    <defName>Apparello_docglove</defName>
    <label>Doctor's Cutters</label>
    <description>Rubbery and clinical. It has very sharp scissors strapped on it, What could go wrong? (Worn on right hand, 2nd/3rd layer)</description>
    <graphicData>
      <texPath>Accessorello/Gloves/DoctorGlove</texPath>
      <graphicClass>Graphic_Single</graphicClass>
    </graphicData>
    <statBases>
      <MarketValue>500</MarketValue>
    </statBases>
    <equippedStatOffsets>
	<MedicalOperationSpeed>0.05</MedicalOperationSpeed>
	<BaseHealingQuality>0.03</BaseHealingQuality>
    </equippedStatOffsets>
    <apparel>
      <bodyPartGroups>
	<li>RightHand</li>
      </bodyPartGroups>
      <layers>
        <li>Shell</li>
        <li>Middle</li>
      </layers>
      <commonality>0.10</commonality>
      <tags>
        <li>SetMedical</li>
      </tags>
      <defaultOutfitTags>
        <li>Worker</li>
      </defaultOutfitTags>
    </apparel>
    <thingCategories>
      <li>ApparelloMedicalSet</li>
    </thingCategories>
  </ThingDef>









  <ThingDef ParentName="ApparelAccessory">
    <defName>Apparello_CalmingLove</defName>
    <label>Injector glove: Calmax</label>
    <description>Basic leather glove rigged up with intricate injection device with glowing green liquid inside. Calms your nerves and lets you act in stressful situations (Worn on right hand, 3rd layer)</description>
    <graphicData>
      <texPath>Accessorello/Gloves/Calminglove</texPath>
      <graphicClass>Graphic_Single</graphicClass>
    </graphicData>
    <statBases>
      <MarketValue>2500</MarketValue>
      <ArmorRating_Heat>0.2</ArmorRating_Heat>
    </statBases>
    <equippedStatOffsets>
	<ShootingAccuracy>0.03</ShootingAccuracy>
	<MentalBreakThreshold>-0.03</MentalBreakThreshold>
	<MoveSpeed>-0.03</MoveSpeed>
    </equippedStatOffsets>
    <apparel>
      <bodyPartGroups>
	<li>RightHand</li>
      </bodyPartGroups>
      <layers>
        <li>Shell</li>
      </layers>
      <commonality>0.10</commonality>
      <tags>
        <li>SetShooter</li>
        <li>Glitter</li>
        <li>Spacer</li>
      </tags>
      <defaultOutfitTags>
        <li>Soldier</li>
      </defaultOutfitTags>
    </apparel>
    <thingCategories>
      <li>ApparelloSetRachel</li>
    </thingCategories>
  </ThingDef>











<!-- Feet -->

  <ThingDef ParentName="ApparelFeet"> <!--changed from ApparelAccessory-->
    <defName>Apparello_Socks</defName>
    <label>Socks</label>
    <description>Basic socks. Slightly worn but comfy (Worn on feet, 1st layer)</description>
    <graphicData>
      <texPath>Accessorello/Feet/Fuzzies</texPath>
      <graphicClass>Graphic_Single</graphicClass>
    </graphicData>
    <statBases>
      <MarketValue>25</MarketValue>
    </statBases>
    <equippedStatOffsets>
	<MentalBreakThreshold>-0.01</MentalBreakThreshold>
      <ComfyTemperatureMin>-4</ComfyTemperatureMin>
    </equippedStatOffsets>
    <apparel>
      <bodyPartGroups>
	<li>Feet</li>
      </bodyPartGroups>
      <layers>
        <li>OnSkin</li>
      </layers>
      <commonality>1</commonality>
      <tags>
        <li>Outlander</li>
        <li>Spacer</li>
        <li>Glitter</li>
      </tags>
      <defaultOutfitTags>
        <li>Worker</li>
        <li>Soldier</li>
      </defaultOutfitTags>
    </apparel>
  </ThingDef>










  <ThingDef ParentName="ApparelFeet"> <!--changed from ApparelAccessory-->
    <defName>Apparello_Spocks</defName>
    <label>Polyfibre socks</label>
    <description>Polyfibre socks. the very generic spacetraveling socks with maximum sweat resistance (Worn on feet, 1st layer)</description>
    <graphicData>
      <texPath>Accessorello/Feet/SpacerSocks</texPath>
      <graphicClass>Graphic_Single</graphicClass>
    </graphicData>
    <statBases>
      <MarketValue>50</MarketValue>
    </statBases>
    <equippedStatOffsets>
	<MentalBreakThreshold>-0.01</MentalBreakThreshold>
      <ComfyTemperatureMin>-5</ComfyTemperatureMin>
    </equippedStatOffsets>
    <apparel>
      <bodyPartGroups>
	<li>Feet</li>
      </bodyPartGroups>
      <layers>
        <li>OnSkin</li>
      </layers>
      <commonality>1</commonality>
      <tags>
        <li>Spacer</li>
        <li>Glitter</li>
      </tags>
      <defaultOutfitTags>
        <li>Worker</li>
        <li>Soldier</li>
      </defaultOutfitTags>
    </apparel>
  </ThingDef>









  <ThingDef ParentName="ApparelFeet"> <!--changed from ApparelAccessory-->
    <defName>Apparello_LoveSocks</defName>
    <label>Lovely Socks</label>
    <description>Lovely socks. They're colourful and have tiny hearts on them (Worn on feet, 1st layer)</description>
    <graphicData>
      <texPath>Accessorello/Feet/Luvlies</texPath>
      <graphicClass>Graphic_Single</graphicClass>
    </graphicData>
    <statBases>
      <MarketValue>40</MarketValue>
    </statBases>
    <equippedStatOffsets>
	<SocialImpact>0.02</SocialImpact>
    </equippedStatOffsets>
    <apparel>
      <bodyPartGroups>
	<li>Feet</li>
      </bodyPartGroups>
      <layers>
        <li>OnSkin</li>
      </layers>
      <commonality>0.05</commonality>
      <tags>
        <li>SetTalker</li>
        <li>Spacer</li>
      </tags>
      <defaultOutfitTags>
        <li>Worker</li>
        <li>Soldier</li>
      </defaultOutfitTags>
    </apparel>
    <thingCategories>
      <li>ApparelloSetSocialite</li>
    </thingCategories>
  </ThingDef>









  <ThingDef ParentName="ApparelFeet"> <!--changed from ApparelAccessory-->
    <defName>Apparello_Ironwool</defName>
    <label>Ironwool socks</label>
    <description>Very large and bulky, easily worn over other socks and still fit in shoes! (Worn on feet, 2nd layer)</description>
    <graphicData>
      <texPath>Accessorello/Feet/Woollies</texPath>
      <graphicClass>Graphic_Single</graphicClass>
    </graphicData>
    <statBases>
      <MarketValue>40</MarketValue>
       <ArmorRating_Blunt>0.1</ArmorRating_Blunt>
      <ArmorRating_Sharp>0.1</ArmorRating_Sharp>
      <ArmorRating_Heat>0.3</ArmorRating_Heat>
    </statBases>
    <equippedStatOffsets>
	<MoveSpeed>-0.05</MoveSpeed>
    </equippedStatOffsets>
    <apparel>
      <bodyPartGroups>
	<li>Feet</li>
      </bodyPartGroups>
      <layers>
        <li>Middle</li>
      </layers>
      <commonality>1</commonality>
      <tags>
        <li>SetBrawler</li>
        <li>Outlander</li>
      </tags>
      <defaultOutfitTags>
        <li>Worker</li>
        <li>Soldier</li>
      </defaultOutfitTags>
    </apparel>
  </ThingDef>










  <ThingDef ParentName="ApparelMakeableBase">
    <defName>Apparello_Shoes</defName>
    <label>shoes</label>
    <description>Very basic shoes. Helps with moving through terrain (Worn on feet, 3rd layer)</description>
    <graphicData>
      <texPath>Accessorello/Feet/Shoes</texPath>
      <graphicClass>Graphic_Single</graphicClass>
    </graphicData>
    <costStuffCount>25</costStuffCount>
    <stuffCategories>
      <li>Leathery</li>
    </stuffCategories>
    <statBases>
      <WorkToMake>9000</WorkToMake>
      <ArmorRating_Blunt>0.01</ArmorRating_Blunt>
      <DeteriorationRate>0</DeteriorationRate>
      <SellPriceFactor>0.1</SellPriceFactor>
    </statBases>
    <equippedStatOffsets>
	<MoveSpeed>0.01</MoveSpeed>
    </equippedStatOffsets>
    <apparel>
      <bodyPartGroups>
	<li>Feet</li>
      </bodyPartGroups>
      <layers>
        <li>Shell</li>
      </layers>
      <commonality>1</commonality>
      <tags>
        <li>Outlander</li>
      </tags>
      <defaultOutfitTags>
        <li>Worker</li>
        <li>Soldier</li>
      </defaultOutfitTags>
    </apparel>
    <thingCategories>
      <li>ApparelFootwear</li><!--changed from Accessorellocategory -->
    </thingCategories>
  </ThingDef>








  <ThingDef ParentName="ApparelMakeableBase">
    <defName>Apparello_Boots</defName>
    <label>boots</label>
    <description>Leather boots with spurs. Helps with moving through terrain (Worn on feet, 3rd layer)</description>
    <graphicData>
      <texPath>Accessorello/Feet/Cowboots</texPath>
      <graphicClass>Graphic_Single</graphicClass>
    </graphicData>
    <costStuffCount>40</costStuffCount>
    <stuffCategories>
      <li>Leathery</li>
    </stuffCategories>
    <statBases>
      <WorkToMake>12000</WorkToMake>
      <ArmorRating_Blunt>0.03</ArmorRating_Blunt>
      <ArmorRating_Sharp>0.01</ArmorRating_Sharp>
      <DeteriorationRate>0</DeteriorationRate>
      <SellPriceFactor>0.1</SellPriceFactor>
    </statBases>
    <equippedStatOffsets>
	<MoveSpeed>0.03</MoveSpeed>
    </equippedStatOffsets>
    <apparel>
      <bodyPartGroups>
	<li>Feet</li>
      </bodyPartGroups>
      <layers>
        <li>Shell</li>
      </layers>
      <commonality>1</commonality>
      <tags>
        <li>Outlander</li>
        <li>Spacer</li>
      </tags>
      <defaultOutfitTags>
        <li>Worker</li>
        <li>Soldier</li>
      </defaultOutfitTags>
    </apparel>
    <thingCategories>
      <li>ApparelFootwear</li><!--changed from Accessorellocategory -->
    </thingCategories>
  </ThingDef>









  <ThingDef ParentName="ApparelFeet"><!--changed from ApparelAccessory-->
    <defName>Apparello_MetalBoots</defName>
    <label>Metal boots</label>
    <description>Metal boots. Ain't nobody stepping on your toes now! (Worn on feet, 3rd layer)</description>
    <graphicData>
      <texPath>Accessorello/Feet/Knightboots</texPath>
      <graphicClass>Graphic_Single</graphicClass>
    </graphicData>
    <costStuffCount>30</costStuffCount>
    <stuffCategories>
      <li>Metallic</li>
    </stuffCategories>
    <statBases>
      <ArmorRating_Blunt>0.5</ArmorRating_Blunt>
      <ArmorRating_Sharp>0.5</ArmorRating_Sharp>
    </statBases>
    <equippedStatOffsets>
	<MoveSpeed>-0.1</MoveSpeed>
    </equippedStatOffsets>
    <apparel>
      <bodyPartGroups>
	<li>Feet</li>
      </bodyPartGroups>
      <layers>
        <li>Shell</li>
      </layers>
      <commonality>1</commonality>
      <tags>
        <li>Spacer</li>
        <li>Norbal</li>
        <li>Outlander</li>
      </tags>
      <defaultOutfitTags>
        <li>Soldier</li>
      </defaultOutfitTags>
    </apparel>
  </ThingDef>










  <ThingDef ParentName="ApparelFeet"> <!--changed from ApparelAccessory-->
    <defName>Apparello_Spboots</defName>
    <label>Cryptonaut Springers</label>
    <description>Deisnged for ultimate balance. Stride through the environment like a rabbit on dope (Worn on feet, 3rd layer)</description>
    <graphicData>
      <texPath>Accessorello/Feet/SpacerBoots</texPath>
      <graphicClass>Graphic_Single</graphicClass>
    </graphicData>
    <costStuffCount>30</costStuffCount>
    <stuffCategories>
      <li>Fabric</li>
    </stuffCategories>
    <statBases>
      <ArmorRating_Blunt>0.01</ArmorRating_Blunt>
      <ArmorRating_Sharp>0.01</ArmorRating_Sharp>
    </statBases>
    <equippedStatOffsets>
	<MoveSpeed>0.1</MoveSpeed>
    </equippedStatOffsets>
    <apparel>
      <bodyPartGroups>
	<li>Feet</li>
      </bodyPartGroups>
      <layers>
        <li>Shell</li>
      </layers>
      <commonality>1</commonality>
      <tags>
        <li>Spacer</li>
        <li>Glitter</li>
      </tags>
      <defaultOutfitTags>
        <li>Worker</li>
        <li>Soldier</li>
      </defaultOutfitTags>
    </apparel>
  </ThingDef>








  <ThingDef ParentName="ApparelMakeableBase">
    <defName>Apparello_Snowboots</defName>
    <label>snowboots</label>
    <description>Snowboots. Exceptionally warm and comfy (Worn on feet, 3rd layer)</description>
    <graphicData>
      <texPath>Accessorello/Feet/Furboots</texPath>
      <graphicClass>Graphic_Single</graphicClass>
    </graphicData>
    <costStuffCount>25</costStuffCount>
    <stuffCategories>
      <li>Leathery</li>
    </stuffCategories>
    <statBases>
      <WorkToMake>6000</WorkToMake>
      <ArmorRating_Blunt>0.1</ArmorRating_Blunt>
      <ArmorRating_Sharp>0.01</ArmorRating_Sharp>
      <DeteriorationRate>0</DeteriorationRate>
      <SellPriceFactor>0.1</SellPriceFactor>
    </statBases>
    <equippedStatOffsets>
	<MoveSpeed>0.04</MoveSpeed>
      <ComfyTemperatureMin>-5</ComfyTemperatureMin>
      <ComfyTemperatureMax>-8</ComfyTemperatureMax>
    </equippedStatOffsets>
    <apparel>
      <bodyPartGroups>
	<li>Feet</li>
      </bodyPartGroups>
      <layers>
        <li>Shell</li>
      </layers>
      <commonality>1</commonality>
      <tags>
        <li>Norbal</li>
        <li>Tribal</li>
        <li>Outlander</li>
      </tags>
      <defaultOutfitTags>
        <li>Worker</li>
        <li>Soldier</li>
      </defaultOutfitTags>
    </apparel>
    <thingCategories>
      <li>ApparelFootwear</li><!--changed from Accessorellocategory -->
      <li>ApparelloWinterwald</li>
    </thingCategories>
  </ThingDef>









  <ThingDef ParentName="ApparelFeet"> <!--changed from ApparelAccessory-->
    <defName>Apparello_Clawboots</defName>
    <label>clawed boots</label>
    <description>Clawboots. Steady on rough terrain (Worn on feet, 3rd layer)</description>
    <graphicData>
      <texPath>Accessorello/Feet/Triboots</texPath>
      <graphicClass>Graphic_Single</graphicClass>
    </graphicData>
    <costStuffCount>10</costStuffCount>
    <stuffCategories>
      <li>Leathery</li>
    </stuffCategories>
    <statBases>
      <ArmorRating_Blunt>0.1</ArmorRating_Blunt>
      <ArmorRating_Sharp>0.01</ArmorRating_Sharp>
    </statBases>
    <equippedStatOffsets>
	<MoveSpeed>0.08</MoveSpeed>
      <ComfyTemperatureMin>-3</ComfyTemperatureMin>
      <ComfyTemperatureMax>-5</ComfyTemperatureMax>
    </equippedStatOffsets>
    <apparel>
      <bodyPartGroups>
	<li>Feet</li>
      </bodyPartGroups>
      <layers>
        <li>Shell</li>
      </layers>
      <commonality>1</commonality>
      <tags>
        <li>Tribal</li>
      </tags>
      <defaultOutfitTags>
        <li>Worker</li>
        <li>Soldier</li>
      </defaultOutfitTags>
    </apparel>
    <thingCategories>
      <li>ApparelloWinterwald</li>
    </thingCategories>
  </ThingDef>









  <ThingDef ParentName="ApparelFeet"> <!--changed from ApparelAccessory-->
    <defName>Apparello_Slippers</defName>
    <label>Slippers</label>
    <description>Fancy slippers for that friendly look (Worn on feet, 3rd layer)</description>
    <graphicData>
      <texPath>Accessorello/Feet/Slippers</texPath>
      <graphicClass>Graphic_Single</graphicClass>
    </graphicData>
    <statBases>
      <MarketValue>100</MarketValue>
    </statBases>
    <equippedStatOffsets>
	<SocialImpact>0.05</SocialImpact>
      <ComfyTemperatureMax>1</ComfyTemperatureMax>
    </equippedStatOffsets>
    <apparel>
      <bodyPartGroups>
	<li>Feet</li>
      </bodyPartGroups>
      <layers>
        <li>Shell</li>
      </layers>
      <commonality>0.10</commonality>
      <tags>
        <li>SetTalker</li>
      </tags>
      <defaultOutfitTags>
        <li>Worker</li>
      </defaultOutfitTags>
    </apparel>
    <thingCategories>
      <li>ApparelloSetSocialite</li>
      <li>ApparelloSomerset</li>
    </thingCategories>
  </ThingDef>




</ThingDefs>
