﻿<?xml version="1.0" encoding="utf-8" ?>
<ThingDefs>

  <ThingDef Name="ApparelBase" Abstract="True">
    <thingClass>Apparel</thingClass>
    <category>Item</category>
    <selectable>True</selectable>
    <pathCost>10</pathCost>
    <useHitPoints>True</useHitPoints>
    <graphicData>
      <onGroundRandomRotateAngle>35</onGroundRandomRotateAngle>
    </graphicData>
    <drawGUIOverlay>true</drawGUIOverlay>
    <statBases>
      <MaxHitPoints>100</MaxHitPoints>
      <Flammability>1.0</Flammability>
      <DeteriorationRate>1</DeteriorationRate>
      <SellPriceFactor>0.5</SellPriceFactor>
    </statBases>
    <altitudeLayer>Item</altitudeLayer>
    <alwaysHaulable>True</alwaysHaulable>
    <tickerType>Never</tickerType>
    <comps>
      <li>
        <compClass>CompForbiddable</compClass>
      </li>
      <li>
        <compClass>CompColorable</compClass>
      </li>
      <li>
        <compClass>CompQuality</compClass>
      </li>
    </comps>
  </ThingDef>

  <ThingDef Name="ApparelloLoomins" ParentName="ApparelBase" Abstract="True">
    <recipeMaker>
      <workSpeedStat>TailoringSpeed</workSpeedStat>
      <workSkill>Crafting</workSkill>
      <effectWorking>Tailor</effectWorking>
      <soundWorking>Recipe_Tailor</soundWorking>
      <recipeUsers>
        <li>ApparelloTableLoom</li>
      </recipeUsers>
     <unfinishedThingDef>UnfinishedApparel</unfinishedThingDef>
    </recipeMaker>
  </ThingDef>


  <ThingDef ParentName="ApparelBase">
    <defName>Apparello_HA</defName>
    <label>Hive armor</label>
    <description>Fashioned after the centipede bodystructure. This extremely bulky armor is nigh indestructable. The Sheer weight of this piece of armor drastically hinders mobility</description>
    <graphicData>
      <texPath>Apparel/HA/ha</texPath>
      <graphicClass>Graphic_Single</graphicClass>
    </graphicData>
    <thingCategories>
      <li>ApparelSuits</li> <!--changed from ApparelloArmor-->
      <li>ApparelloWinterwald</li>
    </thingCategories>
    <statBases>
      <MaxHitPoints>400</MaxHitPoints>
      <MarketValue>3000</MarketValue>
      <ArmorRating_Blunt>0.8</ArmorRating_Blunt>
      <ArmorRating_Sharp>0.8</ArmorRating_Sharp>
      <ArmorRating_Heat>1</ArmorRating_Heat>
      <ArmorRating_Electric>-1</ArmorRating_Electric>
      <Insulation_Cold>-10</Insulation_Cold>
      <Insulation_Heat>-10</Insulation_Heat>
    </statBases>
    <equippedStatOffsets>
      <MoveSpeed>-1</MoveSpeed>
      <WorkSpeedGlobal>-0.30</WorkSpeedGlobal>
    </equippedStatOffsets>
    <apparel>
      <bodyPartGroups>
        <li>Torso</li>
        <li>Arms</li>
        <li>Legs</li>
      </bodyPartGroups>
      <worngraphicPath>Apparel/HA/ha</worngraphicPath>
      <layers>
        <li>Middle</li>
        <li>Shell</li>
      </layers>
      <commonality>1</commonality>
      <tags>
        <li>Spacer</li>
      </tags>
      <defaultOutfitTags>
        <li>Soldier</li>
      </defaultOutfitTags>
    </apparel>
		<colorGenerator Class="ColorGenerator_Options">
			<options>
				<li>
					<weight>20</weight>
					<only>RGBA(1,1,1,1)</only>
				</li>
				<li>
					<weight>5</weight>
					<max>RGBA(1,1,1,1)</max>
					<min>RGBA(0.30,0.30,0.30,1)</min>
				</li>				
			</options>
		</colorGenerator>
  </ThingDef>


  <ThingDef ParentName="ApparelBase">
    <defName>Apparello_Scy</defName>
    <label>Scyther frame</label>
    <description>Mobility enhancing wireframe fashioned of dismantled scyther. Warning! Due to awkward adaptation to human bodystructure long usage may cause major muscle strains.
Wearer will be rendered susceptible to unwanted side-effects including but not limited to; Complete loss of motor functions, Motion sickness, and nose bleed.</description>
    <graphicData>
      <texPath>Apparel/Scy/Scy</texPath>
      <graphicClass>Graphic_Single</graphicClass>
    </graphicData>
    <thingCategories>
      <li>ApparelSuits</li> <!--changed from ApparelloArmor-->
    </thingCategories>
    <statBases>
      <MaxHitPoints>110</MaxHitPoints>
      <MarketValue>2500</MarketValue>
      <ArmorRating_Blunt>0.2</ArmorRating_Blunt>
      <ArmorRating_Sharp>0.2</ArmorRating_Sharp>
      <ArmorRating_Heat>0.1</ArmorRating_Heat>
      <ArmorRating_Electric>-1</ArmorRating_Electric>
    </statBases>
    <equippedStatOffsets>
      <MoveSpeed>1.8</MoveSpeed>
      <AimingDelayFactor>0.3</AimingDelayFactor>
    </equippedStatOffsets>
    <apparel>
      <bodyPartGroups>
        <li>Legs</li>
        <li>Arms</li>
      </bodyPartGroups>
      <worngraphicPath>Apparel/Scy/Scy</worngraphicPath>
      <layers>
        <li>Middle</li>
        <li>Shell</li>
      </layers>
      <commonality>1</commonality>
      <tags>
        <li>Spacer</li>
      </tags>
      <defaultOutfitTags>
        <li>Worker</li>
      </defaultOutfitTags>
    </apparel>
		<colorGenerator Class="ColorGenerator_Options">
			<options>
				<li>
					<weight>20</weight>
					<only>RGBA(1,1,1,1)</only>
				</li>
				<li>
					<weight>5</weight>
					<max>RGBA(1,1,1,1)</max>
					<min>RGBA(0.30,0.30,0.30,1)</min>
				</li>				
			</options>
		</colorGenerator>
  </ThingDef>









  <ThingDef ParentName="ApparelBase">
    <defName>Apparello_Steamhull</defName>
    <label>Steamhull</label>
    <description>Combination of mobility enhancing components of the Scyther frame and heavy plating of the Hive armor.
The increased energy consumption from the added scyther frame servos, have forced the shock dampeners work on lesser capacity,
thus rendering the wearer more vulnerable to injuries but the higher mobility under combat situations are well worth it. Generates absurd amounts of heat though.</description>
    <graphicData>
      <texPath>Apparel/Steamhull/Steamhull</texPath>
      <graphicClass>Graphic_Single</graphicClass>
    </graphicData>
    <thingCategories>
      <li>ApparelSuits</li> <!--changed from ApparelloArmor-->
      <li>ApparelloWinterwald</li>
    </thingCategories>
    <tradeability>Sellable</tradeability>
    <statBases>
      <MaxHitPoints>400</MaxHitPoints>
      <MarketValue>4500</MarketValue>
      <ArmorRating_Blunt>0.6</ArmorRating_Blunt>
      <ArmorRating_Sharp>0.7</ArmorRating_Sharp>
      <ArmorRating_Heat>0.8</ArmorRating_Heat>
      <ArmorRating_Electric>-1</ArmorRating_Electric>
      <Insulation_Cold>-35</Insulation_Cold>
      <Insulation_Heat>-15</Insulation_Heat>
    </statBases>
    <equippedStatOffsets>
      <MoveSpeed>-0.75</MoveSpeed>
      <WorkSpeedGlobal>-0.10</WorkSpeedGlobal>
    </equippedStatOffsets>
    <apparel>
      <bodyPartGroups>
        <li>Torso</li>
        <li>Arms</li>
        <li>Legs</li>
      </bodyPartGroups>
      <worngraphicPath>Apparel/Steamhull/Steamhull</worngraphicPath>
      <layers>
        <li>Middle</li>
        <li>Shell</li>
      </layers>
      <commonality>0.10</commonality>
      <tags>
        <li>Spacer</li>
      </tags>
      <defaultOutfitTags>
        <li>Soldier</li>
      </defaultOutfitTags>
    </apparel>
		<colorGenerator Class="ColorGenerator_Options">
			<options>
				<li>
					<weight>20</weight>
					<only>RGBA(1,1,1,1)</only>
				</li>
				<li>
					<weight>5</weight>
					<max>RGBA(1,1,1,1)</max>
					<min>RGBA(0.30,0.30,0.30,1)</min>
				</li>				
			</options>
		</colorGenerator>
  </ThingDef>









	
  <ThingDef ParentName="ApparelBase">
    <defName>Apparello_XcomOne</defName>
    <label>Standard issue overalls</label>
    <description>Standard military issue air force overalls. Very common amongst orbital drop squads</description>
    <graphicData>
      <texPath>Apparel/Xcoveralls/Xcom1</texPath>
      <graphicClass>Graphic_Single</graphicClass>
    </graphicData>
    <thingCategories>
      <li>ApparelSuits</li> <!--changed from Apparellocategory-->
      <li>ApparelloCrafterSet</li>
      <li>ApparelloWinterwald</li>
    </thingCategories>
    <statBases>
      <MarketValue>200</MarketValue>
      <ArmorRating_Sharp>0.08</ArmorRating_Sharp>
      <ArmorRating_Blunt>0.06</ArmorRating_Blunt>
      <ArmorRating_Heat>0.1</ArmorRating_Heat>
      <ArmorRating_Electric>0.2</ArmorRating_Electric>
      <Insulation_Cold>-8</Insulation_Cold>
      <Insulation_Heat>-5</Insulation_Heat>
    </statBases>
    <equippedStatOffsets>
      <WorkSpeedGlobal>0.05</WorkSpeedGlobal> <!-- Overalls make you work faster IRL too don't they? :-p -Iggy --> <!-- As a former carpenter; Can confirm ~Shinz -->
    </equippedStatOffsets>
    <apparel>
      <bodyPartGroups>
        <li>Torso</li>
        <li>Arms</li>
      </bodyPartGroups>
      <worngraphicPath>Apparel/Xcoveralls/Xcom1</worngraphicPath>
      <layers>
        <li>OnSkin</li>
      </layers>
      <commonality>1</commonality>
      <tags>
        <li>Spacer</li>
      </tags>
      <defaultOutfitTags>
        <li>Worker</li>
        <li>Soldier</li>
      </defaultOutfitTags>
    </apparel>
		<colorGenerator Class="ColorGenerator_Options">
			<options>
				<li>
					<weight>20</weight>
					<only>RGBA(1,1,1,1)</only>
				</li>
			</options>
		</colorGenerator>
  </ThingDef>









<!-- Craftable Xcom -->

  <ThingDef ParentName="ApparelloLoomins">
    <defName>Apparello_XcomOneCraft</defName>
    <label>Overalls</label>
    <description>Spaceship engineers all across the galaxy are known to wear these for the resistance they provide; against their worst enemy.. The electric cables.</description>
    <graphicData>
      <texPath>Apparel/Xcoveralls/Xcom1</texPath>
      <graphicClass>Graphic_Single</graphicClass>
    </graphicData>
    <thingCategories>
      <li>ApparelSuits</li> <!--changed from Apparellocategory-->
      <li>ApparelloCrafterSet</li>
      <li>ApparelloWinterwald</li>
    </thingCategories>
    <costStuffCount>60</costStuffCount>
    <stuffCategories>
      <li>Fabric</li>
    </stuffCategories>
    <statBases>
      <WorkToMake>8000</WorkToMake>
      <ArmorRating_Heat>0.08</ArmorRating_Heat>
      <ArmorRating_Electric>0.15</ArmorRating_Electric>
      <Insulation_Cold>-5</Insulation_Cold>
      <Insulation_Heat>-5</Insulation_Heat>
    </statBases>
    <equippedStatOffsets>
      <WorkSpeedGlobal>0.02</WorkSpeedGlobal>
    </equippedStatOffsets>
    <apparel>
      <bodyPartGroups>
        <li>Torso</li>
        <li>Arms</li>
      </bodyPartGroups>
      <worngraphicPath>Apparel/Xcoveralls/Xcom1</worngraphicPath>
      <layers>
        <li>OnSkin</li>
      </layers>
      <commonality>1</commonality>
      <tags>
        <li>Spacer</li>
        <li>Military</li>
      </tags>
      <defaultOutfitTags>
        <li>Worker</li>
        <li>Soldier</li>
      </defaultOutfitTags>
    </apparel>
		<colorGenerator Class="ColorGenerator_Options">
			<options>
				<li>
					<weight>20</weight>
					<only>RGBA(1,1,1,1)</only>
				</li>
			</options>
		</colorGenerator>
  </ThingDef>










  <ThingDef ParentName="ApparelBase">
    <defName>Apparello_Syndicate</defName>
    <thingClass>PersonalShield</thingClass>
    <label>Shielded coat</label>
    <description>A long coat with bulletproof alloy breastplate, fitted with personal shield. Modern technology full of grit</description>
    <graphicData>
      <texPath>Apparel/Syndicate/Synd</texPath>
      <graphicClass>Graphic_Single</graphicClass>
    </graphicData>
    <thingCategories>
      <li>ApparelTops</li> <!--changed from ApparelloArmor-->
      <li>ApparelloSetMelodie</li>
    </thingCategories>
    <tickerType>Normal</tickerType>
    <statBases>
      <MaxHitPoints>250</MaxHitPoints>
      <MarketValue>1200</MarketValue>
      <ArmorRating_Blunt>0.13</ArmorRating_Blunt>
      <ArmorRating_Sharp>0.28</ArmorRating_Sharp>
      <ArmorRating_Heat>0.2</ArmorRating_Heat>
      <Insulation_Cold>-18</Insulation_Cold>
      <PersonalShieldRechargeRate>0.10</PersonalShieldRechargeRate>
      <PersonalShieldEnergyMax>1.1</PersonalShieldEnergyMax>
      <DeteriorationRate>0.3</DeteriorationRate>
    </statBases>
    <equippedStatOffsets>
      <MoveSpeed>-1</MoveSpeed>
      <WorkSpeedGlobal>-0.05</WorkSpeedGlobal>
    </equippedStatOffsets>
    <apparel>
      <bodyPartGroups>
        <li>Torso</li>
        <li>Arms</li>
      </bodyPartGroups>
      <worngraphicPath>Apparel/Syndicate/Synd</worngraphicPath>
      <layers>
        <li>Middle</li>
        <li>Shell</li>
      </layers>
      <commonality>1</commonality>
      <tags>
        <li>SyndicateShield</li>
      </tags>
    </apparel>
		<colorGenerator Class="ColorGenerator_Options">
			<options>
				<li>
					<weight>20</weight>
					<only>RGBA(1,1,1,1)</only>
				</li>
				<li>
					<weight>5</weight>
					<max>RGBA(1,1,1,1)</max>
					<min>RGBA(0.30,0.30,0.30,1)</min>
				</li>				
			</options>
		</colorGenerator>
  </ThingDef>

</ThingDefs>
