﻿<?xml version="1.0" encoding="utf-8" ?>
<ThingDefs>

  <ThingDef Name="ApparelBase" Abstract="True">
    <thingClass>Apparel</thingClass>
    <category>Item</category>
    <selectable>True</selectable>
    <pathCost>10</pathCost>
    <useHitPoints>True</useHitPoints>
    <graphicData>
      <onGroundRandomRotateAngle>35</onGroundRandomRotateAngle>
    </graphicData>
    <drawGUIOverlay>true</drawGUIOverlay>
    <statBases>
      <MaxHitPoints>100</MaxHitPoints>
      <Flammability>1.0</Flammability>
      <DeteriorationRate>1</DeteriorationRate>
      <SellPriceFactor>0.5</SellPriceFactor>
    </statBases>
    <altitudeLayer>Item</altitudeLayer>
    <alwaysHaulable>True</alwaysHaulable>
    <tickerType>Never</tickerType>
    <comps>
      <li>
        <compClass>CompForbiddable</compClass>
      </li>
      <li>
        <compClass>CompColorable</compClass>
      </li>
      <li>
        <compClass>CompQuality</compClass>
      </li>
    </comps>
  </ThingDef>

  <ThingDef Name="ApparelloLoomins" ParentName="ApparelBase" Abstract="True">
    <recipeMaker>
      <workSpeedStat>TailoringSpeed</workSpeedStat>
      <workSkill>Crafting</workSkill>
      <effectWorking>Tailor</effectWorking>
      <soundWorking>Recipe_Tailor</soundWorking>
      <recipeUsers>
        <li>ApparelloTableLoom</li>
      </recipeUsers>
      <unfinishedThingDef>UnfinishedApparel</unfinishedThingDef>
    </recipeMaker>
  </ThingDef>




  <ThingDef ParentName="ApparelloLoomins">
    <defName>Apparello_GSkin</defName>
    <label>Jumpsuit</label>
    <description>A basic Jumpsuit. Normally seen worn on Glitterworld light infantry and officials and especially firefighters for it's heat absorbing properties</description>
    <graphicData>
      <texPath>Apparel/Glitterskin/Glitterskin</texPath>
      <graphicClass>Graphic_Single</graphicClass>
    </graphicData>
    <thingCategories>
      <li>ApparelSuits</li> <!--changed from Apparellocategory-->
    </thingCategories>
    <costStuffCount>65</costStuffCount>
    <stuffCategories>
      <li>Fabric</li>
    </stuffCategories>
    <statBases>
      <WorkToMake>3000</WorkToMake>
      <ArmorRating_Heat>0.7</ArmorRating_Heat>
      <Insulation_Cold>-5</Insulation_Cold>
      <Insulation_Heat>7</Insulation_Heat>
    </statBases>
    <apparel>
      <bodyPartGroups>
	    <li>Torso</li>
	    <li>Arms</li>
      </bodyPartGroups>
      <worngraphicPath>Apparel/Glitterskin/Glitterskin</worngraphicPath>
      <layers>
        <li>OnSkin</li>
      </layers>
      <commonality>1</commonality>
      <tags>
        <li>Spacer</li>
	<li>Glitter</li>
      </tags>
      <defaultOutfitTags>
        <li>Worker</li>
        <li>Soldier</li>
      </defaultOutfitTags>
    </apparel>
		<colorGenerator Class="ColorGenerator_Options">
			<options>
				<li>
					<weight>20</weight>
					<only>RGBA(0,0.80,1,1)</only>
				</li>
				<li>
					<weight>20</weight>
					<only>RGBA(0.70,0,0.70,1)</only>
				</li>
				<li>
					<weight>20</weight>
					<only>RGBA(0.50,1,0,1)</only>
				</li>
				<li>
					<weight>5</weight>
					<max>RGBA(1,1,1,1)</max>
					<min>RGBA(0.30,0.30,0.30,1)</min>
				</li>	
				<li>
					<weight>20</weight>
					<only>RGBA(1,1,0.50,1)</only>
				</li>			
			</options>
		</colorGenerator>
  </ThingDef>



  <ThingDef ParentName="ApparelBase">
    <defName>Apparello_GSkinSpacer</defName>
    <label>Cryptopod bodysuit</label>
    <description>The kind of fullbodywear you see on occasion worn by the long distance travelers.</description>
    <graphicData>
      <texPath>Apparel/Glitterskin/Glitterskin</texPath>
      <graphicClass>Graphic_Single</graphicClass>
    </graphicData>
    <thingCategories>
      <li>ApparelSuits</li> <!--changed from Apparellocategory-->
    </thingCategories>
    <statBases>
      <MarketValue>200</MarketValue>
      <ArmorRating_Heat>0.7</ArmorRating_Heat>
      <Insulation_Cold>-7</Insulation_Cold>
      <Insulation_Heat>7</Insulation_Heat>
    </statBases>
    <apparel>
      <bodyPartGroups>
	    <li>Torso</li>
	    <li>Arms</li>
      </bodyPartGroups>
      <worngraphicPath>Apparel/Glitterskin/Glitterskin</worngraphicPath>
      <layers>
        <li>OnSkin</li>
      </layers>
      <commonality>1</commonality>
      <tags>
        <li>Spacer</li>
	<li>Glitter</li>
      </tags>
      <defaultOutfitTags>
        <li>Worker</li>
        <li>Soldier</li>
      </defaultOutfitTags>
    </apparel>
		<colorGenerator Class="ColorGenerator_Options">
			<options>
				<li>
					<weight>20</weight>
					<max>RGBA(0.80,0.80,0.65,1)</max>
					<min>RGBA(0.6,0.6,0.5,1)</min>
				</li>			
			</options>
		</colorGenerator>
  </ThingDef>



<!-- Allot Vest Craftable-->

  <ThingDef ParentName="ApparelBase">
    <defName>Apparello_Gspot</defName>
    <label>alloy vest</label>
    <description>Standard issue protective vest on the glitterworlds. Made of multiple layers of extremely light but strong alloy.</description>
    <graphicData>
      <texPath>Apparel/Glittermid/Glittermid</texPath>
      <graphicClass>Graphic_Single</graphicClass>
    </graphicData>
    <thingCategories>
      <li>ApparelSuits</li> <!--changed from Apparellocategory-->
    </thingCategories>
    <costStuffCount>80</costStuffCount>
    <tradeability>Sellable</tradeability>
    <stuffCategories>
      <li>Metallic</li>
    </stuffCategories>
    <statBases>
      <MaxHitPoints>125</MaxHitPoints>
      <ArmorRating_Blunt>0.25</ArmorRating_Blunt>
      <ArmorRating_Sharp>0.58</ArmorRating_Sharp>
    </statBases>
    <equippedStatOffsets>
      <MoveSpeed>-0.03</MoveSpeed>
    </equippedStatOffsets>
    <apparel>
      <bodyPartGroups>
        <li>Torso</li>
      </bodyPartGroups>
      <worngraphicPath>Apparel/Glittermid/Glittermid</worngraphicPath>
      <layers>
        <li>Middle</li>
      </layers>
      <commonality>3</commonality>
      <tags>
        <li>Spacer</li>
	<li>Glitter</li>
      </tags>
      <defaultOutfitTags>
        <li>Soldier</li>
      </defaultOutfitTags>
    </apparel>
		<colorGenerator Class="ColorGenerator_Options">
			<options>
				<li>
					<weight>10</weight>
					<only>RGBA(0,0.70,1,1)</only>
				</li>
				<li>
					<weight>10</weight>
					<only>RGBA(0.60,0,0.60,1)</only>
				</li>
				<li>
					<weight>10</weight>
					<only>RGBA(0.50,1,0,1)</only>
				</li>
				<li>
					<weight>5</weight>
					<max>RGBA(1,1,1,1)</max>
					<min>RGBA(0.30,0.30,0.30,1)</min>
				</li>	
				<li>
					<weight>20</weight>
					<only>RGBA(0.33,0.33,0.33,1)</only>
				</li>
				<li>
					<weight>20</weight>
					<only>RGBA(0.65,0.65,0.65,1)</only>
				</li>
				<li>
					<weight>20</weight>
					<only>RGBA(0.9,0.9,0.9,1)</only>
				</li>	
				<li>
					<weight>20</weight>
					<only>RGBA(0,0.6,1,1)</only>
				</li>		
			</options>
		</colorGenerator>
  </ThingDef>


<!-- Light power armor Craftable -->


  <ThingDef ParentName="ApparelBase">
    <defName>Apparello_GShell</defName>
    <description>Powered light armor, fashioned after the infamous Light power armor mark IV which comes with attached GlitOrion© hip'n'hop™ thrusters, which enables slightly faster movement.</description>
    <label>light power armor</label>
    <graphicData>
      <texPath>Apparel/Glittershell/Glittershell</texPath>
      <graphicClass>Graphic_Single</graphicClass>
    </graphicData>
    <thingCategories>
      <li>ApparelTops</li> <!--changed from ApparelloArmor-->
    </thingCategories>
        <costStuffCount>120</costStuffCount>
    <tradeability>Sellable</tradeability>
    <stuffCategories>
      <li>Metallic</li>
    </stuffCategories>
<statBases>
      <MaxHitPoints>145</MaxHitPoints>
      <!--<MarketValue>1500</MarketValue>-->
      <ArmorRating_Blunt>0.25</ArmorRating_Blunt>
      <ArmorRating_Sharp>0.25</ArmorRating_Sharp>
      <ArmorRating_Heat>0.2</ArmorRating_Heat>
      <Insulation_Heat>-4</Insulation_Heat>
    </statBases>
    <equippedStatOffsets>
      <MoveSpeed>0.1</MoveSpeed>
    </equippedStatOffsets>
    <apparel>
      <bodyPartGroups>
        <li>Torso</li>
        <li>Arms</li>
      </bodyPartGroups>
      <worngraphicPath>Apparel/Glittershell/Glittershell</worngraphicPath>
      <layers>
        <li>Shell</li>
      </layers>
      <commonality>3</commonality>
      <tags>
        <li>Craft</li>
      </tags>
      <defaultOutfitTags>
        <li>Soldier</li>
      </defaultOutfitTags>
    </apparel>
		<colorGenerator Class="ColorGenerator_Options">
			<options>
				<li>
					<weight>10</weight>
					<only>RGBA(0,0.75,1,1)</only>
				</li>
				<li>
					<weight>10</weight>
					<only>RGBA(0.65,0,0.65,1)</only>
				</li>
				<li>
					<weight>10</weight>
					<only>RGBA(0.50,1,0,1)</only>
				</li>
				<li>
					<weight>5</weight>
					<max>RGBA(1,1,1,1)</max>
					<min>RGBA(0.35,0.35,0.35,1)</min>
				</li>	
				<li>
					<weight>20</weight>
					<only>RGBA(0.33,0.33,0.33,1)</only>
				</li>
				<li>
					<weight>20</weight>
					<only>RGBA(0.65,0.65,0.65,1)</only>
				</li>
				<li>
					<weight>20</weight>
					<only>RGBA(0.9,0.9,0.9,1)</only>
				</li>		
				<li>
					<weight>20</weight>
					<only>RGBA(0,0.6,1,1)</only>
				</li>				
			</options>
		</colorGenerator>
  </ThingDef>


<!-- Light power armor Mark II -->


  <ThingDef ParentName="ApparelBase">
    <defName>Apparello_GShellII</defName>
    <description>Powered medium armor, designed for light infantry and support units. The less famed and bulkier Medium power armor. Comes with attached GlitOrion© hip'n'hop™ thrusters, which enables slightly faster movement.</description>
    <label>Medium power armor</label>
    <graphicData>
      <texPath>Apparel/Glitterfull/Glitterfull</texPath>
      <graphicClass>Graphic_Single</graphicClass>
    </graphicData>
    <thingCategories>
      <li>ApparelTops</li> <!--changed from ApparelloArmor-->
    </thingCategories>
    <statBases>
      <MaxHitPoints>145</MaxHitPoints>
      <MarketValue>2000</MarketValue>
      <ArmorRating_Blunt>0.25</ArmorRating_Blunt>
      <ArmorRating_Sharp>0.45</ArmorRating_Sharp>
      <ArmorRating_Heat>0.2</ArmorRating_Heat>
      <Insulation_Cold>-5</Insulation_Cold>
      <Insulation_Heat>-1</Insulation_Heat>
    </statBases>
    <equippedStatOffsets>
      <MoveSpeed>0.05</MoveSpeed>
    </equippedStatOffsets>
    <apparel>
      <bodyPartGroups>
        <li>Torso</li>
        <li>Arms</li>
      </bodyPartGroups>
      <worngraphicPath>Apparel/Glitterfull/Glitterfull</worngraphicPath>
      <layers>
        <li>Shell</li>
        <li>Middle</li>
      </layers>
      <commonality>1</commonality>
      <tags>
        <li>Spacer</li>
	<li>Glitter</li>
      </tags>
      <defaultOutfitTags>
        <li>Soldier</li>
      </defaultOutfitTags>
    </apparel>
		<colorGenerator Class="ColorGenerator_Options">
			<options>
				<li>
					<weight>5</weight>
					<max>RGBA(0.7,0.7,0.7,1)</max>
					<min>RGBA(0.6,0.6,0.6,1)</min>
				</li>	
			</options>
		</colorGenerator>
  </ThingDef>


</ThingDefs>
