﻿<?xml version="1.0" encoding="utf-8" ?>
<ThingDefs>

  <ThingDef Name="ApparelBase" Abstract="True">
    <thingClass>Apparel</thingClass>
    <category>Item</category>
    <selectable>True</selectable>
    <pathCost>10</pathCost>
    <useHitPoints>True</useHitPoints>
    <graphicData>
      <onGroundRandomRotateAngle>35</onGroundRandomRotateAngle>
    </graphicData>
    <drawGUIOverlay>true</drawGUIOverlay>
    <statBases>
      <MaxHitPoints>100</MaxHitPoints>
      <Flammability>1.0</Flammability>
      <DeteriorationRate>1</DeteriorationRate>
      <SellPriceFactor>0.1</SellPriceFactor>
    </statBases>
    <altitudeLayer>Item</altitudeLayer>
    <alwaysHaulable>True</alwaysHaulable>
    <tickerType>Never</tickerType>
    <comps>
      <li>
        <compClass>CompForbiddable</compClass>
      </li>
      <li>
        <compClass>CompColorable</compClass>
      </li>
      <li>
        <compClass>CompQuality</compClass>
      </li>
    </comps>
  </ThingDef>


  <ThingDef Name="ApparelloComburthwartle" ParentName="ApparelBase" Abstract="True">
    <tradeability>Never</tradeability>
    <recipeMaker>
      <workSpeedStat>TailoringSpeed</workSpeedStat>
      <workSkill>Crafting</workSkill>
      <effectWorking>Repair</effectWorking>
      <soundWorking>Recipe_Tailor</soundWorking>
      <recipeUsers>
        <li>ApparelloCombiner</li>
      </recipeUsers>
    </recipeMaker>
  </ThingDef>


  <ThingDef ParentName="ApparelloComburthwartle">
    <defName>Apparello_Meditux</defName>
    <label>Doctor's Brocade</label>
    <description>Always keep calm and collected. And wear brocade. The definite go to piece of apparel for any gentleguy or gal, Doctors Edition. All the doctors wearing these know how to talk to their patients or at the very least give the impression that they'd know what the heck they are doing.</description>
    <graphicData>
      <texPath>Apparel/Meditux/Meditux</texPath>
      <graphicClass>Graphic_Single</graphicClass>
    </graphicData>
    <costList>
      <ApparelloWhizbang>5</ApparelloWhizbang>
      <Medicine>10</Medicine>
      <Compaste>2</Compaste>
      <Apparello_Brocade>1</Apparello_Brocade>
    </costList>
    <statBases>
      <ArmorRating_Blunt>0.1</ArmorRating_Blunt>
      <ArmorRating_Sharp>0.1</ArmorRating_Sharp>
      <Insulation_Cold>-5</Insulation_Cold>
    </statBases>
    <equippedStatOffsets>
      <MoveSpeed>-0.28</MoveSpeed>
      <SocialImpact>0.13</SocialImpact>
      <BaseHealingQuality>0.1</BaseHealingQuality>
      <HealingSpeed>0.1</HealingSpeed>
    </equippedStatOffsets>
    <apparel>
      <bodyPartGroups>
        <li>Torso</li>
      </bodyPartGroups>
      <worngraphicPath>Apparel/Meditux/Meditux</worngraphicPath>
      <layers>
        <li>Middle</li>
        <li>Shell</li>
      </layers>
      <commonality>1</commonality>
      <tags>
        <li>SetMedical</li>
      </tags>
      <defaultOutfitTags>
        <li>Worker</li>
      </defaultOutfitTags>
    </apparel>
		<colorGenerator Class="ColorGenerator_Options">
			<options>
				<li>
					<weight>20</weight>
					<only>RGBA(1,1,1,1)</only>
				</li>
			</options>
		</colorGenerator>
    <thingCategories>
      <li>ApparelloMedicalSet</li>
      <li>ApparelTops</li> <!--changed from Apparellocategory-->
    </thingCategories>
  </ThingDef>
 

</ThingDefs>
