﻿<?xml version="1.0" encoding="utf-8" ?>
<ThingDefs>

  <ThingDef Name="ApparelBase" Abstract="True">
    <thingClass>Apparel</thingClass>
    <category>Item</category>
    <selectable>True</selectable>
    <pathCost>10</pathCost>
    <useHitPoints>True</useHitPoints>
    <graphicData>
      <onGroundRandomRotateAngle>35</onGroundRandomRotateAngle>
    </graphicData>
    <drawGUIOverlay>true</drawGUIOverlay>
    <statBases>
      <MaxHitPoints>100</MaxHitPoints>
      <Flammability>1.0</Flammability>
      <DeteriorationRate>1</DeteriorationRate>
      <SellPriceFactor>0.5</SellPriceFactor>
    </statBases>
    <!--<thingCategories>
      <li>Apparellocategory</li>
    </thingCategories>-->
    <altitudeLayer>Item</altitudeLayer>
    <alwaysHaulable>True</alwaysHaulable>
    <tickerType>Never</tickerType>
    <comps>
      <li>
        <compClass>CompForbiddable</compClass>
      </li>
      <li>
        <compClass>CompColorable</compClass>
      </li>
      <li>
        <compClass>CompQuality</compClass>
      </li>
    </comps>
  </ThingDef>


  <ThingDef ParentName="ApparelBase">
    <defName>Apparello_Urbskin</defName>
    <label>Urban trousers</label>
    <description>Trousers with suspenders, leave them hanging for that urban look</description>
    <graphicData>
      <texPath>Apparel/UrbzSkin/Urb</texPath>
      <graphicClass>Graphic_Single</graphicClass>
    </graphicData>
    <costStuffCount>50</costStuffCount>
    <stuffCategories>
      <li>Fabric</li>
    </stuffCategories>
    <statBases>
      <Insulation_Cold>-2</Insulation_Cold>
      <Insulation_Heat>-1</Insulation_Heat>
    </statBases>
    <equippedStatOffsets>
      <MoveSpeed>-0.01</MoveSpeed>
      <MentalBreakThreshold>-0.01</MentalBreakThreshold>
    </equippedStatOffsets>
    <apparel>
      <bodyPartGroups>
	    <li>Legs</li>
      </bodyPartGroups>
      <worngraphicPath>Apparel/UrbzSkin/Urb</worngraphicPath>
      <layers>
        <li>Middle</li>
      </layers>
      <commonality>1</commonality>
      <tags>
        <li>Outlander</li>
        <li>Spacer</li>
        <li>SetTalker</li>
      </tags>
      <defaultOutfitTags>
        <li>Worker</li>
      </defaultOutfitTags>
    </apparel>
		<colorGenerator Class="ColorGenerator_Options">
			<options>
				<li>
					<weight>20</weight>
					<only>RGBA(0,0.80,1,1)</only>
				</li>
				<li>
					<weight>20</weight>
					<only>RGBA(0.70,0,0.70,1)</only>
				</li>
				<li>
					<weight>20</weight>
					<only>RGBA(0.50,1,0,1)</only>
				</li>
				<li>
					<weight>5</weight>
					<max>RGBA(1,1,1,1)</max>
					<min>RGBA(0.30,0.30,0.30,1)</min>
				</li>	
				<li>
					<weight>20</weight>
					<only>RGBA(0,0.5,1,1)</only>
				</li>			
			</options>
		</colorGenerator>
    <thingCategories>
      <li>ApparelBottoms</li> <!--changed from Apparellocategory-->
    </thingCategories>
  </ThingDef>

  <ThingDef ParentName="ApparelBase">
    <defName>Apparello_Urbulence</defName>
    <label>Urban shirt</label>
    <description>All the punks felt lucky wearing these.</description>
    <graphicData>
      <texPath>Apparel/UrbzMid/Urb</texPath>
      <graphicClass>Graphic_Single</graphicClass>
    </graphicData>
    <costStuffCount>50</costStuffCount>
    <stuffCategories>
      <li>Fabric</li>
    </stuffCategories>
    <statBases>
      <ArmorRating_Blunt>0.02</ArmorRating_Blunt>
      <ArmorRating_Sharp>0.02</ArmorRating_Sharp>
    </statBases>
    <equippedStatOffsets>
      <MentalBreakThreshold>-0.03</MentalBreakThreshold>
    </equippedStatOffsets>
    <apparel>
      <bodyPartGroups>
        <li>Torso</li>
      </bodyPartGroups>
      <worngraphicPath>Apparel/UrbzMid/Urb</worngraphicPath>
      <layers>
        <li>Middle</li>
      </layers>
      <commonality>1</commonality>
      <tags>
        <li>Outlander</li>
        <li>Spacer</li>
      </tags>
      <defaultOutfitTags>
        <li>Worker</li>
      </defaultOutfitTags>
    </apparel>
		<colorGenerator Class="ColorGenerator_Options">
			<options>
				<li>
					<weight>10</weight>
					<only>RGBA(0,0.70,1,1)</only>
				</li>
				<li>
					<weight>10</weight>
					<only>RGBA(0.60,0,0.60,1)</only>
				</li>
				<li>
					<weight>10</weight>
					<only>RGBA(0.50,1,0,1)</only>
				</li>
				<li>
					<weight>5</weight>
					<max>RGBA(1,1,1,1)</max>
					<min>RGBA(0.30,0.30,0.30,1)</min>
				</li>	
				<li>
					<weight>20</weight>
					<only>RGBA(0.33,0.33,0.33,1)</only>
				</li>
				<li>
					<weight>20</weight>
					<only>RGBA(0.65,0.65,0.65,1)</only>
				</li>
				<li>
					<weight>20</weight>
					<only>RGBA(0.9,0.9,0.9,1)</only>
				</li>	
				<li>
					<weight>20</weight>
					<only>RGBA(0,0.6,1,1)</only>
				</li>		
			</options>
		</colorGenerator>
    <thingCategories>
      <li>ApparelTops</li> <!--changed from Apparellocategory-->
    </thingCategories>
  </ThingDef>










  <ThingDef ParentName="ApparelBase">
    <defName>Apparello_UrbShell</defName>
    <description>Shoulderpads cobbled together from urban scraps. Sometimes even leather</description>
    <label>shoulderpads</label>
    <graphicData>
      <texPath>Apparel/UrbzShell/Urb</texPath>
      <graphicClass>Graphic_Single</graphicClass>
    </graphicData>
    <thingCategories>
      <li>ApparelAccessories</li> <!--changed from ApparelloArmor-->
    </thingCategories>
    <costStuffCount>75</costStuffCount>
    <stuffCategories>
      <li>Fabric</li>
      <li>Leathery</li>
    </stuffCategories>
    <statBases>
      <MaxHitPoints>300</MaxHitPoints>
      <ArmorRating_Blunt>0.1</ArmorRating_Blunt>
      <ArmorRating_Sharp>0.2</ArmorRating_Sharp>
    </statBases>
    <equippedStatOffsets>
      <MoveSpeed>-0.1</MoveSpeed>
    </equippedStatOffsets>
    <apparel>
      <bodyPartGroups>
        <li>Arms</li>
      </bodyPartGroups>
      <worngraphicPath>Apparel/UrbzShell/Urb</worngraphicPath>
      <layers>
        <li>Shell</li>
      </layers>
      <commonality>1</commonality>
      <tags>
        <li>Outlander</li>
        <li>Spacer</li>
        <li>Military</li>
      </tags>
      <defaultOutfitTags>
        <li>Soldier</li>
      </defaultOutfitTags>
    </apparel>
		<colorGenerator Class="ColorGenerator_Options">
			<options>
				<li>
					<weight>10</weight>
					<only>RGBA(0,0.75,1,1)</only>
				</li>
				<li>
					<weight>10</weight>
					<only>RGBA(0.65,0,0.65,1)</only>
				</li>
				<li>
					<weight>10</weight>
					<only>RGBA(0.50,1,0,1)</only>
				</li>
				<li>
					<weight>5</weight>
					<max>RGBA(1,1,1,1)</max>
					<min>RGBA(0.35,0.35,0.35,1)</min>
				</li>	
				<li>
					<weight>20</weight>
					<only>RGBA(0.33,0.33,0.33,1)</only>
				</li>
				<li>
					<weight>20</weight>
					<only>RGBA(0.65,0.65,0.65,1)</only>
				</li>
				<li>
					<weight>20</weight>
					<only>RGBA(0.9,0.9,0.9,1)</only>
				</li>		
				<li>
					<weight>20</weight>
					<only>RGBA(0,0.6,1,1)</only>
				</li>				
			</options>
		</colorGenerator>

  </ThingDef>

</ThingDefs>
