﻿<?xml version="1.0" encoding="utf-8" ?>
<ThingDefs>

  <ThingDef Name="ApparelBase" Abstract="True">
    <thingClass>Apparel</thingClass>
    <category>Item</category>
    <selectable>True</selectable>
    <pathCost>10</pathCost>
    <useHitPoints>True</useHitPoints>
    <graphicData>
      <onGroundRandomRotateAngle>35</onGroundRandomRotateAngle>
    </graphicData>
    <drawGUIOverlay>true</drawGUIOverlay>
    <statBases>
      <MaxHitPoints>100</MaxHitPoints>
      <Flammability>1.0</Flammability>
      <DeteriorationRate>1</DeteriorationRate>
      <SellPriceFactor>0.5</SellPriceFactor>
    </statBases>
    <thingCategories>
      <li>Headgear</li><!--changed from Apparellohats-->
    </thingCategories>
    <altitudeLayer>Item</altitudeLayer>
    <alwaysHaulable>True</alwaysHaulable>
    <tickerType>Never</tickerType>
    <comps>
      <li>
        <compClass>CompForbiddable</compClass>
      </li>
      <li>
        <compClass>CompColorable</compClass>
      </li>
      <li>
        <compClass>CompQuality</compClass>
      </li>
    </comps>
  </ThingDef>




  <!--Goggles-->

  <ThingDef ParentName="ApparelBase">
    <defName>Apparello_Goggles</defName>
    <label>Science goggles</label>
    <description>Due to intense radiation these goggles have been subjected to; they cause temporary and sudden baldness.</description>
    <graphicData>
      <texPath>Hats/Display/Goggles</texPath>
      <graphicClass>Graphic_Single</graphicClass>
    </graphicData>
    <costStuffCount>25</costStuffCount>
    <stuffCategories>
      <li>Fabric</li>
    </stuffCategories>
    <statBases>
      <ArmorRating_Blunt>0.02</ArmorRating_Blunt>
    </statBases>
    <equippedStatOffsets>
      <ResearchSpeed>0.02</ResearchSpeed>
      <GlobalLearningFactor>0.02</GlobalLearningFactor>
    </equippedStatOffsets>
    <apparel>
      <bodyPartGroups>
        <li>Eyes</li>
      </bodyPartGroups>
      <worngraphicPath>Hats/Goggles/Goggles</worngraphicPath>
      <layers>
        <li>Overhead</li>
      </layers>
      <commonality>1</commonality>
      <tags>
        <li>Outlander</li>
        <li>Spacer</li>
        <li>SetResearcher</li>
      </tags>
      <defaultOutfitTags>
        <li>Worker</li>
      </defaultOutfitTags>
    </apparel>
    <colorGenerator Class="ColorGenerator_Options">
      <options>
        <li>
          <weight>4</weight>
          <min>RGBA(0.3,0.3,0.3,1)</min>
          <max>RGBA(0.9,0.9,0.9,1)</max>
        </li>
      </options>
    </colorGenerator>
    <thingCategories>
      <li>ApparelloResearchSet</li>
    </thingCategories>
  </ThingDef>





  <!--Visors-->

  <ThingDef ParentName="ApparelBase">
    <defName>Apparello_Visoor</defName>
    <label>Shuttlepilot's Visor</label>
    <description>Shuttlepilot's visors. used to fulfill your usual piloting needs like calling in "houston; mayday mayday - landing struts are jammed, I repeat landing struts are jammed. Copy? Roger Wilco. Starfox one out."</description>
    <graphicData>
      <texPath>Hats/Display/Visoor</texPath>
      <graphicClass>Graphic_Single</graphicClass>
    </graphicData>
    <costStuffCount>25</costStuffCount>
    <stuffCategories>
      <li>Fabric</li>
    </stuffCategories>
    <statBases>
      <ArmorRating_Blunt>0.01</ArmorRating_Blunt>
      <ArmorRating_Sharp>0.01</ArmorRating_Sharp>
    </statBases>
    <equippedStatOffsets>
      <SocialImpact>0.01</SocialImpact>
    </equippedStatOffsets>
    <apparel>
      <bodyPartGroups>
        <li>Eyes</li>
      </bodyPartGroups>
      <worngraphicPath>Hats/Goggles/Visoor</worngraphicPath>
      <layers>
        <li>Overhead</li>
      </layers>
      <commonality>1</commonality>
      <tags>
        <li>Spacer</li>
        <li>SetTalker</li>
      </tags>
      <defaultOutfitTags>
        <li>Worker</li>
      </defaultOutfitTags>
    </apparel>
    <colorGenerator Class="ColorGenerator_Options">
      <options>
        <li>
          <weight>4</weight>
          <min>RGBA(0.3,0.3,0.3,1)</min>
          <max>RGBA(0.9,0.9,0.9,1)</max>
        </li>
      </options>
    </colorGenerator>
    <thingCategories>
      <li>ApparelloSetSocialite</li>
    </thingCategories>
  </ThingDef>






  <!--Shades-->

  <ThingDef ParentName="ApparelBase">
    <defName>Apparello_Shadess</defName>
    <label>Sunshades</label>
    <description>Sunshades. Most favoured protection from the sun. Wearer never gets caught with the excuse 'sun was shining in my eye'</description>
    <graphicData>
      <texPath>Hats/Display/Shadess</texPath>
      <graphicClass>Graphic_Single</graphicClass>
    </graphicData>
    <costStuffCount>25</costStuffCount>
    <stuffCategories>
      <li>Fabric</li>
    </stuffCategories>
    <statBases>
      <ArmorRating_Blunt>0.01</ArmorRating_Blunt>
    </statBases>
    <equippedStatOffsets>
      <MentalBreakThreshold>-0.01</MentalBreakThreshold>
    </equippedStatOffsets>
    <apparel>
      <bodyPartGroups>
        <li>Eyes</li>
      </bodyPartGroups>
      <worngraphicPath>Hats/Goggles/Shadess</worngraphicPath>
      <layers>
        <li>Overhead</li>
      </layers>
      <commonality>1</commonality>
      <tags>
        <li>Outlander</li>
        <li>Spacer</li>
      </tags>
      <defaultOutfitTags>
        <li>Worker</li>
      </defaultOutfitTags>
    </apparel>
    <colorGenerator Class="ColorGenerator_Options">
      <options>
        <li>
          <weight>4</weight>
          <min>RGBA(0.3,0.3,0.3,1)</min>
          <max>RGBA(0.9,0.9,0.9,1)</max>
        </li>
      </options>
    </colorGenerator>
  </ThingDef>




  <!--Brimsk-->

  <ThingDef ParentName="ApparelBase">
    <defName>Apparello_Brimsk</defName>
    <label>ArchNem© Ski™ goggles</label>
    <description>Military grade skiing goggles, slightly stylized design. Known for it's heavy impact resistance</description>
    <graphicData>
      <texPath>Hats/Display/Brimsk</texPath>
      <graphicClass>Graphic_Single</graphicClass>
    </graphicData>
    <costStuffCount>25</costStuffCount>
    <stuffCategories>
      <li>Fabric</li>
    </stuffCategories>
    <statBases>
      <ArmorRating_Blunt>0.1</ArmorRating_Blunt>
      <ArmorRating_Sharp>0.01</ArmorRating_Sharp>
    </statBases>
    <apparel>
      <bodyPartGroups>
        <li>Eyes</li>
      </bodyPartGroups>
      <worngraphicPath>Hats/Goggles/Brimsk</worngraphicPath>
      <layers>
        <li>Overhead</li>
      </layers>
      <commonality>1</commonality>
      <tags>
        <li>Military</li>
        <li>Spacer</li>
      </tags>
      <defaultOutfitTags>
        <li>Worker</li>
        <li>Soldier</li>
      </defaultOutfitTags>
    </apparel>
    <colorGenerator Class="ColorGenerator_Options">
      <options>
        <li>
          <weight>4</weight>
          <min>RGBA(0.3,0.3,0.3,1)</min>
          <max>RGBA(0.9,0.9,0.9,1)</max>
        </li>
      </options>
    </colorGenerator>
  </ThingDef>




</ThingDefs>
