﻿<?xml version="1.0" encoding="utf-8" ?>
<ThingDefs>

  <ThingDef Name="ApparelBase" Abstract="True">
    <thingClass>Apparel</thingClass>
    <category>Item</category>
    <selectable>True</selectable>
    <pathCost>10</pathCost>
    <useHitPoints>True</useHitPoints>
    <graphicData>
      <onGroundRandomRotateAngle>35</onGroundRandomRotateAngle>
    </graphicData>
    <drawGUIOverlay>true</drawGUIOverlay>
    <statBases>
      <MaxHitPoints>100</MaxHitPoints>
      <Flammability>1.0</Flammability>
      <DeteriorationRate>1</DeteriorationRate>
      <SellPriceFactor>0.5</SellPriceFactor>
    </statBases>
    <thingCategories>
      <li>Headgear</li>  <!--changed from ApparelloHats -->
    </thingCategories>
    <altitudeLayer>Item</altitudeLayer>
    <alwaysHaulable>True</alwaysHaulable>
    <tickerType>Never</tickerType>
    <comps>
      <li>
        <compClass>CompForbiddable</compClass>
      </li>
      <li>
        <compClass>CompColorable</compClass>
      </li>
      <li>
        <compClass>CompQuality</compClass>
      </li>
    </comps>
  </ThingDef>

  <ThingDef Name="ApparelMakeableBase" ParentName="ApparelBase" Abstract="True">
    <recipeMaker>
      <workSpeedStat>TailoringSpeed</workSpeedStat>
      <workSkill>Crafting</workSkill>
      <effectWorking>Tailor</effectWorking>
      <soundWorking>Recipe_Tailor</soundWorking>
      <recipeUsers>
        <li>TableTailor</li>
      </recipeUsers>
    </recipeMaker>
  </ThingDef>


<!-- Muffalo -->

  <ThingDef ParentName="ApparelMakeableBase">
    <defName>Apparello_Muffhood</defName>
    <label>Muffalo head garment</label>
    <description>Lovingly crafted out of sturdy muffalohide. You can almost feel the spirit of this brave beast within you. It's very warm</description>
    <graphicData>
      <texPath>Hats/Animalhats/Muffhat</texPath>
      <graphicClass>Graphic_Single</graphicClass>
    </graphicData>
    <costList>
      <Muffalo_Corpse>1</Muffalo_Corpse>
    </costList>
    <statBases>
      <WorkToMake>3000</WorkToMake>
      <ArmorRating_Blunt>0.01</ArmorRating_Blunt>
      <ArmorRating_Sharp>0.08</ArmorRating_Sharp>
      <Insulation_Cold>-10</Insulation_Cold>
      <Insulation_Heat>-4</Insulation_Heat>
    </statBases>
    <equippedStatOffsets>
      <MeleeHitChance>0.1</MeleeHitChance>
    </equippedStatOffsets>
    <apparel>
      <bodyPartGroups>
        <li>FullHead</li>
      </bodyPartGroups>
      <worngraphicPath>Hats/Animalhats/Muffhat</worngraphicPath>
      <layers>
        <li>Overhead</li>
      </layers>
      <commonality>1</commonality>
      <tags>
        <li>Animal</li>
      </tags>
      <defaultOutfitTags>
        <li>Soldier</li>
      </defaultOutfitTags>
    </apparel>
    <colorGenerator Class="ColorGenerator_Options">
      <options>
        <li>
          <weight>4</weight>
          <min>RGBA(0.9,0.9,0.9,1)</min>
          <max>RGBA(1,1,1,1)</max>
        </li>
      </options>
    </colorGenerator>
    <thingCategories>
      <li>ApparelloSetMelodie</li>
      <li>ApparelloWinterwald</li>
    </thingCategories>
  </ThingDef>










<!-- Furx -->

  <ThingDef ParentName="ApparelBase">
    <defName>Apparello_Furxhood</defName>
    <label>Furx head garment</label>
    <description>Lovingly crafted out of nimble furxhide. You can almost feel the spirit of this cunning beast within you.</description>
    <graphicData>
      <texPath>Hats/Animalhats/Furxhat</texPath>
      <graphicClass>Graphic_Single</graphicClass>
    </graphicData>
    <costList>
      <Muffalo_Corpse>1</Muffalo_Corpse>
    </costList>
    <statBases>
      <WorkToMake>3000</WorkToMake>
      <ArmorRating_Blunt>0.01</ArmorRating_Blunt>
      <ArmorRating_Sharp>0.01</ArmorRating_Sharp>
      <Insulation_Cold>-4</Insulation_Cold>
      <Insulation_Heat>-1</Insulation_Heat>
    </statBases>
    <equippedStatOffsets>
      <AimingDelayFactor>-0.05</AimingDelayFactor>
    </equippedStatOffsets>
    <apparel>
      <bodyPartGroups>
        <li>UpperHead</li>
      </bodyPartGroups>
      <worngraphicPath>Hats/Animalhats/Furxhat</worngraphicPath>
      <layers>
        <li>Overhead</li>
      </layers>
      <commonality>1</commonality>
      <tags>
        <li>Animal</li>
      </tags>
      <defaultOutfitTags>
        <li>Soldier</li>
      </defaultOutfitTags>
    </apparel>
    <colorGenerator Class="ColorGenerator_Options">
      <options>
        <li>
          <weight>4</weight>
          <min>RGBA(0.9,0.9,0.9,1)</min>
          <max>RGBA(1,1,1,1)</max>
        </li>
      </options>
    </colorGenerator>
    <thingCategories>
      <li>ApparelloSetRachel</li>
      <li>ApparelloWinterwald</li>
    </thingCategories>
  </ThingDef>










<!-- Snork -->

  <ThingDef ParentName="ApparelBase">
    <defName>Apparello_Snorkhood</defName>
    <label>Snork head garment</label>
    <description>Lovingly crafted out of noble snorkhide. You can almost feel the spirit of this slumbering beast within you.</description>
    <graphicData>
      <texPath>Hats/Animalhats/Snorkle</texPath>
      <graphicClass>Graphic_Single</graphicClass>
    </graphicData>
    <costList>
      <Muffalo_Corpse>1</Muffalo_Corpse>
    </costList>
    <statBases>
      <WorkToMake>3000</WorkToMake>
      <ArmorRating_Blunt>0.05</ArmorRating_Blunt>
      <ArmorRating_Sharp>0.02</ArmorRating_Sharp>
      <Insulation_Cold>-4</Insulation_Cold>
      <Insulation_Heat>-1</Insulation_Heat>
    </statBases>
    <equippedStatOffsets>
      <AimingDelayFactor>0.1</AimingDelayFactor>
      <ShootingAccuracy>0.1</ShootingAccuracy>
    </equippedStatOffsets>
    <apparel>
      <bodyPartGroups>
        <li>UpperHead</li>
      </bodyPartGroups>
      <worngraphicPath>Hats/Animalhats/Snorkle</worngraphicPath>
      <layers>
        <li>Overhead</li>
      </layers>
      <commonality>1</commonality>
      <tags>
        <li>Animal</li>
      </tags>
      <defaultOutfitTags>
        <li>Soldier</li>
      </defaultOutfitTags>
    </apparel>
    <colorGenerator Class="ColorGenerator_Options">
      <options>
        <li>
          <weight>4</weight>
          <min>RGBA(0.9,0.9,0.9,1)</min>
          <max>RGBA(1,1,1,1)</max>
        </li>
      </options>
    </colorGenerator>
    <thingCategories>
      <li>ApparelloSetRachel</li>
      <li>ApparelloWinterwald</li>
    </thingCategories>
  </ThingDef>











<!-- Megaslug -->

  <ThingDef ParentName="ApparelBase">
    <defName>Apparello_Slughood</defName>
    <label>Megaslug head garment</label>
    <description>Lovingly crafted out of stout slugskin. You can almost feel the spirit of this determined beast within you.</description>
    <graphicData>
      <texPath>Hats/Animalhats/Slughat</texPath>
      <graphicClass>Graphic_Single</graphicClass>
    </graphicData>
    <costList>
      <Muffalo_Corpse>1</Muffalo_Corpse>
    </costList>
    <statBases>
      <WorkToMake>3000</WorkToMake>
      <ArmorRating_Blunt>0</ArmorRating_Blunt>
      <ArmorRating_Sharp>0.12</ArmorRating_Sharp>
      <Insulation_Cold>4</Insulation_Cold>
      <Insulation_Heat>4</Insulation_Heat>
    </statBases>
    <equippedStatOffsets>
      <SocialImpact>-0.15</SocialImpact>
      <WorkSpeedGlobal>-0.05</WorkSpeedGlobal>
      <PsychicSensitivity>-0.20</PsychicSensitivity>
    </equippedStatOffsets>
    <apparel>
      <bodyPartGroups>
        <li>FullHead</li>
      </bodyPartGroups>
      <worngraphicPath>Hats/Animalhats/Slughat</worngraphicPath>
      <layers>
        <li>Overhead</li>
      </layers>
      <commonality>70</commonality>
      <tags>
        <li>Animal</li>
      </tags>
      <defaultOutfitTags>
        <li>Worker</li>
        <li>Soldier</li>
      </defaultOutfitTags>
    </apparel>
    <colorGenerator Class="ColorGenerator_Options">
      <options>
        <li>
          <weight>4</weight>
          <min>RGBA(0.9,0.9,0.9,1)</min>
          <max>RGBA(1,1,1,1)</max>
        </li>
      </options>
    </colorGenerator>
    <thingCategories>
      <li>ApparelloSomerset</li>
    </thingCategories>
  </ThingDef>












<!-- Rimram -->

  <ThingDef ParentName="ApparelBase">
    <defName>Apparello_Rimramhood</defName>
    <label>Rimram head garment</label>
    <description>Lovingly crafted out of enduring Rimramhide. You can almost feel the spirit of this stubborn beast within you.</description>
    <graphicData>
      <texPath>Hats/Animalhats/Rimska</texPath>
      <graphicClass>Graphic_Single</graphicClass>
    </graphicData>
    <costList>
      <Muffalo_Corpse>1</Muffalo_Corpse>
    </costList>
    <statBases>
      <WorkToMake>3000</WorkToMake>
      <ArmorRating_Blunt>0.05</ArmorRating_Blunt>
      <ArmorRating_Sharp>0.04</ArmorRating_Sharp>
      <Insulation_Cold>-10</Insulation_Cold>
      <Insulation_Heat>-3</Insulation_Heat>
    </statBases>
    <equippedStatOffsets>
      <WorkSpeedGlobal>0.15</WorkSpeedGlobal>
      <GlobalLearningFactor>-0.1</GlobalLearningFactor>
    </equippedStatOffsets>
    <apparel>
      <bodyPartGroups>
        <li>UpperHead</li>
	<li>Mouth</li>
      </bodyPartGroups>
      <worngraphicPath>Hats/Animalhats/Rimska</worngraphicPath>
      <layers>
        <li>Overhead</li>
      </layers>
      <commonality>70</commonality>
      <tags>
        <li>Animal</li>
      </tags>
      <defaultOutfitTags>
        <li>Worker</li>
      </defaultOutfitTags>
    </apparel>
    <colorGenerator Class="ColorGenerator_Options">
      <options>
        <li>
          <weight>4</weight>
          <min>RGBA(0.9,0.9,0.9,1)</min>
          <max>RGBA(1,1,1,1)</max>
        </li>
      </options>
    </colorGenerator>
    <thingCategories>
      <li>ApparelloCrafterSet</li>
      <li>ApparelloWinterwald</li>
    </thingCategories>
  </ThingDef>












<!-- Megascarab -->

  <ThingDef ParentName="ApparelMakeableBase">
    <defName>Apparello_Scarabhood</defName>
    <label>Megascarab head garment</label>
    <description>Lovingly crafted out of shiny scarabchitin. You can almost feel the spirit of this intelligent beast within you.</description>
    <graphicData>
      <texPath>Hats/Animalhats/Scarhat</texPath>
      <graphicClass>Graphic_Single</graphicClass>
    </graphicData>
    <costList>
      <Megascarab_Corpse>1</Megascarab_Corpse>
    </costList>
    <statBases>
      <WorkToMake>3000</WorkToMake>
      <ArmorRating_Blunt>0.1</ArmorRating_Blunt>
      <ArmorRating_Sharp>0.1</ArmorRating_Sharp>
      <Insulation_Heat>10</Insulation_Heat>
    </statBases>
    <equippedStatOffsets>
      <PsychicSensitivity>-0.15</PsychicSensitivity>
    </equippedStatOffsets>
    <apparel>
      <bodyPartGroups>
        <li>UpperHead</li>
	<li>Mouth</li>
      </bodyPartGroups>
      <worngraphicPath>Hats/Animalhats/Scarhat</worngraphicPath>
      <layers>
        <li>Overhead</li>
      </layers>
      <commonality>70</commonality>
      <tags>
        <li>Animal</li>
      </tags>
      <defaultOutfitTags>
        <li>Worker</li>
        <li>Soldier</li>
      </defaultOutfitTags>
    </apparel>
    <colorGenerator Class="ColorGenerator_Options">
      <options>
        <li>
          <weight>4</weight>
          <min>RGBA(0.9,0.9,0.9,1)</min>
          <max>RGBA(1,1,1,1)</max>
        </li>
      </options>
    </colorGenerator>
    <thingCategories>
      <li>ApparelloSomerset</li>
    </thingCategories>
  </ThingDef>











<!-- Human -->

  <ThingDef ParentName="ApparelBase">
    <defName>Apparello_Skullhood</defName>
    <label>Human skull</label>
    <description>Crafted out of humanskull. There is something very unsettling about it.</description>
    <graphicData>
      <texPath>Hats/Animalhats/Skull</texPath>
      <graphicClass>Graphic_Single</graphicClass>
    </graphicData>
    <costList>
      <Human_Corpse>1</Human_Corpse>
    </costList>
    <statBases>
      <ArmorRating_Blunt>0.05</ArmorRating_Blunt>
      <ArmorRating_Sharp>0.04</ArmorRating_Sharp>
      <Insulation_Heat>1</Insulation_Heat>
    </statBases>
    <equippedStatOffsets>
      <GlobalLearningFactor>0.10</GlobalLearningFactor>
      <MentalBreakThreshold>0.10</MentalBreakThreshold>
      <SocialImpact>-0.50</SocialImpact>
    </equippedStatOffsets>
    <apparel>
      <bodyPartGroups>
        <li>FullHead</li>
      </bodyPartGroups>
      <worngraphicPath>Hats/Animalhats/Skull</worngraphicPath>
      <layers>
        <li>Overhead</li>
      </layers>
      <commonality>1</commonality>
      <tags>
        <li>Animal</li>
      </tags>
    </apparel>
    <colorGenerator Class="ColorGenerator_Options">
      <options>
        <li>
          <weight>4</weight>
          <min>RGBA(0.9,0.9,0.9,1)</min>
          <max>RGBA(1,1,1,1)</max>
        </li>
      </options>
    </colorGenerator>
  </ThingDef>

</ThingDefs>
