﻿<?xml version="1.0" encoding="utf-8" ?>
<ThingDefs>

  <ThingDef Name="ApparelBase" Abstract="True">
    <thingClass>Apparel</thingClass>
    <category>Item</category>
    <selectable>True</selectable>
    <pathCost>10</pathCost>
    <useHitPoints>True</useHitPoints>
    <graphicData>
      <onGroundRandomRotateAngle>35</onGroundRandomRotateAngle>
    </graphicData>
    <drawGUIOverlay>true</drawGUIOverlay>
    <statBases>
      <MaxHitPoints>100</MaxHitPoints>
      <Flammability>1.0</Flammability>
      <DeteriorationRate>1</DeteriorationRate>
      <SellPriceFactor>0.5</SellPriceFactor>
    </statBases>
    <thingCategories>
      <li>Headgear</li><!--changed from Apparellohats-->
    </thingCategories>
    <altitudeLayer>Item</altitudeLayer>
    <alwaysHaulable>True</alwaysHaulable>
    <tickerType>Never</tickerType>
    <comps>
      <li>
        <compClass>CompForbiddable</compClass>
      </li>
      <li>
        <compClass>CompColorable</compClass>
      </li>
      <li>
        <compClass>CompQuality</compClass>
      </li>
    </comps>
  </ThingDef>



  <!--Beret-->

  <ThingDef ParentName="ApparelBase">
    <defName>Apparello_Beret</defName>
    <label>Beret</label>
    <description>Soft and keeps the head warm. Very common amongst offduty soldiers. Uniforms commonly inspire respect.</description>
    <graphicData>
      <texPath>Hats/Display/Beret</texPath>
      <graphicClass>Graphic_Single</graphicClass>
    </graphicData>
    <costStuffCount>25</costStuffCount>
    <stuffCategories>
      <li>Fabric</li>
    </stuffCategories>
    <statBases>
      <ArmorRating_Blunt>0.03</ArmorRating_Blunt>
      <ArmorRating_Sharp>0.03</ArmorRating_Sharp>
      <Insulation_Cold>-1</Insulation_Cold>
      <Insulation_Heat>-1</Insulation_Heat>
    </statBases>
    <equippedStatOffsets>
      <RecruitPrisonerChance>0.05</RecruitPrisonerChance>
      <SocialImpact>0.05</SocialImpact>
    </equippedStatOffsets>
    <apparel>
      <bodyPartGroups>
        <li>UpperHead</li>
      </bodyPartGroups>
      <worngraphicPath>Hats/Beret</worngraphicPath>
      <layers>
        <li>Overhead</li>
      </layers>
      <commonality>1</commonality>
      <tags>
        <li>Military</li>
        <li>Spacer</li>
      </tags>
      <defaultOutfitTags>
        <li>Worker</li>
      </defaultOutfitTags>
    </apparel>
    <colorGenerator Class="ColorGenerator_Options">
      <options>
        <li>
          <weight>4</weight>
          <min>RGBA(0.3,0.3,0.3,1)</min>
          <max>RGBA(0.9,0.9,0.9,1)</max>
        </li>
      </options>
    </colorGenerator>
    <thingCategories>
      <li>ApparelloSetWarden</li>
    </thingCategories>
  </ThingDef>











  <!--Fedora-->

  <ThingDef ParentName="ApparelBase">
    <defName>Apparello_Fedora</defName>
    <label>Fedora</label>
    <description>Nah, see! These hats are often associated with gangsters and government officials, which are both practically the same.</description>
    <graphicData>
      <texPath>Hats/Display/Fedora</texPath>
      <graphicClass>Graphic_Single</graphicClass>
    </graphicData>
    <costStuffCount>25</costStuffCount>
    <stuffCategories>
      <li>Fabric</li>
      <li>Leathery</li>
    </stuffCategories>
    <statBases>
      <ArmorRating_Blunt>0.03</ArmorRating_Blunt>
      <ArmorRating_Sharp>0.03</ArmorRating_Sharp>
      <Insulation_Cold>-1</Insulation_Cold>
    </statBases>
    <equippedStatOffsets>
      <RecruitPrisonerChance>0.10</RecruitPrisonerChance>
    </equippedStatOffsets>
    <apparel>
      <bodyPartGroups>
        <li>UpperHead</li>
      </bodyPartGroups>
      <worngraphicPath>Hats/Fedora</worngraphicPath>
      <layers>
        <li>Overhead</li>
      </layers>
      <commonality>1</commonality>
      <tags>
        <li>Spacer</li>
        <li>Outlander</li>
        <li>SetRecruiter</li>
      </tags>
      <defaultOutfitTags>
        <li>Worker</li>
      </defaultOutfitTags>
    </apparel>
    <colorGenerator Class="ColorGenerator_Options">
      <options>
        <li>
          <weight>4</weight>
          <min>RGBA(0.3,0.3,0.3,1)</min>
          <max>RGBA(0.9,0.9,0.9,1)</max>
        </li>
      </options>
    </colorGenerator>
    <thingCategories>
      <li>ApparelloSetWarden</li>
    </thingCategories>
  </ThingDef>














  <!--Cardshark-->

  <ThingDef ParentName="ApparelBase">
    <defName>Apparello_Cardshark</defName>
    <label>Cardshark hat</label>
    <description>Stylish, elegant and soft to the touch. Known as the most important part of western attire. Especially amongst the card cheats and otherwise slippery individuals</description>
    <graphicData>
      <texPath>Hats/Display/Cardshark</texPath>
      <graphicClass>Graphic_Single</graphicClass>
    </graphicData>
    <costStuffCount>25</costStuffCount>
    <stuffCategories>
      <li>Fabric</li>
      <li>Leathery</li>
    </stuffCategories>
    <statBases>
      <ArmorRating_Blunt>0.03</ArmorRating_Blunt>
      <ArmorRating_Sharp>0.03</ArmorRating_Sharp>
      <Insulation_Heat>4</Insulation_Heat>
    </statBases>
    <equippedStatOffsets>
      <SocialImpact>-0.10</SocialImpact>
      <GiftImpact>0.20</GiftImpact>
    </equippedStatOffsets>
    <apparel>
      <bodyPartGroups>
        <li>UpperHead</li>
      </bodyPartGroups>
      <worngraphicPath>Hats/Cardshark</worngraphicPath>
      <layers>
        <li>Overhead</li>
      </layers>
      <commonality>1</commonality>
      <tags>
        <li>Outlander</li>
      </tags>
      <defaultOutfitTags>
        <li>Worker</li>
      </defaultOutfitTags>
    </apparel>
    <colorGenerator Class="ColorGenerator_Options">
      <options>
        <li>
          <weight>4</weight>
          <min>RGBA(0.3,0.3,0.3,1)</min>
          <max>RGBA(0.9,0.9,0.9,1)</max>
        </li>
      </options>
    </colorGenerator>
    <thingCategories>
      <li>ApparelloSetDiplomat</li>
      <li>ApparelloSomerset</li>
    </thingCategories>
  </ThingDef>















  <!--Bad nit-->

  <ThingDef ParentName="ApparelBase">
    <defName>Apparello_Bandit</defName>
    <label>Bandit hat and scarf</label>
    <description>Stylish, elegant and soft to the touch. Known as the most important part of western attire. Especially amongst the card cheats and otherwise slippery individuals, comes with a scarf for added banditry.</description>
    <graphicData>
      <texPath>Hats/Display/Bandit</texPath>
      <graphicClass>Graphic_Single</graphicClass>
    </graphicData>
    <costStuffCount>25</costStuffCount>
    <stuffCategories>
      <li>Fabric</li>
      <li>Leathery</li>
    </stuffCategories>
    <statBases>
      <ArmorRating_Blunt>0.03</ArmorRating_Blunt>
      <ArmorRating_Sharp>0.03</ArmorRating_Sharp>
      <Insulation_Cold>-3</Insulation_Cold>
      <Insulation_Heat>-1</Insulation_Heat>
    </statBases>
    <equippedStatOffsets>
      <SocialImpact>-0.10</SocialImpact>
      <TradePriceImprovement>-0.10</TradePriceImprovement>
      <GiftImpact>-0.10</GiftImpact>
      <RecruitPrisonerChance>0.12</RecruitPrisonerChance>
    </equippedStatOffsets>
    <apparel>
      <bodyPartGroups>
        <li>FullHead</li>
      </bodyPartGroups>
      <worngraphicPath>Hats/Bandit</worngraphicPath>
      <layers>
        <li>Overhead</li>
      </layers>
      <commonality>1</commonality>
      <tags>
        <li>Outlander</li>
        <li>SetRecruiter</li>
      </tags>
      <defaultOutfitTags>
        <li>Worker</li>
      </defaultOutfitTags>
    </apparel>
    <colorGenerator Class="ColorGenerator_Options">
      <options>
        <li>
          <weight>4</weight>
          <min>RGBA(0.3,0.3,0.3,1)</min>
          <max>RGBA(0.9,0.9,0.9,1)</max>
        </li>
      </options>
    </colorGenerator>
    <thingCategories>
      <li>ApparelloSetWarden</li>
    </thingCategories>
  </ThingDef>

















  <!--Furhat-->

  <ThingDef ParentName="ApparelBase">
    <defName>Apparello_Furhat</defName>
    <label>Furhat</label>
    <description>Keep your head warm in cold climates, wear fur! Be warned though, in the right place, the fur wears you!</description>
    <graphicData>
      <texPath>Hats/Display/Vodkafur</texPath>
      <graphicClass>Graphic_Single</graphicClass>
    </graphicData>
    <costStuffCount>25</costStuffCount>
    <stuffCategories>
      <li>Leathery</li>
    </stuffCategories>
    <statBases>
      <ArmorRating_Blunt>0.04</ArmorRating_Blunt>
      <ArmorRating_Sharp>0.02</ArmorRating_Sharp>
      <Insulation_Cold>-8</Insulation_Cold>
      <Insulation_Heat>-4</Insulation_Heat>
    </statBases>
    <equippedStatOffsets>
      <SocialImpact>-0.05</SocialImpact>
      <TradePriceImprovement>0.1</TradePriceImprovement>
      <GiftImpact>0.1</GiftImpact>
      <MentalBreakThreshold>-0.02</MentalBreakThreshold>
    </equippedStatOffsets>
    <apparel>
      <bodyPartGroups>
        <li>UpperHead</li>
      </bodyPartGroups>
      <worngraphicPath>Hats/Vodkafur</worngraphicPath>
      <layers>
        <li>Overhead</li>
      </layers>
      <commonality>1</commonality>
      <tags>
        <li>Outlander</li>
        <li>Military</li>
        <li>SetTrader</li>
      </tags>
      <defaultOutfitTags>
        <li>Worker</li>
      </defaultOutfitTags>
    </apparel>
    <colorGenerator Class="ColorGenerator_Options">
      <options>
        <li>
          <weight>4</weight>
          <min>RGBA(0.3,0.3,0.3,1)</min>
          <max>RGBA(0.9,0.9,0.9,1)</max>
        </li>
      </options>
    </colorGenerator>
    <thingCategories>
      <li>ApparelloSetTrader</li>
      <li>ApparelloWinterwald</li>
    </thingCategories>
  </ThingDef>













  <!--Woolly-->

  <ThingDef ParentName="ApparelBase">
    <defName>Apparello_Woolcap</defName>
    <label>Woollen cap</label>
    <description>Woollen cap made from very woollen material, Nothing can compete with it in keeping your head warm. The tuft on top keeps your nerves cold!</description>
    <graphicData>
      <texPath>Hats/Display/Woolcap</texPath>
      <graphicClass>Graphic_Single</graphicClass>
    </graphicData>
    <costStuffCount>25</costStuffCount>
    <stuffCategories>
      <li>Fabric</li>
    </stuffCategories>
    <statBases>
      <ArmorRating_Blunt>0.03</ArmorRating_Blunt>
      <ArmorRating_Sharp>0.03</ArmorRating_Sharp>
      <Insulation_Cold>-10</Insulation_Cold>
      <Insulation_Heat>-4</Insulation_Heat>
    </statBases>
    <equippedStatOffsets>
      <MentalBreakThreshold>-0.01</MentalBreakThreshold>
    </equippedStatOffsets>
    <apparel>
      <bodyPartGroups>
        <li>UpperHead</li>
      </bodyPartGroups>
      <worngraphicPath>Hats/Woolcap</worngraphicPath>
      <layers>
        <li>Overhead</li>
      </layers>
      <commonality>1</commonality>
      <tags>
        <li>Spacer</li>
        <li>Outlander</li>
      </tags>
      <defaultOutfitTags>
        <li>Worker</li>
      </defaultOutfitTags>
    </apparel>
    <colorGenerator Class="ColorGenerator_Options">
      <options>
        <li>
          <weight>4</weight>
          <min>RGBA(0.3,0.3,0.3,1)</min>
          <max>RGBA(0.9,0.9,0.9,1)</max>
        </li>
      </options>
    </colorGenerator>
    <thingCategories>
      <li>ApparelloWinterwald</li>
    </thingCategories>
  </ThingDef>












  <!--Tricorn-->

  <ThingDef ParentName="ApparelBase">
    <defName>Apparello_Tricorn</defName>
    <label>Tricorn</label>
    <description>Long out of fashion, Why anyone would still wear these is strange. Still they are comfortable to wear</description>
    <graphicData>
      <texPath>Hats/Display/Tricorn</texPath>
      <graphicClass>Graphic_Single</graphicClass>
    </graphicData>
    <costStuffCount>25</costStuffCount>
    <stuffCategories>
      <li>Fabric</li>
      <li>Leathery</li>
    </stuffCategories>
    <statBases>
      <ArmorRating_Blunt>0.04</ArmorRating_Blunt>
      <ArmorRating_Sharp>0.04</ArmorRating_Sharp>
      <Insulation_Cold>-1</Insulation_Cold>
      <Insulation_Heat>-1</Insulation_Heat>
    </statBases>
    <equippedStatOffsets>
      <MentalBreakThreshold>-0.03</MentalBreakThreshold>
    </equippedStatOffsets>
    <apparel>
      <bodyPartGroups>
        <li>UpperHead</li>
      </bodyPartGroups>
      <worngraphicPath>Hats/Tricorn</worngraphicPath>
      <layers>
        <li>Overhead</li>
      </layers>
      <commonality>0.01</commonality>
      <tags>
        <li>Outlander</li>
        <li>Pirate</li>
        <li>Industrial</li>
      </tags>
      <defaultOutfitTags>
        <li>Worker</li>
      </defaultOutfitTags>
    </apparel>
    <colorGenerator Class="ColorGenerator_Options">
      <options>
        <li>
          <weight>4</weight>
          <min>RGBA(0.3,0.3,0.3,1)</min>
          <max>RGBA(0.9,0.9,0.9,1)</max>
        </li>
      </options>
    </colorGenerator>
  </ThingDef>












  <!--Sombo-->

  <ThingDef ParentName="ApparelBase">
    <defName>Apparello_Sombrero</defName>
    <label>Sombrero</label>
    <description>Keeps the sun off your eyes during siesta! Ay caramba!</description>
    <graphicData>
      <texPath>Hats/Display/Sombrero</texPath>
      <graphicClass>Graphic_Single</graphicClass>
    </graphicData>
    <costStuffCount>25</costStuffCount>
    <stuffCategories>
      <li>Fabric</li>
      <li>Leathery</li>
    </stuffCategories>
    <statBases>
      <ArmorRating_Blunt>0.03</ArmorRating_Blunt>
      <ArmorRating_Sharp>0.03</ArmorRating_Sharp>
      <Insulation_Heat>10</Insulation_Heat>
    </statBases>
    <equippedStatOffsets>
      <MentalBreakThreshold>-0.05</MentalBreakThreshold>
    </equippedStatOffsets>
    <apparel>
      <bodyPartGroups>
        <li>UpperHead</li>
      </bodyPartGroups>
      <worngraphicPath>Hats/Sombrero</worngraphicPath>
      <layers>
        <li>Overhead</li>
      </layers>
      <commonality>1</commonality>
      <tags>
        <li>Outlander</li>
      </tags>
      <defaultOutfitTags>
        <li>Worker</li>
      </defaultOutfitTags>
    </apparel>
    <colorGenerator Class="ColorGenerator_Options">
      <options>
        <li>
          <weight>4</weight>
          <min>RGBA(0.3,0.3,0.3,1)</min>
          <max>RGBA(0.9,0.9,0.9,1)</max>
        </li>
      </options>
    </colorGenerator>
    <thingCategories>
      <li>ApparelloSomerset</li>
    </thingCategories>
  </ThingDef>











  <!--Morion-->

  <ThingDef ParentName="ApparelBase">
    <defName>Apparello_Moron</defName>
    <label>Explorer's Morion</label>
    <description>17th century morion. Extremely common in medieval worlds. However finding these usually means it's remnants of the Spacefaring lockpick squad (They'd always have Lock with two razors painted on their morions)
The Lockpick squad was the largest expedition team in history. Their last destination was unknown but the assumption was 'transcended space', No one has seen them since. 
Their morions are still found floating around the far corners of space.</description>
    <graphicData>
      <texPath>Hats/Display/Morion</texPath>
      <graphicClass>Graphic_Single</graphicClass>
    </graphicData>
    <statBases>
      <MarketValue>250</MarketValue>
      <ArmorRating_Blunt>0.25</ArmorRating_Blunt>
      <ArmorRating_Sharp>0.25</ArmorRating_Sharp>
    </statBases>
    <equippedStatOffsets>
      <MoveSpeed>-0.02</MoveSpeed>
      <GlobalLearningFactor>0.02</GlobalLearningFactor>
      <PsychicSensitivity>0.25</PsychicSensitivity>
    </equippedStatOffsets>
    <apparel>
      <bodyPartGroups>
        <li>UpperHead</li>
      </bodyPartGroups>
      <worngraphicPath>Hats/Morion</worngraphicPath>
      <layers>
        <li>Overhead</li>
      </layers>
      <commonality>1</commonality>
      <tags>
        <li>SetExplorer</li>
        <li>Military</li>
        <li>Industrial</li>
	<li>PirateMate</li>
      </tags>
      <defaultOutfitTags>
        <li>Worker</li>
        <li>Soldier</li>
      </defaultOutfitTags>
    </apparel>
    <colorGenerator Class="ColorGenerator_Options">
      <options>
        <li>
          <weight>4</weight>
          <only>RGBA(1,1,1,1)</only>
        </li>
      </options>
    </colorGenerator>
  </ThingDef>



  <!--Hoody-->

  <ThingDef ParentName="ApparelBase">
    <defName>Apparello_Hood</defName>
    <label>hood</label>
    <description>Ultimate protection from the wind! The kind of headwear you see worn by shady characters in dark alleys, glaring at you, with gleaming eyes, Ready to stab yo.. *gurgle* </description>
    <graphicData>
      <texPath>Hats/Display/Hood</texPath>
      <graphicClass>Graphic_Single</graphicClass>
    </graphicData>
    <costStuffCount>25</costStuffCount>
    <stuffCategories>
      <li>Leathery</li>
    </stuffCategories>
    <statBases>
      <ArmorRating_Blunt>0.03</ArmorRating_Blunt>
      <ArmorRating_Sharp>0.03</ArmorRating_Sharp>
      <Insulation_Cold>-8</Insulation_Cold>
      <Insulation_Heat>-2</Insulation_Heat>
    </statBases>
    <equippedStatOffsets>
      <MentalBreakThreshold>-0.03</MentalBreakThreshold>
    </equippedStatOffsets>
    <apparel>
      <bodyPartGroups>
        <li>UpperHead</li>
      </bodyPartGroups>
      <worngraphicPath>Hats/Hood</worngraphicPath>
      <layers>
        <li>Overhead</li>
      </layers>
      <commonality>1</commonality>
      <tags>
        <li>Outlander</li>
        <li>Norbal</li>
        <li>Medieval</li>
      </tags>
      <defaultOutfitTags>
        <li>Worker</li>
      </defaultOutfitTags>
    </apparel>
    <colorGenerator Class="ColorGenerator_Options">
      <options>
        <li>
          <weight>4</weight>
          <min>RGBA(0.3,0.3,0.3,1)</min>
          <max>RGBA(0.9,0.9,0.9,1)</max>
        </li>
      </options>
    </colorGenerator>
    <thingCategories>
      <li>ApparelloWinterwald</li>
    </thingCategories>
  </ThingDef>










  <!--LeCap-->

  <ThingDef ParentName="ApparelBase">
    <defName>Apparello_Lecap</defName>
    <label>Legionnaire's cap</label>
    <description>The most important piece of many a rebel army uniform</description>
    <graphicData>
      <texPath>Hats/Display/Lecap</texPath>
      <graphicClass>Graphic_Single</graphicClass>
    </graphicData>
    <costStuffCount>25</costStuffCount>
    <stuffCategories>
      <li>Leathery</li>
      <li>Fabric</li>
    </stuffCategories>
    <statBases>
      <ArmorRating_Blunt>0.03</ArmorRating_Blunt>
      <ArmorRating_Sharp>0.03</ArmorRating_Sharp>
      <Insulation_Heat>1</Insulation_Heat>
    </statBases>
    <equippedStatOffsets>
      <MentalBreakThreshold>-0.03</MentalBreakThreshold>
    </equippedStatOffsets>
    <apparel>
      <bodyPartGroups>
        <li>UpperHead</li>
      </bodyPartGroups>
      <worngraphicPath>Hats/Lecap</worngraphicPath>
      <layers>
        <li>Overhead</li>
      </layers>
      <commonality>1</commonality>
      <tags>
        <li>Spacer</li>
        <li>Outlander</li>
        <li>Military</li>
	<li>Industrial</li>
      </tags>
      <defaultOutfitTags>
        <li>Worker</li>
      </defaultOutfitTags>
    </apparel>
    <colorGenerator Class="ColorGenerator_Options">
      <options>
        <li>
          <weight>4</weight>
          <min>RGBA(0.3,0.3,0.3,1)</min>
          <max>RGBA(0.9,0.9,0.9,1)</max>
        </li>
      </options>
    </colorGenerator>
    <thingCategories>
      <li>ApparelloSomerset</li>
    </thingCategories>
  </ThingDef>







  <!--Vandal-->

  <ThingDef ParentName="ApparelBase">
    <defName>Apparello_Vandal</defName>
    <label>Vandal's cap and scarf</label>
    <description>Your common cap. Urbworld crims would often don these on while robbing the local corner store. These kind of criminals are famous for their itchy trigger fingers, poor aim, brick throwing and trashcan kicking shenanigans</description>
    <graphicData>
      <texPath>Hats/Display/Vandal</texPath>
      <graphicClass>Graphic_Single</graphicClass>
    </graphicData>
    <costStuffCount>25</costStuffCount>
    <stuffCategories>
      <li>Fabric</li>
    </stuffCategories>
    <statBases>
      <ArmorRating_Blunt>0.03</ArmorRating_Blunt>
      <ArmorRating_Sharp>0.03</ArmorRating_Sharp>
      <Insulation_Heat>2</Insulation_Heat>
    </statBases>
    <equippedStatOffsets>
      <SocialImpact>-0.10</SocialImpact>
      <TradePriceImprovement>-0.10</TradePriceImprovement>
      <GiftImpact>-0.10</GiftImpact>
      <ShootingAccuracy>-0.1</ShootingAccuracy>
      <AimingDelayFactor>-0.1</AimingDelayFactor>
    </equippedStatOffsets>
    <apparel>
      <bodyPartGroups>
        <li>UpperHead</li>
      </bodyPartGroups>
      <worngraphicPath>Hats/Vandal</worngraphicPath>
      <layers>
        <li>Overhead</li>
      </layers>
      <commonality>1</commonality>
      <tags>
        <li>Outlander</li>
      </tags>
      <defaultOutfitTags>
        <li>Soldier</li>
      </defaultOutfitTags>
    </apparel>
    <colorGenerator Class="ColorGenerator_Options">
      <options>
        <li>
          <weight>4</weight>
          <min>RGBA(0.3,0.3,0.3,1)</min>
          <max>RGBA(0.9,0.9,0.9,1)</max>
        </li>
      </options>
    </colorGenerator>
    <thingCategories>
      <li>ApparelloSetRachel</li>
      <li>ApparelloSomerset</li>
    </thingCategories>
  </ThingDef>







  <!--Basecap-->

  <ThingDef ParentName="ApparelBase">
    <defName>Apparello_Bandal</defName>
    <label>Baseball cap</label>
    <description>Your common cap. Perhaps most famed from the ages old game where you hit balls with your bat and then run home</description>
    <graphicData>
      <texPath>Hats/Display/Batcap</texPath>
      <graphicClass>Graphic_Single</graphicClass>
    </graphicData>
    <costStuffCount>25</costStuffCount>
    <stuffCategories>
      <li>Fabric</li>
    </stuffCategories>
    <statBases>
      <ArmorRating_Blunt>0.03</ArmorRating_Blunt>
      <ArmorRating_Sharp>0.03</ArmorRating_Sharp>
      <Insulation_Heat>3</Insulation_Heat>
    </statBases>
    <equippedStatOffsets>
      <ShootingAccuracy>0.01</ShootingAccuracy>
      <AimingDelayFactor>0.01</AimingDelayFactor>
    </equippedStatOffsets>
    <apparel>
      <bodyPartGroups>
        <li>UpperHead</li>
      </bodyPartGroups>
      <worngraphicPath>Hats/Batcap</worngraphicPath>
      <layers>
        <li>Overhead</li>
      </layers>
      <commonality>1</commonality>
      <tags>
        <li>Spacer</li>
        <li>Outlander</li>
      </tags>
      <defaultOutfitTags>
        <li>Soldier</li>
      </defaultOutfitTags>
    </apparel>
    <colorGenerator Class="ColorGenerator_Options">
      <options>
        <li>
          <weight>4</weight>
          <min>RGBA(0.3,0.3,0.3,1)</min>
          <max>RGBA(0.9,0.9,0.9,1)</max>
        </li>
      </options>
    </colorGenerator>
    <thingCategories>
      <li>ApparelloSetRachel</li>
      <li>ApparelloSomerset</li>
    </thingCategories>
  </ThingDef>





<!-- 2nd tier hats -->






  <!--Gus-->

  <ThingDef ParentName="ApparelBase">
    <defName>Apparello_Gas</defName>
    <label>Gasmask</label>
    <description>Unwieldy and cumbersome protection from gas attacks, Not in common use anymore due to better more advanced alternatives. However, still favoured by the raiders for it's intimidating look</description>
    <graphicData>
      <texPath>Hats/Display/Gas</texPath>
      <graphicClass>Graphic_Single</graphicClass>
    </graphicData>
    <costStuffCount>40</costStuffCount>
    <stuffCategories>
      <li>Fabric</li>
      <li>Leathery</li>
    </stuffCategories>
    <statBases>
      <ArmorRating_Blunt>0.07</ArmorRating_Blunt>
      <ArmorRating_Sharp>0.08</ArmorRating_Sharp>
      <Insulation_Cold>-5</Insulation_Cold>
      <Insulation_Heat>-5</Insulation_Heat>
    </statBases>
    <equippedStatOffsets>
      <SocialImpact>-0.05</SocialImpact>
    </equippedStatOffsets>
    <apparel>
      <bodyPartGroups>
        <li>FullHead</li>
      </bodyPartGroups>
      <worngraphicPath>Hats/Gas</worngraphicPath>
      <layers>
        <li>Overhead</li>
      </layers>
      <commonality>1</commonality>
      <tags>
        <li>Military</li>
      </tags>
      <defaultOutfitTags>
        <li>Soldier</li>
      </defaultOutfitTags>
    </apparel>
    <colorGenerator Class="ColorGenerator_Options">
      <options>
        <li>
          <weight>4</weight>
          <only>RGBA(1,1,1,1)</only>
        </li>
      </options>
    </colorGenerator>
  </ThingDef>









  <!--Cybo-->

  <ThingDef ParentName="ApparelBase">
    <defName>Apparello_Cyninja</defName>
    <label>Tac-Team Headcover</label>
    <description>Designed to be used by tactical squads in urban warfare situations. comes with pre-installed velocity booster and inbuilt aiming assist. It does expose the wearer's brain to minimal and totally acceptable levels of radioactivity, which is okay!</description>
    <graphicData>
      <texPath>Hats/Display/Cyberninja</texPath>
      <graphicClass>Graphic_Single</graphicClass>
    </graphicData>
    <costStuffCount>40</costStuffCount>
    <stuffCategories>
      <li>Fabric</li>
    </stuffCategories>
    <statBases>
      <ArmorRating_Blunt>0.1</ArmorRating_Blunt>
      <ArmorRating_Sharp>0.07</ArmorRating_Sharp>
      <ArmorRating_Electric>-1</ArmorRating_Electric>
      <Insulation_Cold>3</Insulation_Cold>
      <Insulation_Heat>3</Insulation_Heat>
    </statBases>
    <equippedStatOffsets>
      <MentalBreakThreshold>-0.01</MentalBreakThreshold>
      <PsychicSensitivity>-0.10</PsychicSensitivity>
      <ShootingAccuracy>0.05</ShootingAccuracy>
      <MoveSpeed>0.05</MoveSpeed>
    </equippedStatOffsets>
    <apparel>
      <bodyPartGroups>
        <li>FullHead</li>
      </bodyPartGroups>
      <worngraphicPath>Hats/Cyberninja</worngraphicPath>
      <layers>
        <li>Overhead</li>
      </layers>
      <commonality>1</commonality>
      <tags>
        <li>Military</li>
        <li>SetShooter</li>
      </tags>
      <defaultOutfitTags>
        <li>Soldier</li>
      </defaultOutfitTags>
    </apparel>
    <colorGenerator Class="ColorGenerator_Options">
      <options>
        <li>
          <weight>4</weight>
          <only>RGBA(1,1,1,1)</only>
        </li>
      </options>
    </colorGenerator>
    <thingCategories>
      <li>ApparelloSetRachel</li>
      <li>ApparelloSomerset</li>
    </thingCategories>
  </ThingDef>










</ThingDefs>
