﻿<?xml version="1.0" encoding="utf-8" ?>
<ThingDefs>

  <ThingDef Name="ApparelBase" Abstract="True">
    <thingClass>Apparel</thingClass>
    <category>Item</category>
    <selectable>True</selectable>
    <pathCost>10</pathCost>
    <useHitPoints>True</useHitPoints>
    <graphicData>
      <onGroundRandomRotateAngle>35</onGroundRandomRotateAngle>
    </graphicData>
    <drawGUIOverlay>true</drawGUIOverlay>
    <statBases>
      <MaxHitPoints>100</MaxHitPoints>
      <Flammability>1.0</Flammability>
      <DeteriorationRate>1</DeteriorationRate>
      <SellPriceFactor>0.5</SellPriceFactor>
    </statBases>
    <thingCategories>
      <li>Headgear</li><!--changed from Apparellohats-->
    </thingCategories>
    <altitudeLayer>Item</altitudeLayer>
    <alwaysHaulable>True</alwaysHaulable>
    <tickerType>Never</tickerType>
    <comps>
      <li>
        <compClass>CompForbiddable</compClass>
      </li>
      <li>
        <compClass>CompColorable</compClass>
      </li>
      <li>
        <compClass>CompQuality</compClass>
      </li>
    </comps>
  </ThingDef>


  <ThingDef ParentName="ApparelBase">
    <defName>Apparello_ViperGas</defName>
    <label>Gasmask Mark 5</label>
    <description>The 'Lefant Industries' Gasmask (Or the "Elephant mask" as it is more commonly known as) was heavily used by the most military outfits, until one very fatal design flaw was found.
The air filters would get caught in closing elevator hatches and ladder steps or rungs while descending.</description>
    <graphicData>
      <texPath>AdditionalTextures/ViperlolsGasmask</texPath>
      <graphicClass>Graphic_Single</graphicClass>
    </graphicData>
    <statBases>
      <MarketValue>300</MarketValue>
      <ArmorRating_Blunt>0.3</ArmorRating_Blunt>
      <ArmorRating_Sharp>0.25</ArmorRating_Sharp>
      <Insulation_Heat>-7</Insulation_Heat>
      <Insulation_Cold>-5</Insulation_Cold>
    </statBases>
    <equippedStatOffsets>
      <SocialImpact>-0.05</SocialImpact>
      <MentalBreakThreshold>-0.05</MentalBreakThreshold>
    </equippedStatOffsets>
    <apparel>
      <bodyPartGroups>
        <li>FullHead</li>
      </bodyPartGroups>
      <worngraphicPath>AdditionalTextures/ViperlolsGasmask</worngraphicPath>
      <layers>
        <li>Overhead</li>
      </layers>
      <commonality>1</commonality>
      <tags>
        <li>Military</li>
      </tags>
      <defaultOutfitTags>
        <li>Soldier</li>
      </defaultOutfitTags>
    </apparel>
    <colorGenerator Class="ColorGenerator_Options">
      <options>
        <li>
          <weight>4</weight>
          <only>RGBA(1,1,1,1)</only>
        </li>
      </options>
    </colorGenerator>
  </ThingDef>


  <ThingDef ParentName="ApparelBase">
    <defName>Apparello_ViperGasTwo</defName>
    <label>Hooded gasmask Mark 5</label>
    <description>The 'Lefant Industries' Gasmask (Or the "Elephant mask" as it is more commonly known as) was heavily used by the most military outfits, until one very fatal design flaw was found.
The air filters would get caught in closing elevator hatches and ladder steps or rungs while descending. This one is hooded! It's pretty warm</description>
    <graphicData>
      <texPath>AdditionalTextures/ChikiBriki</texPath>
      <graphicClass>Graphic_Single</graphicClass>
    </graphicData>
    <statBases>
      <MarketValue>355</MarketValue>
      <ArmorRating_Blunt>0.35</ArmorRating_Blunt>
      <ArmorRating_Sharp>0.28</ArmorRating_Sharp>
      <Insulation_Heat>-8</Insulation_Heat>
      <Insulation_Cold>-10</Insulation_Cold>
    </statBases>
    <equippedStatOffsets>
      <SocialImpact>-0.02</SocialImpact>
      <MentalBreakThreshold>-0.07</MentalBreakThreshold>
      <ComfyTemperatureMin>-5</ComfyTemperatureMin>
    </equippedStatOffsets>
    <apparel>
      <bodyPartGroups>
        <li>FullHead</li>
      </bodyPartGroups>
      <worngraphicPath>AdditionalTextures/ChikiBriki</worngraphicPath>
      <layers>
        <li>Overhead</li>
      </layers>
      <commonality>1</commonality>
      <tags>
        <li>Military</li>
      </tags>
      <defaultOutfitTags>
        <li>Soldier</li>
      </defaultOutfitTags>
    </apparel>
    <colorGenerator Class="ColorGenerator_Options">
      <options>
        <li>
          <weight>4</weight>
          <only>RGBA(1,1,1,1)</only>
        </li>
      </options>
    </colorGenerator>
  </ThingDef>

</ThingDefs>
