﻿<?xml version="1.0" encoding="utf-8" ?>
<ThingDefs>

  <ThingDef Name="ApparelBase" Abstract="True">
    <thingClass>Apparel</thingClass>
    <category>Item</category>
    <selectable>True</selectable>
    <pathCost>10</pathCost>
    <useHitPoints>True</useHitPoints>
    <graphicData>
      <onGroundRandomRotateAngle>35</onGroundRandomRotateAngle>
    </graphicData>
    <drawGUIOverlay>true</drawGUIOverlay>
    <statBases>
      <MaxHitPoints>100</MaxHitPoints>
      <Flammability>1.0</Flammability>
      <DeteriorationRate>1</DeteriorationRate>
      <SellPriceFactor>0.5</SellPriceFactor>
    </statBases>
    <thingCategories>
      <li>Headgear</li><!--changed from Apparellohats-->
    </thingCategories>
    <altitudeLayer>Item</altitudeLayer>
    <alwaysHaulable>True</alwaysHaulable>
    <tickerType>Never</tickerType>
    <comps>
      <li>
        <compClass>CompForbiddable</compClass>
      </li>
      <li>
        <compClass>CompColorable</compClass>
      </li>
      <li>
        <compClass>CompQuality</compClass>
      </li>
    </comps>
  </ThingDef>

  <ThingDef Name="ApparelloLoomins" ParentName="ApparelBase" Abstract="True">
    <recipeMaker>
      <workSpeedStat>TailoringSpeed</workSpeedStat>
      <workSkill>Crafting</workSkill>
      <effectWorking>Repair</effectWorking>
      <soundWorking>Recipe_Tailor</soundWorking>
      <recipeUsers>
        <li>ApparelloTableLoom</li>
      </recipeUsers>
    </recipeMaker>
  </ThingDef>

  <ThingDef Name="ApparelloComburthwartle" ParentName="ApparelBase" Abstract="True">
    <tradeability>Sellable</tradeability>
    <recipeMaker>
      <workSpeedStat>TailoringSpeed</workSpeedStat>
      <workSkill>Crafting</workSkill>
      <effectWorking>Repair</effectWorking>
      <soundWorking>Recipe_Tailor</soundWorking>
      <recipeUsers>
        <li>ApparelloCombiner</li>
      </recipeUsers>
    </recipeMaker>
  </ThingDef>


  <ThingDef Name="ApparelMakeableBase" ParentName="ApparelBase" Abstract="True">
    <recipeMaker>
      <workSpeedStat>TailoringSpeed</workSpeedStat>
      <workSkill>Crafting</workSkill>
      <effectWorking>Tailor</effectWorking>
      <soundWorking>Recipe_Tailor</soundWorking>
      <recipeUsers>
        <li>TableTailor</li>
      </recipeUsers>
      <unfinishedThingDef>UnfinishedApparel</unfinishedThingDef>
    </recipeMaker>
  </ThingDef>




  <ThingDef ParentName="ApparelBase">
    <defName>Apparello_Hivehat</defName>
    <label>Hive helmet</label>
    <description>Coupled with the Hive armor, the beastly visage of this helmet could very well cause that 'wet trousers' symptom in your foes</description>
    <graphicData>
      <texPath>Hats/Display/Hivehat</texPath>
      <graphicClass>Graphic_Single</graphicClass>
    </graphicData>
    <statBases>
      <MarketValue>2401</MarketValue>
      <ArmorRating_Blunt>0.35</ArmorRating_Blunt>
      <ArmorRating_Sharp>0.6</ArmorRating_Sharp>
      <ArmorRating_Heat>0.5</ArmorRating_Heat>
      <ArmorRating_Electric>0</ArmorRating_Electric>
      <Insulation_Heat>-3</Insulation_Heat>
      <Insulation_Cold>-3</Insulation_Cold>
      <DeteriorationRate>0.4</DeteriorationRate>
      <MaxHitPoints>200</MaxHitPoints>
    </statBases>
    <equippedStatOffsets>
      <PsychicSensitivity>-0.10</PsychicSensitivity>
      <MoveSpeed>-0.04</MoveSpeed>
    </equippedStatOffsets>
    <apparel>
      <bodyPartGroups>
        <li>FullHead</li>
      </bodyPartGroups>
      <worngraphicPath>Hats/Hivehat</worngraphicPath>
      <layers>
        <li>Overhead</li>
      </layers>
      <commonality>1</commonality>
      <tags>
        <li>Spacer</li>
      </tags>
      <defaultOutfitTags>
        <li>Soldier</li>
      </defaultOutfitTags>
    </apparel>
		<colorGenerator Class="ColorGenerator_Options">
			<options>
				<li>
					<weight>20</weight>
					<only>RGBA(1,1,1,1)</only>
				</li>
				<li>
					<weight>5</weight>
					<max>RGBA(1,1,1,1)</max>
					<min>RGBA(0.30,0.30,0.30,1)</min>
				</li>				
			</options>
		</colorGenerator>
  </ThingDef>






  <ThingDef ParentName="ApparelBase">
    <defName>Apparello_Hivehell</defName>
    <label>Steam helmet</label>
    <description>Bulky headgear designed to match the steamhull. For some reason it reminds everyone of a choo choo train, huh.</description>
    <graphicData>
      <texPath>Hats/Display/SteamHell</texPath>
      <graphicClass>Graphic_Single</graphicClass>
    </graphicData>
    <statBases>
      <MarketValue>2901</MarketValue>
      <ArmorRating_Blunt>0.5</ArmorRating_Blunt>
      <ArmorRating_Sharp>0.5</ArmorRating_Sharp>
      <ArmorRating_Heat>0.3</ArmorRating_Heat>
      <ArmorRating_Electric>0</ArmorRating_Electric>
      <Insulation_Heat>-3</Insulation_Heat>
      <Insulation_Cold>-8</Insulation_Cold>
      <DeteriorationRate>0.4</DeteriorationRate>
      <MaxHitPoints>400</MaxHitPoints>
    </statBases>
    <equippedStatOffsets>
      <PsychicSensitivity>-0.10</PsychicSensitivity>
      <ShootingAccuracy>0.07</ShootingAccuracy>
    </equippedStatOffsets>
    <apparel>
      <bodyPartGroups>
        <li>FullHead</li>
      </bodyPartGroups>
      <worngraphicPath>Hats/SteamHell</worngraphicPath>
      <layers>
        <li>Overhead</li>
      </layers>
      <commonality>1</commonality>
      <tags>
        <li>Spacer</li>
      </tags>
      <defaultOutfitTags>
        <li>Soldier</li>
      </defaultOutfitTags>
    </apparel>
		<colorGenerator Class="ColorGenerator_Options">
			<options>
				<li>
					<weight>20</weight>
					<only>RGBA(1,1,1,1)</only>
				</li>
				<li>
					<weight>5</weight>
					<max>RGBA(1,1,1,1)</max>
					<min>RGBA(0.30,0.30,0.30,1)</min>
				</li>				
			</options>
		</colorGenerator>
    <thingCategories>
      <li>ApparelloSetRachel</li>
    </thingCategories>
  </ThingDef>







  <ThingDef ParentName="ApparelBase">
    <defName>Apparello_Mojo</defName>
    <label>Tribal Mask</label>
    <description>Basic tribal mask, for that wooden impression.</description>
    <graphicData>
      <texPath>Hats/Display/Mojo</texPath>
      <graphicClass>Graphic_Single</graphicClass>
    </graphicData>
    <costStuffCount>25</costStuffCount>
    <stuffCategories>
      <li>Leathery</li>
    </stuffCategories>
    <statBases>
      <ArmorRating_Blunt>0.11</ArmorRating_Blunt>
      <ArmorRating_Sharp>0.02</ArmorRating_Sharp>
      <ArmorRating_Heat>-0.5</ArmorRating_Heat>
    </statBases>
    <equippedStatOffsets>
      <PsychicSensitivity>-0.05</PsychicSensitivity>
      <GiftImpact>0.10</GiftImpact>
    </equippedStatOffsets>
    <apparel>
      <bodyPartGroups>
        <li>FullHead</li>
      </bodyPartGroups>
      <worngraphicPath>Hats/Mojo</worngraphicPath>
      <layers>
        <li>Overhead</li>
      </layers>
      <commonality>1</commonality>
      <tags>
        <li>Tribal</li>
      </tags>
    </apparel>
		<colorGenerator Class="ColorGenerator_Options">
			<options>
				<li>
					<weight>5</weight>
					<max>RGBA(1,1,1,1)</max>
					<min>RGBA(0.30,0.30,0.30,1)</min>
				</li>				
			</options>
		</colorGenerator>
    <thingCategories>
      <li>ApparelloSetDiplomat</li>
    </thingCategories>
  </ThingDef>











  <ThingDef ParentName="ApparelBase">
    <defName>Apparello_LPow</defName>
    <label>light power armor helmet</label>
    <description>A part of powered light armor set, mostly used by light infantry.</description>
    <graphicData>
      <texPath>Hats/Display/LPow</texPath>
      <graphicClass>Graphic_Single</graphicClass>
    </graphicData>
    <costStuffCount>60</costStuffCount>
    <comps>
      <li>
        <compClass>CompColorable</compClass>
      </li>
    </comps>
    <stuffCategories>
      <li>Metallic</li>
    </stuffCategories>
    <statBases>
      <ArmorRating_Blunt>0.1</ArmorRating_Blunt>
      <ArmorRating_Sharp>0.25</ArmorRating_Sharp>
      <MaxHitPoints>135</MaxHitPoints>
    </statBases>
    <equippedStatOffsets>
      <MoveSpeed>-0.04</MoveSpeed>
      <PsychicSensitivity>-0.10</PsychicSensitivity>
    </equippedStatOffsets>
    <apparel>
      <bodyPartGroups>
        <li>FullHead</li>
      </bodyPartGroups>
      <worngraphicPath>Hats/LPow</worngraphicPath>
      <layers>
        <li>Overhead</li>
      </layers>
      <commonality>1</commonality>
      <tags>
        <li>Military</li>
        <li>Spacer</li>
      </tags>
      <defaultOutfitTags>
        <li>Soldier</li>
      </defaultOutfitTags>
    </apparel>
    <colorGenerator Class="ColorGenerator_Options">
      <options>
				<li>
					<weight>10</weight>
					<only>RGBA(0,0.75,1,1)</only>
				</li>
				<li>
					<weight>10</weight>
					<only>RGBA(0.65,0,0.65,1)</only>
				</li>
				<li>
					<weight>5</weight>
					<max>RGBA(1,1,1,1)</max>
					<min>RGBA(0.35,0.35,0.35,1)</min>
				</li>	
				<li>
					<weight>20</weight>
					<only>RGBA(0.33,0.33,0.33,1)</only>
				</li>
				<li>
					<weight>20</weight>
					<only>RGBA(0.65,0.65,0.65,1)</only>
				</li>
				<li>
					<weight>20</weight>
					<only>RGBA(0.9,0.9,0.9,1)</only>
				</li>	
      </options>
    </colorGenerator>
  </ThingDef>






  <ThingDef ParentName="ApparelBase">
    <defName>Apparello_LPowII</defName>
    <label>fancy light power armor helmet</label>
    <description>A part of powered light armor set, mostly used by light infantry. This particular one has been "fancified" with mohawk</description>
    <graphicData>
      <texPath>Hats/Display/Mohat</texPath>
      <graphicClass>Graphic_Single</graphicClass>
    </graphicData>
    <comps>
      <li>
        <compClass>CompColorable</compClass>
      </li>
    </comps>
    <statBases>
      <MarketValue>800</MarketValue>
      <ArmorRating_Blunt>0.1</ArmorRating_Blunt>
      <ArmorRating_Sharp>0.25</ArmorRating_Sharp>
      <MaxHitPoints>135</MaxHitPoints>
    </statBases>
    <equippedStatOffsets>
      <MoveSpeed>-0.04</MoveSpeed>
      <PsychicSensitivity>-0.10</PsychicSensitivity>
    </equippedStatOffsets>
    <apparel>
      <bodyPartGroups>
        <li>FullHead</li>
      </bodyPartGroups>
      <worngraphicPath>Hats/Mohat</worngraphicPath>
      <layers>
        <li>Overhead</li>
      </layers>
      <commonality>1</commonality>
      <tags>
        <li>Military</li>
      </tags>
      <defaultOutfitTags>
        <li>Soldier</li>
      </defaultOutfitTags>
    </apparel>
    <colorGenerator Class="ColorGenerator_Options">
      <options>
				<li>
					<weight>10</weight>
					<only>RGBA(0,0.75,1,1)</only>
				</li>
				<li>
					<weight>10</weight>
					<only>RGBA(0.65,0,0.65,1)</only>
				</li>
				<li>
					<weight>5</weight>
					<max>RGBA(1,1,1,1)</max>
					<min>RGBA(0.35,0.35,0.35,1)</min>
				</li>	
				<li>
					<weight>20</weight>
					<only>RGBA(0.33,0.33,0.33,1)</only>
				</li>
				<li>
					<weight>20</weight>
					<only>RGBA(0.65,0.65,0.65,1)</only>
				</li>
				<li>
					<weight>20</weight>
					<only>RGBA(0.9,0.9,0.9,1)</only>
				</li>	
      </options>
    </colorGenerator>
  </ThingDef>









  <ThingDef ParentName="ApparelMakeableBase">
    <defName>Apparello_Bucket</defName>
    <label>Bucket</label>
    <description>For keeping up appereances. And I think you'll find it's actually pronounced bouquet - not bucket.</description>
    <graphicData>
      <texPath>Hats/Display/Buccee</texPath>
      <graphicClass>Graphic_Single</graphicClass>
    </graphicData>
    <costStuffCount>15</costStuffCount>
    <stuffCategories>
      <li>Woody</li>
      <li>Metallic</li>
    </stuffCategories>
    <statBases>
      <ArmorRating_Blunt>0.05</ArmorRating_Blunt>
      <ArmorRating_Sharp>0.01</ArmorRating_Sharp>
      <MaxHitPoints>80</MaxHitPoints>
    </statBases>
    <equippedStatOffsets>
      <SocialImpact>-0.02</SocialImpact>
    </equippedStatOffsets>
    <apparel>
      <bodyPartGroups>
        <li>UpperHead</li>
      </bodyPartGroups>
      <worngraphicPath>Hats/Buccee</worngraphicPath>
      <layers>
        <li>Overhead</li>
      </layers>
      <commonality>1</commonality>
      <tags>
        <li>CraftedHelmet</li>
      </tags>
    </apparel>
    <colorGenerator Class="ColorGenerator_Options">
      <options>
				<li>
					<weight>10</weight>
					<only>RGBA(1,1,1,1)</only>
				</li>
      </options>
    </colorGenerator>
  </ThingDef>







  <ThingDef ParentName="ApparelloComburthwartle">
    <defName>Apparello_Docteur</defName>
    <label>Surgeon's headgear</label>
    <description>When fiddling with someone else's vital organs, sanitary equipment is crucial. Wearing these enhances the doctor's sight with the amplifier modules on the goggles.
And the surgical mask prevents unwanted bacteria entering the vic.. patient</description>
    <graphicData>
      <texPath>Hats/Display/Dochat</texPath>
      <graphicClass>Graphic_Single</graphicClass>
    </graphicData>
    <costList>
      <Medicine>2</Medicine>
      <Compaste>1</Compaste>
      <Apparello_Goggles>1</Apparello_Goggles>
    </costList>
    <statBases>
      <ArmorRating_Blunt>0.01</ArmorRating_Blunt>
      <ArmorRating_Sharp>0.01</ArmorRating_Sharp>
      <DeteriorationRate>0.2</DeteriorationRate>
    </statBases>
    <equippedStatOffsets>
      <BaseHealingQuality>0.10</BaseHealingQuality>
      <MedicalOperationSpeed>0.10</MedicalOperationSpeed>
    </equippedStatOffsets>
    <apparel>
      <bodyPartGroups>
        <li>FullHead</li>
      </bodyPartGroups>
      <worngraphicPath>Hats/Dochat</worngraphicPath>
      <layers>
        <li>Overhead</li>
      </layers>
      <commonality>1</commonality>
      <tags>
        <li>SetMedical</li>
      </tags>
    </apparel>
    <colorGenerator Class="ColorGenerator_Options">
      <options>
				<li>
					<weight>10</weight>
					<only>RGBA(1,1,1,1)</only>
				</li>
      </options>
    </colorGenerator>
    <thingCategories>
      <li>ApparelloMedicalSet</li>
    </thingCategories>
  </ThingDef>










  <ThingDef ParentName="ApparelloComburthwartle">
    <defName>Apparello_Chefhatplus</defName>
    <label>Tinkercraft Chefhat</label>
    <description>Armed with timers and very basic scent-detector helps anyone cook the meals just right. The chef hat on it is just for declaring the purpose of this headgear</description>
    <graphicData>
      <texPath>Hats/Display/Chefplus</texPath>
      <graphicClass>Graphic_Single</graphicClass>
    </graphicData>
    <costList>
      <ApparelloWhizbang>2</ApparelloWhizbang>
      <Compaste>1</Compaste>
      <Apparello_Chefhat>1</Apparello_Chefhat>
    </costList>
    <statBases>
      <ArmorRating_Blunt>0.15</ArmorRating_Blunt>
      <ArmorRating_Sharp>0.25</ArmorRating_Sharp>
      <DeteriorationRate>0.1</DeteriorationRate>
      <MaxHitPoints>123</MaxHitPoints>
    </statBases>
    <equippedStatOffsets>
      <CookSpeed>0.20</CookSpeed>
    </equippedStatOffsets>
    <apparel>
      <bodyPartGroups>
        <li>FullHead</li>
      </bodyPartGroups>
      <worngraphicPath>Hats/Chefplus</worngraphicPath>
      <layers>
        <li>Overhead</li>
      </layers>
      <commonality>1</commonality>
      <tags>
        <li>SetChefPlus</li>
      </tags>
      <defaultOutfitTags>
        <li>Worker</li>
      </defaultOutfitTags>
    </apparel>
    <colorGenerator Class="ColorGenerator_Options">
      <options>
				<li>
					<weight>10</weight>
					<only>RGBA(1,1,1,1)</only>
				</li>
      </options>
    </colorGenerator>
    <thingCategories>
      <li>ApparelloSetCookie</li>
    </thingCategories>
  </ThingDef>








  <ThingDef ParentName="ApparelBase">
    <defName>Apparello_Proto</defName>
    <label>Prototype nerve-enhancer</label>
    <description>Prototype of very innovative headgear aimed to enhance synaptic reaction rates. It has some very unsavory side effects such as overbearing nervousness, Ringing ears, strange background noises and/or voices.</description>
    <graphicData>
      <texPath>Hats/Display/Proto</texPath>
      <graphicClass>Graphic_Single</graphicClass>
    </graphicData>
    <tradeability>Sellable</tradeability>
    <costList>
      <ApparelloWhizbang>3</ApparelloWhizbang>
      <Compaste>1</Compaste>
      <Hexcell>1</Hexcell>
      <Apparel_PowerArmorHelmet>1</Apparel_PowerArmorHelmet>
    </costList>
    <statBases>
      <ArmorRating_Blunt>0.03</ArmorRating_Blunt>
      <ArmorRating_Sharp>0.03</ArmorRating_Sharp>
      <DeteriorationRate>0</DeteriorationRate>
      <MaxHitPoints>2000</MaxHitPoints>
    </statBases>
    <equippedStatOffsets>
      <AimingDelayFactor>-0.15</AimingDelayFactor>
      <WorkSpeedGlobal>0.1</WorkSpeedGlobal>
      <MoveSpeed>-0.15</MoveSpeed>
      <GlobalLearningFactor>0.02</GlobalLearningFactor>
      <MentalBreakThreshold>0.55</MentalBreakThreshold>
      <PsychicSensitivity>-0.1</PsychicSensitivity>
    </equippedStatOffsets>
    <apparel>
      <bodyPartGroups>
        <li>FullHead</li>
      </bodyPartGroups>
      <worngraphicPath>Hats/Proto</worngraphicPath>
      <layers>
        <li>Overhead</li>
      </layers>
      <commonality>1</commonality>
      <tags>
        <li>Prototype</li>
      </tags>
      <defaultOutfitTags>
        <li>Worker</li>
      </defaultOutfitTags>
    </apparel>
    <colorGenerator Class="ColorGenerator_Options">
      <options>
				<li>
					<weight>10</weight>
					<only>RGBA(1,1,1,1)</only>
				</li>
      </options>
    </colorGenerator>
    <thingCategories>
      <li>ApparelloCrafterSet</li>
    </thingCategories>
  </ThingDef>







  <ThingDef ParentName="ApparelBase">
    <defName>Apparello_ProtoFin</defName>
    <label>Nerve-enhancer</label>
    <description>Very innovative headgear aimed to enhance synaptic reaction rates. It still has some very unsavory side effects although not as bad as before. placing the advanced AI core on it seemed to work out most of the kinks. Unfortunately the AI core also amplifies wearer psychic sensitivity, leaving them extremely vulnerable to psychic powers</description>
    <graphicData>
      <texPath>Hats/Display/PowerAI</texPath>
      <graphicClass>Graphic_Single</graphicClass>
    </graphicData>
    <tradeability>Sellable</tradeability>
    <costList>
      <Apparello_Proto>1</Apparello_Proto>
      <Plasteel>5</Plasteel>
      <Hexcell>2</Hexcell>
      <AIPersonaCore>1</AIPersonaCore>
      <Apparel_PowerArmorHelmet>1</Apparel_PowerArmorHelmet>
    </costList>
    <statBases>
      <ArmorRating_Blunt>0.35</ArmorRating_Blunt>
      <ArmorRating_Sharp>0.6</ArmorRating_Sharp>
      <ArmorRating_Heat>0.5</ArmorRating_Heat>
      <ArmorRating_Electric>-1</ArmorRating_Electric>
      <DeteriorationRate>0</DeteriorationRate>
      <MaxHitPoints>2000</MaxHitPoints>
    </statBases>
    <equippedStatOffsets>
      <AimingDelayFactor>-0.15</AimingDelayFactor>
      <WorkSpeedGlobal>0.1</WorkSpeedGlobal>
      <MoveSpeed>-0.2</MoveSpeed>
      <GlobalLearningFactor>0.03</GlobalLearningFactor>
      <MentalBreakThreshold>0.35</MentalBreakThreshold>
      <PsychicSensitivity>1</PsychicSensitivity>
    </equippedStatOffsets>
    <apparel>
      <bodyPartGroups>
        <li>FullHead</li>
      </bodyPartGroups>
      <worngraphicPath>Hats/PowerAI</worngraphicPath>
      <layers>
        <li>Overhead</li>
      </layers>
      <commonality>1</commonality>
      <tags>
        <li>Prototype</li>
      </tags>
      <defaultOutfitTags>
        <li>Worker</li>
      </defaultOutfitTags>
    </apparel>
    <colorGenerator Class="ColorGenerator_Options">
      <options>
				<li>
					<weight>10</weight>
					<only>RGBA(1,1,1,1)</only>
				</li>
      </options>
    </colorGenerator>
    <thingCategories>
      <li>ApparelloCrafterSet</li>
    </thingCategories>
  </ThingDef>









  <ThingDef ParentName="ApparelBase">
    <defName>Apparello_Antsyhat</defName>
    <label>AI Core nerve-enhancer</label>
    <description>Very curious piece of technology, the final iteration of the prototype. Negates the awkward effects even further.</description>
    <graphicData>
      <texPath>Hats/Display/Antsyhat</texPath>
      <graphicClass>Graphic_Single</graphicClass>
    </graphicData>
    <tradeability>Sellable</tradeability>
    <costList>
      <Hexcell>2</Hexcell>
      <ApparelloWhizbang>3</ApparelloWhizbang>
      <HiveHelmSchem>1</HiveHelmSchem>
      <Plasteel>50</Plasteel>
      <AIPersonaCore>1</AIPersonaCore>
    </costList>
    <statBases>
      <ArmorRating_Blunt>0.55</ArmorRating_Blunt>
      <ArmorRating_Sharp>0.7</ArmorRating_Sharp>
      <ArmorRating_Heat>0.5</ArmorRating_Heat>
      <ArmorRating_Electric>-1</ArmorRating_Electric>
    </statBases>
    <equippedStatOffsets>
      <AimingDelayFactor>-0.15</AimingDelayFactor>
      <WorkSpeedGlobal>0.1</WorkSpeedGlobal>
      <MoveSpeed>-0.2</MoveSpeed>
      <GlobalLearningFactor>0.05</GlobalLearningFactor>
      <MentalBreakThreshold>0.15</MentalBreakThreshold>
      <PsychicSensitivity>1</PsychicSensitivity>
      <DeteriorationRate>0</DeteriorationRate>
      <MaxHitPoints>2000</MaxHitPoints>
    </equippedStatOffsets>
    <apparel>
      <bodyPartGroups>
        <li>FullHead</li>
      </bodyPartGroups>
      <worngraphicPath>Hats/Antsyhat</worngraphicPath>
      <layers>
        <li>Overhead</li>
      </layers>
      <commonality>1</commonality>
      <tags>
        <li>Unique</li>
      </tags>
      <defaultOutfitTags>
        <li>Worker</li>
      </defaultOutfitTags>
    </apparel>
		<colorGenerator Class="ColorGenerator_Options">
			<options>
				<li>
					<weight>20</weight>
					<only>RGBA(1,1,1,1)</only>
				</li>
				<li>
					<weight>5</weight>
					<max>RGBA(1,1,1,1)</max>
					<min>RGBA(0.30,0.30,0.30,1)</min>
				</li>				
			</options>
		</colorGenerator>
    <thingCategories>
      <li>ApparelloCrafterSet</li>
    </thingCategories>
  </ThingDef>





<!-- Kinetic Repulsor -->

</ThingDefs>
