﻿<?xml version="1.0" encoding="utf-8" ?>
<GameData>


  <ThingDef Name="ResourceBase" Abstract="True">
    <thingClass>ThingWithComps</thingClass>
    <label>unspecified resource</label>
    <category>Item</category>
    <resourceReadoutPriority>Middle</resourceReadoutPriority>
    <useHitPoints>true</useHitPoints>
    <statBases>
      <Flammability>1.0</Flammability>
    </statBases>
    <selectable>true</selectable>
    <altitudeLayer>Item</altitudeLayer>
    <stackLimit>75</stackLimit>
    <comps>
      <li>
        <compClass>CompForbiddable</compClass>
      </li>
    </comps>
    <alwaysHaulable>true</alwaysHaulable>
    <drawGUIOverlay>true</drawGUIOverlay>
    <rotatable>false</rotatable>
    <pathCost>15</pathCost>
  </ThingDef>



  <!--=============== ITEEEMMMSSS-AH! ====================-->

  <ThingDef ParentName="ResourceBase">
    <defName>Hexcell</defName>
    <label>Hex-Cell</label>
    <description>A compact energy storing device, generally used for powering advanced weaponry or the shock absorbers in powered armor</description>
    <graphicData>
      <texPath>Tables/HexCell</texPath>
      <graphicClass>Graphic_Single</graphicClass>
    </graphicData>
    <stackLimit>10</stackLimit>
    <tradeNeverStack>true</tradeNeverStack>
    <useHitPoints>true</useHitPoints>
    <statBases>
      <MarketValue>550</MarketValue>
    </statBases>
    <thingCategories>
      <li>CraftingComponents</li><!--changed from Items-->
    </thingCategories>
    <tradeTags>
      <li>Exotic</li>
    </tradeTags>
  </ThingDef>


 <ThingDef ParentName="ResourceBase">
    <defName>Compaste</defName>
    <label>Compound paste</label>
    <description>Bottle of compound paste, used for various crafting processes. DO NOT DRINK and avoid sticking your fingers on surfaces after use.</description>
    <graphicData>
      <texPath>Tables/CompoundPaste</texPath>
      <graphicClass>Graphic_Single</graphicClass>
    </graphicData>
    <tradeNeverStack>true</tradeNeverStack>
    <useHitPoints>true</useHitPoints>
    <statBases>
      <MarketValue>50</MarketValue>
    </statBases>
    <thingCategories>
      <li>CraftingComponents</li><!--changed from Items-->
    </thingCategories>
    <tradeTags>
      <li>Exotic</li>
    </tradeTags>
  </ThingDef>

 <ThingDef ParentName="ResourceBase">
    <defName>ApparelloWhizbang</defName>
    <label>Pile of gadgets</label>
    <description>Pile of gizmos, gadgets, servos, pistons, cogs, gears, wiring and whatnot. Used for upgrading some apparel with improved performance</description>
    <graphicData>
      <texPath>Tables/Whizbang</texPath>
      <graphicClass>Graphic_Single</graphicClass>
    </graphicData>
    <tradeNeverStack>true</tradeNeverStack>
    <useHitPoints>true</useHitPoints>
    <thingCategories>
      <li>CraftingComponents</li><!--changed from Items-->
    </thingCategories>
    <tradeTags>
      <li>Exotic</li>
    </tradeTags>
    <statBases>
      <MarketValue>150</MarketValue>
    </statBases>
    <stuffProps>
      <stuffAdjective>Legendary</stuffAdjective>
      <color>(255,50,150)</color>
      <statOffsets>
        <ArmorRating_Blunt>0.01</ArmorRating_Blunt>
        <ArmorRating_Sharp>0.01</ArmorRating_Sharp>
        <ArmorRating_Heat>0.01</ArmorRating_Heat>
        <ArmorRating_Electric>0.01</ArmorRating_Electric>
      </statOffsets>
      <statFactors>
        <ArmorRating_Blunt>1</ArmorRating_Blunt>
        <ArmorRating_Sharp>1</ArmorRating_Sharp>
        <ArmorRating_Heat>1</ArmorRating_Heat>
        <ArmorRating_Electric>1</ArmorRating_Electric>
      </statFactors>
    </stuffProps>
  </ThingDef>



  <ThingDef ParentName="ResourceBase">
    <defName>SchemKit</defName>
    <label>Schematic kit</label>
    <description>Tools required for making schematics </description>
    <graphicData>
      <texPath>Tables/SchematicsKit</texPath>
      <graphicClass>Graphic_Single</graphicClass>
    </graphicData>
    <tradeNeverStack>true</tradeNeverStack>
    <useHitPoints>true</useHitPoints>
    <statBases>
      <MarketValue>150</MarketValue>
    </statBases>
    <thingCategories>
      <li>CraftingComponents</li><!--changed from Items-->
    </thingCategories>
    <tradeTags>
      <li>Exotic</li>
    </tradeTags>
  </ThingDef>


  <!--=============== Schematics ====================-->


  <ThingDef Name="SchemBase" Abstract="True">
    <thingClass>ThingWithComps</thingClass>
    <label>unspecified resource</label>
    <category>Item</category>
    <resourceReadoutPriority>Middle</resourceReadoutPriority>
    <useHitPoints>true</useHitPoints>
    <statBases>
      <Flammability>1.0</Flammability>
    </statBases>
    <selectable>true</selectable>
    <altitudeLayer>Item</altitudeLayer>
    <stackLimit>75</stackLimit>
    <comps>
      <li>
        <compClass>CompForbiddable</compClass>
      </li>
    </comps>
    <alwaysHaulable>true</alwaysHaulable>
    <drawGUIOverlay>true</drawGUIOverlay>
    <rotatable>false</rotatable>
    <pathCost>5</pathCost>
    <tradeability>Never</tradeability>
  </ThingDef>


<!-- Schems -->





  <ThingDef ParentName="SchemBase">
    <defName>ScySchem</defName>
    <label>Schematic: Scyther frame</label>
    <description>Schematic required for the construction of Scyther frame</description>
    <graphicData>
      <texPath>Tables/Schematic2</texPath>
      <graphicClass>Graphic_Single</graphicClass>
    </graphicData>
    <stackLimit>1</stackLimit>
    <tradeNeverStack>true</tradeNeverStack>
    <useHitPoints>true</useHitPoints>
    <statBases>
      <MarketValue>50</MarketValue>
      <MaxHitPoints>20</MaxHitPoints>
    </statBases>
    <thingCategories>
      <li>Schematics</li><!--changed from Items-->
    </thingCategories>
    <drawGUIOverlay>false</drawGUIOverlay>
  </ThingDef>


  <ThingDef ParentName="SchemBase">
    <defName>HiveSchem</defName>
    <label>Schematic: Hive armor</label>
    <description>Schematic required for the construction of Hive armor</description>
    <graphicData>
      <texPath>Tables/Schematic</texPath>
      <graphicClass>Graphic_Single</graphicClass>
    </graphicData>
    <stackLimit>1</stackLimit>
    <tradeNeverStack>true</tradeNeverStack>
    <useHitPoints>true</useHitPoints>
    <statBases>
      <MarketValue>50</MarketValue>
      <MaxHitPoints>20</MaxHitPoints>
    </statBases>
    <thingCategories>
      <li>Schematics</li><!--changed from Items-->
    </thingCategories>
    <drawGUIOverlay>false</drawGUIOverlay>
  </ThingDef>


  <ThingDef ParentName="SchemBase">
    <defName>HiveHelmSchem</defName>
    <label>Schematic: Mechanoid helmets</label>
    <description>Schematic required for the construction of bunch of helmets</description>
    <graphicData>
      <texPath>Tables/Schematic3</texPath>
      <graphicClass>Graphic_Single</graphicClass>
    </graphicData>
    <stackLimit>1</stackLimit>
    <tradeNeverStack>true</tradeNeverStack>
    <useHitPoints>true</useHitPoints>
    <statBases>
      <MarketValue>50</MarketValue>
      <MaxHitPoints>20</MaxHitPoints>
    </statBases>
    <thingCategories>
      <li>Schematics</li><!--changed from Items-->
    </thingCategories>
    <drawGUIOverlay>false</drawGUIOverlay>
  </ThingDef>



  <ThingDef ParentName="SchemBase">
    <defName>GlitterSchem</defName>
    <label>Schematic bundle: Glitterworld tech</label>
    <description>Schematic required for the construction of the Power armor</description>
    <graphicData>
      <texPath>Tables/SchematicGlitter</texPath>
      <graphicClass>Graphic_Single</graphicClass>
    </graphicData>
    <stackLimit>1</stackLimit>
    <tradeNeverStack>true</tradeNeverStack>
    <useHitPoints>true</useHitPoints>
    <statBases>
      <MarketValue>50</MarketValue>
      <MaxHitPoints>20</MaxHitPoints>
    </statBases>
    <thingCategories>
      <li>Schematics</li><!--changed from Items-->
    </thingCategories>
    <drawGUIOverlay>false</drawGUIOverlay>
    <stuffProps>
      <stuffAdjective>Legendary</stuffAdjective>
      <color>(255,50,150)</color>
      <statOffsets>
        <ArmorRating_Blunt>0.01</ArmorRating_Blunt>
        <ArmorRating_Sharp>0.01</ArmorRating_Sharp>
        <ArmorRating_Heat>0.01</ArmorRating_Heat>
        <ArmorRating_Electric>0.01</ArmorRating_Electric>
      </statOffsets>
      <statFactors>
        <ArmorRating_Blunt>1</ArmorRating_Blunt>
        <ArmorRating_Sharp>1</ArmorRating_Sharp>
        <ArmorRating_Heat>1</ArmorRating_Heat>
        <ArmorRating_Electric>1</ArmorRating_Electric>
      </statFactors>
    </stuffProps>
  </ThingDef>

  <ThingDef ParentName="SchemBase">
    <defName>AISchem</defName>
    <label>Schematic: AI core Nerve-enhancer</label>
    <description>Blueprint of some sort of crazy headgear. It seems unlikely that it'd even work as advertised. "Pshaw! whoever came up with this idea is a nutjob!"</description>
    <graphicData>
      <texPath>Tables/SchematicAI</texPath>
      <graphicClass>Graphic_Single</graphicClass>
    </graphicData>
    <stackLimit>1</stackLimit>
    <tradeNeverStack>true</tradeNeverStack>
    <useHitPoints>true</useHitPoints>
    <statBases>
      <MarketValue>50</MarketValue>
      <MaxHitPoints>20</MaxHitPoints>
    </statBases>
    <thingCategories>
      <li>Schematics</li><!--changed from Items-->
    </thingCategories>
    <drawGUIOverlay>false</drawGUIOverlay>
  </ThingDef>

  <ThingDef ParentName="SchemBase">
    <defName>ShieldSchem</defName>
    <label>Schematic: Personal Shields</label>
    <description>Blueprint of personal shield, this technology could be applied to variety of things. Possibly. Maybe.</description>
    <graphicData>
      <texPath>Tables/SchematicShield</texPath>
      <graphicClass>Graphic_Single</graphicClass>
    </graphicData>
    <stackLimit>1</stackLimit>
    <tradeNeverStack>true</tradeNeverStack>
    <useHitPoints>true</useHitPoints>
    <statBases>
      <MarketValue>50</MarketValue>
      <MaxHitPoints>20</MaxHitPoints>
    </statBases>
    <thingCategories>
      <li>Schematics</li><!--changed from Items-->
    </thingCategories>
    <drawGUIOverlay>false</drawGUIOverlay>
  </ThingDef>

</GameData>
