﻿<?xml version="1.0" encoding="utf-8" ?>
<ThingDefs>



  <ThingDef Name="BuildingBase" Abstract="True">
    <category>Building</category>
    <soundImpactDefault>BulletImpactMetal</soundImpactDefault>
    <selectable>true</selectable>
    <drawerType>MapMeshAndRealTime</drawerType>
    <terrainAffordanceNeeded>Light</terrainAffordanceNeeded>
    <repairEffect>Repair</repairEffect>
    <leaveResourcesWhenKilled>true</leaveResourcesWhenKilled>
    <filthLeaving>BuildingRubble</filthLeaving>
  </ThingDef>


  <!-- ========================= Work tables ========================== -->



<!-- Item Shelf -->

  <ThingDef ParentName="BuildingBase">
    <defName>Item_shelf</defName>
    <label>equipment shelf</label>
    <thingClass>Building_Storage</thingClass>
    <graphicData>
      <texPath>Tables/SchemRack</texPath>
      <graphicClass>Graphic_Single</graphicClass>
      <drawSize>(4,1)</drawSize>
    </graphicData>
    <altitudeLayer>Waist</altitudeLayer>
    <passability>Impassable</passability>
    <castEdgeShadows>true</castEdgeShadows>
    <stuffCategories>
      <li>Metallic</li>
      <li>Woody</li>
      <li>Stony</li>
    </stuffCategories>
     <costStuffCount>60</costStuffCount>
    <statBases>
      <MaxHitPoints>100</MaxHitPoints>
      <WorkToMake>1100</WorkToMake>
      <Flammability>1.0</Flammability>
    </statBases>
    <DesignationCategory>Storage</DesignationCategory> <!--changed from Furniture-->
    <description>Haulers carry items here for storage.</description>
    <size>(4,1)</size>
    <building>
      <preventDeterioration>true</preventDeterioration>
      <fixedStorageSettings>
        <filter>
          <categories>
            <li>Items</li>
            <li>Manufactured</li>
            <li>Apparel</li>
          </categories>
        </filter>
      </fixedStorageSettings>
      <defaultStorageSettings>
        <priority>Important</priority>
        <filter>
          <categories>
            <li>Apparel</li>
          </categories>
        </filter>
      </defaultStorageSettings>
    </building>
	<researchPrerequisite>CraftingI</researchPrerequisite>
  </ThingDef><!--added prerequisite-->



<!-- Hyper Loom -->

<ThingDef ParentName="BuildingBase">
    <DefName>ApparelloTableLoom</DefName>
    <label>tailor's workstation</label>
    <ThingClass>Building_WorkTable</ThingClass>
    <Description>Loom and various advanced tailors' equipment.</Description>
    <graphicData>
      <texPath>Tables/Loom</texPath>
      <graphicClass>Graphic_Single</graphicClass>
      <drawSize>(3,2)</drawSize>
    </graphicData>
    <researchPrerequisite>APArmor</researchPrerequisite>
    <CostList>
      <WoodLog>15</WoodLog>
      <Steel>180</Steel>
    </CostList>
    <AltitudeLayer>Waist</AltitudeLayer>
    <useHitPoints>True</useHitPoints>
    <statBases>
      <WorkToMake>3000</WorkToMake>
      <MaxHitPoints>180</MaxHitPoints>
      <Flammability>1.0</Flammability>
    </statBases>
    <Size>(3,2)</Size>
    <DesignationCategory>ArmsProduction</DesignationCategory> <!--changed from Production-->
    <Passability>Impassable</Passability>
    <hasInteractionCell>True</hasInteractionCell>
    <interactionCellOffset>(0,0,-1)</interactionCellOffset>
    <surfaceType>Item</surfaceType>
    <recipes>
<!-- Mechanoid armor -->
      	<li>CraftHiveHelm</li>
      	<li>CraftHA</li>

      	<li>CraftScy</li>

<!-- Glitter armor -->
	<li>CraftPowerHelm</li>
	<li>CraftPowahrmoriusTwang</li>
	<li>CraftLPow</li>
        <li>CraftGShell</li>
   	<li>CraftGSpot</li>

<!-- Other -->

	<li>CraftPissyMissyMagnificent</li>

    </recipes>
    <inspectorTabs>
      <li>ITab_Bills</li>
    </inspectorTabs>
    <comps>
      <li>
        <compClass>CompPowerTrader</compClass>
        <startElectricalFires>true</startElectricalFires>
        <basePowerConsumption>400</basePowerConsumption>
        <soundPowerOn>PowerOnSmall</soundPowerOn>
        <soundPowerOff>PowerOffSmall</soundPowerOff>
      </li>
      <li>
        <compClass>CompGlower</compClass>
        <glowRadius>5</glowRadius>
        <glowColor>(73,123,138,0)</glowColor>
      </li>
    </comps>
    <building>
      <spawnedConceptLearnOpportunity>BillsTab</spawnedConceptLearnOpportunity>
    </building>
    <constructEffect>ConstructMetal</constructEffect>
  </ThingDef>





<!-- Assembler -->

<ThingDef ParentName="BuildingBase">
    <DefName>ApparelloCombiner</DefName>
    <label>SAR-Device Combination assembly</label>
    <ThingClass>Building_WorkTable</ThingClass>
    <Description>Advanced apparel combiner device with welding tools (SAR stands for 'Some assembly required')
The words "Singer Mark 8000 Deluxe (limited edition)" is inscribed on the side, Nobody knows why.</Description>
    <graphicData>
      <texPath>Tables/AssemblyTable</texPath>
      <graphicClass>Graphic_Single</graphicClass>
      <drawSize>(1,1)</drawSize>
    </graphicData>
    <researchPrerequisite>APCombine</researchPrerequisite>
    <CostList>
      <Steel>100</Steel>
    </CostList>
    <AltitudeLayer>Waist</AltitudeLayer>
    <useHitPoints>True</useHitPoints>
    <statBases>
      <WorkToMake>3000</WorkToMake>
      <MaxHitPoints>180</MaxHitPoints>
      <Flammability>1.0</Flammability>
    </statBases>
    <Size>(1,1)</Size>
    <DesignationCategory>ArmsProduction</DesignationCategory> <!--changed from Production-->
    <Passability>Impassable</Passability>
    <hasInteractionCell>True</hasInteractionCell>
    <interactionCellOffset>(0,0,-1)</interactionCellOffset>
    <surfaceType>Item</surfaceType>
    <recipes>
	<li>MakeHexcell</li>
	<li>MakeHexcellTwo</li>
	<li>MakeWhizbang</li>
	<li>CraftKurt</li>
	<li>CraftKurtII</li>
	<li>CraftAIHelm</li>
	<li>CraftAIHelmut</li>
	<li>CraftAIHelmutwo</li>
	<li>CraftSteamhull</li>
	<li>CraftHiveHell</li>
	<li>CraftShieldBreasts</li>
    </recipes>
    <inspectorTabs>
      <li>ITab_Bills</li>
    </inspectorTabs>
    <comps>
      <li>
        <compClass>CompPowerTrader</compClass>
        <startElectricalFires>true</startElectricalFires>
        <basePowerConsumption>400</basePowerConsumption>
        <soundPowerOn>PowerOnSmall</soundPowerOn>
        <soundPowerOff>PowerOffSmall</soundPowerOff>
      </li>
      <li>
        <compClass>CompGlower</compClass>
        <glowRadius>5</glowRadius>
        <glowColor>(73,123,138,0)</glowColor>
      </li>
    </comps>
    <building>
      <spawnedConceptLearnOpportunity>BillsTab</spawnedConceptLearnOpportunity>
    </building>
    <constructEffect>ConstructMetal</constructEffect>
  </ThingDef>








<!-- Schemantics -->

<ThingDef ParentName="BuildingBase">
    <DefName>ApparaatTableSchem</DefName>
    <label>Schematics bench</label>
    <ThingClass>Building_WorkTable</ThingClass>
    <Description>A table and tools for drawing schematics.</Description>
    <graphicData>
      <texPath>Tables/SchematicTable</texPath>
      <graphicClass>Graphic_Single</graphicClass>
      <drawSize>(1,2)</drawSize>
    </graphicData>
    <researchPrerequisite>APPlan</researchPrerequisite>
    <CostList>
      <WoodLog>35</WoodLog>
      <Steel>15</Steel>
    </CostList>
    <AltitudeLayer>Waist</AltitudeLayer>
    <useHitPoints>True</useHitPoints>
    <statBases>
      <WorkToMake>1000</WorkToMake>
      <MaxHitPoints>130</MaxHitPoints>
      <Flammability>1.0</Flammability>
    </statBases>
    <Size>(1,2)</Size>
    <DesignationCategory>ArmsProduction</DesignationCategory><!--changed from production-->
    <Passability>Impassable</Passability>
    <hasInteractionCell>True</hasInteractionCell>
    <interactionCellOffset>(-1,0,0)</interactionCellOffset>
    <surfaceType>Item</surfaceType>
    <recipes>
	<li>SchemakeAI</li>
	<li>SchemakeHA</li>
	<li>SchemakeScy</li>
	<li>SchemakeHelmut</li>
	<li>SchemakeGL</li>
	<li>SchemakeGaurdianSheild</li>
    </recipes>
    <inspectorTabs>
      <li>ITab_Bills</li>
    </inspectorTabs>
    <building>
      <spawnedConceptLearnOpportunity>BillsTab</spawnedConceptLearnOpportunity>
    </building>
    <constructEffect>ConstructMetal</constructEffect>
  </ThingDef>

</ThingDefs>