﻿<?xml version="1.0" encoding="utf-8" ?>
<Defs>

  <ThingDef Name="ApparelBase" Abstract="True">
    <thingClass>Apparel</thingClass>
    <category>Item</category>
    <selectable>True</selectable>
    <pathCost>10</pathCost>
    <useHitPoints>False</useHitPoints>
    <graphicData>
      <onGroundRandomRotateAngle>35</onGroundRandomRotateAngle>
    </graphicData>
    <drawGUIOverlay>true</drawGUIOverlay>
    <statBases>
      <SellPriceFactor>0.1</SellPriceFactor>
    </statBases>
    <thingCategories>
      <li>ApparelAccessories</li><!--changed from TrinkelloCat-->
    </thingCategories>
    <altitudeLayer>Item</altitudeLayer>
    <alwaysHaulable>True</alwaysHaulable>
    <tickerType>Never</tickerType>
    <comps>
      <li>
        <compClass>CompForbiddable</compClass>
      </li>
    </comps>
  </ThingDef>

<!--Trinkets-->


	<ThingDef ParentName="ApparelBase">
		<defName>ApparelloTrinket_Locket</defName>
		<label>locket</label>
		<description>Little thing full of memories.</description>
    <graphicData>
      <texPath>Accessorello/Trinkets/Locket</texPath>
      <graphicClass>Graphic_Single</graphicClass>
    </graphicData>
    <statBases>
      <MarketValue>110</MarketValue>
    </statBases>
    <equippedStatOffsets>
      <MentalBreakThreshold>-0.01</MentalBreakThreshold>
    </equippedStatOffsets>
    <apparel>
      <bodyPartGroups>
        <li>Arms</li>
      </bodyPartGroups>
      <layers>
        <li>Accessory</li>
      </layers>
      <commonality>1</commonality>
      <tags>
        <li>Trinket</li>
      </tags>
    </apparel>
										            </ThingDef>



	<ThingDef ParentName="ApparelBase">
		<defName>ApparelloTrinket_Tags</defName>
		<label>dog tags</label>
		<description>Now, it may not have your ID on it but there's no need for indetification in Rimworld. Either you taste good or you don't.</description>
    <graphicData>
      <texPath>Accessorello/Trinkets/Tags</texPath>
      <graphicClass>Graphic_Single</graphicClass>
    </graphicData>
    <statBases>
      <MarketValue>110</MarketValue>
    </statBases>
    <equippedStatOffsets>
      <ShootingAccuracy>0.02</ShootingAccuracy>
    </equippedStatOffsets>
    <apparel>
      <bodyPartGroups>
        <li>Arms</li>
      </bodyPartGroups>
      <layers>
        <li>Accessory</li>
      </layers>
      <commonality>1</commonality>
      <tags>
        <li>Trinket</li>
      </tags>
    </apparel>
										            </ThingDef>







	<ThingDef ParentName="ApparelBase">
		<defName>ApparelloTrinket_Compass</defName>
		<label>compass</label>
		<description>Object for keeping your bearings. Works with mysterious magnetic field of some kind. How do magnets work? nobody knows..</description>
    <graphicData>
      <texPath>Accessorello/Trinkets/Compass</texPath>
      <graphicClass>Graphic_Single</graphicClass>
    </graphicData>
    <statBases>
      <MarketValue>110</MarketValue>
    </statBases>
    <equippedStatOffsets>
      <MoveSpeed>0.16</MoveSpeed>
    </equippedStatOffsets>
    <apparel>
      <bodyPartGroups>
        <li>Arms</li>
      </bodyPartGroups>
      <layers>
        <li>Accessory</li>
      </layers>
      <commonality>1</commonality>
      <tags>
        <li>Trinket</li>
      </tags>
    </apparel>
										            </ThingDef>



	<ThingDef ParentName="ApparelBase">
		<defName>ApparelloTrinket_Liztooth</defName>
		<label>lizard fang</label>
		<description>Object of magnificent shamanistic properties, probably.</description>
    <graphicData>
      <texPath>Accessorello/Trinkets/Tooth</texPath>
      <graphicClass>Graphic_Single</graphicClass>
    </graphicData>
    <statBases>
      <MarketValue>110</MarketValue>
    </statBases>
    <equippedStatOffsets>
      <ImmunityGainSpeed>0.13</ImmunityGainSpeed>
    </equippedStatOffsets>
    <apparel>
      <bodyPartGroups>
        <li>Arms</li>
      </bodyPartGroups>
      <layers>
        <li>Accessory</li>
      </layers>
      <commonality>1</commonality>
      <tags>
        <li>Trinket</li>
      </tags>
    </apparel>
										            </ThingDef>


</Defs>
