﻿<?xml version="1.0" encoding="utf-8" ?>
<ThingDefs>


  <ThingDef Name="BaseGun" Abstract="True">
    <category>Item</category>
    <thingClass>ThingWithComps</thingClass>
    <equipmentType>Primary</equipmentType>
    <pathCost>10</pathCost>
    <useHitPoints>True</useHitPoints>
    <selectable>True</selectable>
    <graphicData>
      <onGroundRandomRotateAngle>35</onGroundRandomRotateAngle>
    </graphicData>
    <drawGUIOverlay>true</drawGUIOverlay>
    <statBases>
      <MaxHitPoints>100</MaxHitPoints>
      <Flammability>1.0</Flammability>
      <DeteriorationRate>1</DeteriorationRate>
      <SellPriceFactor>0.5</SellPriceFactor>
    </statBases>
    <altitudeLayer>Item</altitudeLayer>
    <alwaysHaulable>True</alwaysHaulable>
    <tickerType>Never</tickerType>
    <techLevel>Midworld</techLevel>
    <thingCategories>
      <li>Rifles</li><!--changed from WeaponsRanged -->
    </thingCategories>
    <inspectorTabs>
      <li>ITab_Art</li>
    </inspectorTabs>
    <comps>
      <li>
        <compClass>CompForbiddable</compClass>
      </li>
      <li>
        <compClass>CompEquippable</compClass>
      </li>
    </comps>
    <smeltProducts>
      <Steel>20</Steel>
    </smeltProducts>
  </ThingDef>

  <ThingDef Name="BaseBullet" Abstract="True">
    <category>Projectile</category>
    <tickerType>Normal</tickerType>
    <altitudeLayer>Projectile</altitudeLayer>
    <thingClass>Bullet</thingClass>
    <label>bullet</label>
    <useHitPoints>False</useHitPoints>
    <neverMultiSelect>True</neverMultiSelect>
    <graphicData>
      <shaderType>Transparent</shaderType>
    </graphicData>
  </ThingDef>
	<!-- The first and very likely only weapon that's ever going to be attached to Apparello! -->

  <ThingDef ParentName="BaseBullet">
    <defName>Bullet_Apparellogun</defName>
    <label>charge shot</label>
    <graphicData>
    <texPath>Things/Projectile/Charge_Small</texPath>
    <graphicClass>Graphic_Single</graphicClass>
    </graphicData>
    <projectile>
      <flyOverhead>false</flyOverhead>
      <damageDef>Bullet</damageDef>
      <DamageAmountBase>15</DamageAmountBase>
      <Speed>70</Speed>
    </projectile>
  </ThingDef>

  <ThingDef ParentName="BaseGun">
    <defName>Gun_Kurtgun</defName>
    <label>Kurtech SMG</label>
    <description>Very curiously designed short range, medium power, dualshot smg. Attachable to Aerocowl for whatever reason</description>
    <graphicData>
      <texPath>Tables/KMG</texPath>
      <graphicClass>Graphic_Single</graphicClass>
    </graphicData>
    <soundInteract>InteractSMG</soundInteract>
    <statBases>
      <MarketValue>485</MarketValue>
        <AccuracyTouch>0.99</AccuracyTouch>
        <AccuracyShort>0.95</AccuracyShort>
        <AccuracyMedium>0.68</AccuracyMedium>
        <AccuracyLong>0.53</AccuracyLong>
      <RangedWeapon_Cooldown>0.80</RangedWeapon_Cooldown>
    </statBases>
    <techLevel>Spacer</techLevel>
    <verbs>
      <li>
        <verbClass>Verb_Shoot</verbClass>
        <hasStandardCommand>true</hasStandardCommand>
        <projectileDef>Bullet_Apparellogun</projectileDef>
        <warmupTicks>90</warmupTicks>
        <range>24</range>
        <ticksBetweenBurstShots>9</ticksBetweenBurstShots>
        <burstShotCount>2</burstShotCount>
        <soundCast>ShotChargeRifle</soundCast>
        <soundCastTail>GunTail_Light</soundCastTail>
      </li>
    </verbs>
  </ThingDef>





</ThingDefs>
