﻿<?xml version="1.0" encoding="utf-8" ?>
<RecipeDefs>

  <RecipeDef>
    <defName>ExtractMetalFromSlagEAF</defName>
    <label>smelt metal from slag</label>
    <description>Use electric arc furnace to separate useful metal from slag chunks.</description>
    <jobString>Smelting metal from slag.</jobString>
    <workAmount>800</workAmount>
    <workSpeedStat>SmeltingSpeed</workSpeedStat>
    <effectWorking>Smelt</effectWorking>
    <soundWorking>Recipe_Smelt</soundWorking>
    <ingredients>
      <li>
        <filter>
          <thingDefs>
            <li>ChunkSlagSteel</li>
          </thingDefs>
        </filter>
        <count>1</count>
      </li>
    </ingredients>
    <specialProducts>
      <li>Smelted</li>
    </specialProducts>
    <fixedIngredientFilter>
      <thingDefs>
        <li>ChunkSlagSteel</li>
      </thingDefs>
    </fixedIngredientFilter>
  </RecipeDef>

  <RecipeDef>
    <defName>SmeltWeaponEAF</defName>
    <label>smelt metal from weapon</label>
    <description>Use heat and strong electromagnets to separate useful metal from weapons.</description>
    <jobString>Smelting metal from weapon.</jobString>
    <workAmount>800</workAmount>
    <workSpeedStat>SmeltingSpeed</workSpeedStat>
    <effectWorking>Smelt</effectWorking>
    <soundWorking>Recipe_Smelt</soundWorking>
    <ingredients>
      <li>
        <filter>
          <categories>
            <li>Weapons</li>
          </categories>
        </filter>
        <count>1</count>
      </li>
    </ingredients>
    <specialProducts>
      <li>Smelted</li>
    </specialProducts>
    <fixedIngredientFilter>
      <categories>
        <li>Weapons</li>
      </categories>
    </fixedIngredientFilter>
  </RecipeDef>

 <RecipeDef>
    <defName>MakeSteelxEAF</defName>
    <label>making high-grade steel</label>
    <description>making high-grade steel from steel, using an electric arc furnace.</description>
    <jobString>Making high-grade steel from steel.</jobString>
    <workAmount>1600</workAmount>
    <effectWorking>Smelt</effectWorking>
    <soundWorking>Recipe_Smelt</soundWorking>
<ingredients>
     <li>
        <filter>
          <thingDefs>
	<li>Steel</li>
          </thingDefs>
        </filter>
        <count>75</count>
      </li>
    </ingredients>
    <products>
      <Steelx>65</Steelx>
    </products>
    <fixedIngredientFilter>
          <thingDefs>
	<li>Steel</li>
          </thingDefs>
    </fixedIngredientFilter>
  </RecipeDef>

  <RecipeDef>
    <defName>MiningDeepSteel</defName>
    <label>mining deep compacted steel</label>
    <description>mining deep compacted steel.</description>
    <jobString>Mining deep compacted stee.</jobString>
    <workAmount>2600</workAmount>
    <efficiencyStat>MiningSpeed</efficiencyStat>
    <effectWorking>CutStone</effectWorking>
    <workSkillLearnFactor>0.2</workSkillLearnFactor>
<ingredients>
     <li>
        <filter>
          <thingDefs>
	<li>DrillHead</li>
          </thingDefs>
        </filter>
        <count>1</count>
      </li>
    </ingredients>
    <products>
      <Steel>66</Steel>
    </products>
    <fixedIngredientFilter>
          <thingDefs>
	<li>DrillHead</li>
          </thingDefs>
    </fixedIngredientFilter>
<workSkill>Mining</workSkill>
  </RecipeDef>

  <RecipeDef>
    <defName>MiningDeepCopperOre</defName>
    <label>mining deep copper ore</label>
    <description>mining deep copper ore.</description>
    <jobString>Mining deep copper ore.</jobString>
    <workAmount>2600</workAmount>
    <efficiencyStat>MiningSpeed</efficiencyStat>
    <effectWorking>CutStone</effectWorking>
    <workSkillLearnFactor>0.2</workSkillLearnFactor>
<ingredients>
     <li>
        <filter>
          <thingDefs>
	<li>DrillHead</li>
          </thingDefs>
        </filter>
        <count>1</count>
      </li>
    </ingredients>
    <products>
      <Copper>19</Copper>
    </products>
    <fixedIngredientFilter>
          <thingDefs>
	<li>DrillHead</li>
          </thingDefs>
    </fixedIngredientFilter>
<workSkill>Mining</workSkill>
  </RecipeDef>

  <RecipeDef>
    <defName>MiningDeepAluminiumOre</defName>
    <label>mining deep aluminium ore</label>
    <description>mining deep aluminium ore.</description>
    <jobString>Mining deep aluminium ore.</jobString>
    <workAmount>2600</workAmount>
    <efficiencyStat>MiningSpeed</efficiencyStat>
    <effectWorking>CutStone</effectWorking>
    <workSkillLearnFactor>0.2</workSkillLearnFactor>
<ingredients>
     <li>
        <filter>
          <thingDefs>
	<li>DrillHead</li>
          </thingDefs>
        </filter>
        <count>1</count>
      </li>
    </ingredients>
    <products>
      <Aluminium>66</Aluminium>
    </products>
    <fixedIngredientFilter>
          <thingDefs>
	<li>DrillHead</li>
          </thingDefs>
    </fixedIngredientFilter>
<workSkill>Mining</workSkill>
  </RecipeDef>

  <RecipeDef>
    <defName>MiningDeepUraniumOre</defName>
    <label>mining deep uranium ore</label>
    <description>mining deep uranium ore.</description>
    <jobString>Mining deep uranium ore.</jobString>
    <workAmount>3200</workAmount>
    <efficiencyStat>MiningSpeed</efficiencyStat>
    <effectWorking>CutStone</effectWorking>
    <workSkillLearnFactor>0.2</workSkillLearnFactor>
<ingredients>
     <li>
        <filter>
          <thingDefs>
	<li>DrillHead</li>
          </thingDefs>
        </filter>
        <count>1</count>
      </li>
    </ingredients>
    <products>
      <Uranium>16</Uranium>
    </products>
    <fixedIngredientFilter>
          <thingDefs>
	<li>DrillHead</li>
          </thingDefs>
    </fixedIngredientFilter>
<workSkill>Mining</workSkill>
  </RecipeDef>

  <RecipeDef>
    <defName>MiningDeepPlasteel</defName>
    <label>mining deep compacted plasteel</label>
    <description>mining deep compacted plasteel.</description>
    <jobString>Mining deep uranium ore.</jobString>
    <workAmount>3600</workAmount>
    <efficiencyStat>MiningSpeed</efficiencyStat>
    <effectWorking>CutStone</effectWorking>
    <workSkillLearnFactor>0.2</workSkillLearnFactor>
<ingredients>
     <li>
        <filter>
          <thingDefs>
	<li>DrillHead</li>
          </thingDefs>
        </filter>
        <count>1</count>
      </li>
    </ingredients>
    <products>
      <Plasteel>3</Plasteel>
    </products>
    <fixedIngredientFilter>
          <thingDefs>
	<li>DrillHead</li>
          </thingDefs>
    </fixedIngredientFilter>
<workSkill>Mining</workSkill>
  </RecipeDef>

  <RecipeDef>
    <defName>MiningDeepSilverOre</defName>
    <label>mining deep silver ore</label>
    <description>mining deep silver ore.</description>
    <jobString>Mining deep silver ore.</jobString>
    <workAmount>2600</workAmount>
    <efficiencyStat>MiningSpeed</efficiencyStat>
    <effectWorking>CutStone</effectWorking>
    <workSkillLearnFactor>0.2</workSkillLearnFactor>
<ingredients>
     <li>
        <filter>
          <thingDefs>
	<li>DrillHead</li>
          </thingDefs>
        </filter>
        <count>1</count>
      </li>
    </ingredients>
    <products>
      <Silver>80</Silver>
    </products>
    <fixedIngredientFilter>
          <thingDefs>
	<li>DrillHead</li>
          </thingDefs>
    </fixedIngredientFilter>
<workSkill>Mining</workSkill>
  </RecipeDef>

  <RecipeDef>
    <defName>MiningDeepGoldOre</defName>
    <label>mining deep gold ore</label>
    <description>mining deep gold ore.</description>
    <jobString>Mining deep gold ore.</jobString>
    <workAmount>2600</workAmount>
    <efficiencyStat>MiningSpeed</efficiencyStat>
    <effectWorking>CutStone</effectWorking>
    <workSkillLearnFactor>0.2</workSkillLearnFactor>
<ingredients>
     <li>
        <filter>
          <thingDefs>
	<li>DrillHead</li>
          </thingDefs>
        </filter>
        <count>1</count>
      </li>
    </ingredients>
    <products>
      <Gold>5</Gold>
    </products>
    <fixedIngredientFilter>
          <thingDefs>
	<li>DrillHead</li>
          </thingDefs>
    </fixedIngredientFilter>
<workSkill>Mining</workSkill>
  </RecipeDef>

  <RecipeDef>
    <defName>MiningSandstone</defName>
    <label>mining sandstone</label>
    <description>mining sandstone.</description>
    <jobString>Mining sandstone.</jobString>
    <workAmount>800</workAmount>
    <efficiencyStat>MiningSpeed</efficiencyStat>
    <effectWorking>CutStone</effectWorking>
    <workSkillLearnFactor>0.2</workSkillLearnFactor>
<ingredients>
     <li>
        <filter>
          <thingDefs>
	<li>DrillHead</li>
          </thingDefs>
        </filter>
        <count>1</count>
      </li>
    </ingredients>
    <products>
      <ChunkSandstone>2</ChunkSandstone>
    </products>
    <fixedIngredientFilter>
          <thingDefs>
	<li>DrillHead</li>
          </thingDefs>
    </fixedIngredientFilter>
<workSkill>Mining</workSkill>
  </RecipeDef>

  <RecipeDef>
    <defName>MiningGranite</defName>
    <label>mining granite</label>
    <description>mining granite.</description>
    <jobString>Mining granite.</jobString>
    <workAmount>1000</workAmount>
    <efficiencyStat>MiningSpeed</efficiencyStat>
    <effectWorking>CutStone</effectWorking>
    <workSkillLearnFactor>0.2</workSkillLearnFactor>
<ingredients>
     <li>
        <filter>
          <thingDefs>
	<li>DrillHead</li>
          </thingDefs>
        </filter>
        <count>1</count>
      </li>
    </ingredients>
    <products>
      <ChunkGranite>2</ChunkGranite>
    </products>
    <fixedIngredientFilter>
          <thingDefs>
	<li>DrillHead</li>
          </thingDefs>
    </fixedIngredientFilter>
<workSkill>Mining</workSkill>
  </RecipeDef>

  <RecipeDef>
    <defName>MiningLimestone</defName>
    <label>mining limestone</label>
    <description>mining limestone.</description>
    <jobString>Mining limestone.</jobString>
    <workAmount>800</workAmount>
    <efficiencyStat>MiningSpeed</efficiencyStat>
    <effectWorking>CutStone</effectWorking>
    <workSkillLearnFactor>0.2</workSkillLearnFactor>
<ingredients>
     <li>
        <filter>
          <thingDefs>
	<li>DrillHead</li>
          </thingDefs>
        </filter>
        <count>1</count>
      </li>
    </ingredients>
    <products>
      <ChunkLimestone>2</ChunkLimestone>
    </products>
    <fixedIngredientFilter>
          <thingDefs>
	<li>DrillHead</li>
          </thingDefs>
    </fixedIngredientFilter>
<workSkill>Mining</workSkill>
  </RecipeDef>

  <RecipeDef>
    <defName>MiningSlate</defName>
    <label>mining slate</label>
    <description>mining slate.</description>
    <jobString>Mining slate.</jobString>
    <workAmount>800</workAmount>
    <efficiencyStat>MiningSpeed</efficiencyStat>
    <effectWorking>CutStone</effectWorking>
    <workSkillLearnFactor>0.2</workSkillLearnFactor>
<ingredients>
     <li>
        <filter>
          <thingDefs>
	<li>DrillHead</li>
          </thingDefs>
        </filter>
        <count>1</count>
      </li>
    </ingredients>
    <products>
      <ChunkSlate>2</ChunkSlate>
    </products>
    <fixedIngredientFilter>
          <thingDefs>
	<li>DrillHead</li>
          </thingDefs>
    </fixedIngredientFilter>
<workSkill>Mining</workSkill>
  </RecipeDef>

  <RecipeDef>
    <defName>MiningMarble</defName>
    <label>mining marble</label>
    <description>mining marble.</description>
    <jobString>Mining marble.</jobString>
    <workAmount>800</workAmount>
    <efficiencyStat>MiningSpeed</efficiencyStat>
    <effectWorking>CutStone</effectWorking>
    <workSkillLearnFactor>0.2</workSkillLearnFactor>
<ingredients>
     <li>
        <filter>
          <thingDefs>
	<li>DrillHead</li>
          </thingDefs>
        </filter>
        <count>1</count>
      </li>
    </ingredients>
    <products>
      <ChunkMarble>2</ChunkMarble>
    </products>
    <fixedIngredientFilter>
          <thingDefs>
	<li>DrillHead</li>
          </thingDefs>
    </fixedIngredientFilter>
<workSkill>Mining</workSkill>
  </RecipeDef>

  <RecipeDef>
    <defName>MakeDrillHead</defName>
    <label>make drill head</label>
    <description>make drill head.</description>
    <jobString>Making drill head.</jobString>
    <workAmount>2600</workAmount>
    <workSpeedStat>SmithingSpeed</workSpeedStat>
    <effectWorking>Cook</effectWorking>
    <soundWorking>Recipe_Machining</soundWorking>
    <workSkillLearnFactor>1</workSkillLearnFactor>
<ingredients>
     <li>
        <filter>
          <thingDefs>
	<li>Steelx</li>
          </thingDefs>
        </filter>
        <count>15</count>
      </li>
    </ingredients>
    <products>
      <DrillHead>1</DrillHead>
    </products>
    <fixedIngredientFilter>
          <thingDefs>
	<li>Steelx</li>
          </thingDefs>
    </fixedIngredientFilter>
		<skillRequirements>
			<li>
				<skill>Crafting</skill>
				<minLevel>8</minLevel>
			</li>
		</skillRequirements>
<workSkill>Crafting</workSkill>
  </RecipeDef>




</RecipeDefs>