﻿<?xml version="1.0" encoding="utf-8" ?>
<RecipeDefs>


  <RecipeDef>
    <defName>MixConcrete</defName>
    <label>mix concrete</label>
    <description>turn stone chunks into concrete.</description>
    <jobString>Mix concrete.</jobString>
    <workAmount>1600</workAmount>
    <efficiencyStat>ButcheryMechanoidEfficiency</efficiencyStat>
    <effectWorking>CutStone</effectWorking>
    <ingredients>
      <li>
        <filter>
          <categories>
	<li>StoneChunks</li>
          </categories>
        </filter>
        <count>1</count>
      </li>
    </ingredients>
    <products>
      <Concrete>6</Concrete>
    </products>
    <fixedIngredientFilter>
      <categories>
        <li>StoneChunks</li>
      </categories>
    </fixedIngredientFilter>
  </RecipeDef>




</RecipeDefs>