﻿<?xml version="1.0" encoding="utf-8" ?>
<Defs>
  <DesignationCategoryDef>
    <DefName>Floors</DefName>
    <label>wood floors</label>
    <description>Wood Flooring.</description>
    <order>200</order>
    <specialDesignatorClasses>
      <li>Designator_Cancel</li>
      <li>Designator_SmoothFloor</li>
      <li>Designator_RemoveFloor</li>
    </specialDesignatorClasses>
  </DesignationCategoryDef>
  <DesignationCategoryDef>
    <DefName>MoreFloors</DefName>
    <label>other floors</label>
    <description>Fooring constructed from stone, metal and other natural sources.</description>
    <order>180</order>
    <specialDesignatorClasses>
      <li>Designator_Cancel</li>
      <li>Designator_SmoothFloor</li>
      <li>Designator_RemoveFloor</li>
    </specialDesignatorClasses>
  </DesignationCategoryDef>
  <DesignationCategoryDef>
    <DefName>CarpetedFloors</DefName>
    <label>carpet</label>
    <description>Carpeting.</description>
    <order>190</order>
    <specialDesignatorClasses>
      <li>Designator_Cancel</li>
      <li>Designator_SmoothFloor</li>
      <li>Designator_RemoveFloor</li>
    </specialDesignatorClasses>
  </DesignationCategoryDef>
  <DesignationCategoryDef>
    <DefName>Production</DefName>
    <label>resources</label>
    <description>Structures used for producing basic resouces.</description>
    <order>510</order>
    <specialDesignatorClasses>
      <li>Designator_Cancel</li>
      <li>Designator_Deconstruct</li>
    </specialDesignatorClasses>
  </DesignationCategoryDef>
  <DesignationCategoryDef>
    <DefName>FoodProduction</DefName>
    <label>food</label>
    <description>Structures used for producing food.</description>
    <order>600</order>
    <specialDesignatorClasses>
      <li>Designator_Cancel</li>
      <li>Designator_Deconstruct</li>
    </specialDesignatorClasses>
  </DesignationCategoryDef>
  <DesignationCategoryDef>
    <DefName>MedicalProduction</DefName>
    <label>medical</label>
    <description>Structures used for producing medical devices and resources.</description>
    <order>590</order>
    <specialDesignatorClasses>
      <li>Designator_Cancel</li>
      <li>Designator_Deconstruct</li>
    </specialDesignatorClasses>
  </DesignationCategoryDef>
  <DesignationCategoryDef>
    <DefName>ArmsProduction</DefName>
    <label>arms &amp; armor</label>
    <description>Structures used for producing weapons and armor.</description>
    <order>580</order>
    <specialDesignatorClasses>
      <li>Designator_Cancel</li>
      <li>Designator_Deconstruct</li>
    </specialDesignatorClasses>
  </DesignationCategoryDef>
    <DesignationCategoryDef>
    <DefName>Storage</DefName>
    <label>storage</label>
    <description>Structures used for storage of items and materials.</description>
    <order>490</order>
    <specialDesignatorClasses>
      <li>Designator_Cancel</li>
      <li>Designator_Deconstruct</li>
    </specialDesignatorClasses>
  </DesignationCategoryDef>
  <DesignationCategoryDef>
    <DefName>Lighting</DefName>
    <label>lighting</label>
    <description>Structures used for lighting areas.</description>
    <order>490</order>
    <specialDesignatorClasses>
      <li>Designator_Cancel</li>
      <li>Designator_Deconstruct</li>
    </specialDesignatorClasses>
  </DesignationCategoryDef>
</Defs>