<?xml version="1.0" encoding="utf-8" ?>
<ThingDefs>
	
	
	<ThingDef Name="BuildingBase" Abstract = "True">
		<category>Building</category>
		<thingClass>Building</thingClass>
		<soundImpactDefault>BulletImpactMetal</soundImpactDefault>
		<selectable>true</selectable>
		<drawerType>MapMeshAndRealTime</drawerType>
		<terrainAffordanceNeeded>Light</terrainAffordanceNeeded>
		<repairEffect>Repair</repairEffect>
		<leaveResourcesWhenKilled>true</leaveResourcesWhenKilled>
		<filthLeaving>BuildingRubble</filthLeaving>
		</ThingDef>
		
	<ThingDef Name="FurnitureBase" ParentName="BuildingBase" Abstract="True">
		<comps>
			<li>
				<compClass>CompQuality</compClass>
			</li>
		</comps>
		<minifiedDef>MinifiedFurniture</minifiedDef>
		<researchPrerequisite>CraftingI</researchPrerequisite> <!-- Added research prerequisite -->
	</ThingDef>
	
	<ThingDef Name="HighQualityFurnitureBase" ParentName="BuildingBase" Abstract="True">
    <comps>
      <li>
        <compClass>CompQuality</compClass>
      </li>
      <li>
        <compClass>CompArt</compClass>
        <nameMaker>NamerFurniture</nameMaker>
        <descriptionMaker>ArtFurniture</descriptionMaker>
        <minQualityForArtistic>Excellent</minQualityForArtistic>
      </li>
    </comps>
    <inspectorTabs>
      <li>ITab_Art</li>
    </inspectorTabs>
    <DesignationCategory>Furniture</DesignationCategory>
    <minifiedDef>MinifiedFurniture</minifiedDef>
  </ThingDef>
	
	<ThingDef ParentName="BuildingBase" Name="PaintingBase" Abstract="True">
		<thingClass>Building_Art</thingClass>
		<altitudeLayer>MoteOverhead</altitudeLayer>
		<passability>PassThroughOnly</passability>
		<pathCost>0</pathCost>
		<castEdgeShadows>false</castEdgeShadows>
		<useHitPoints>true</useHitPoints>
		<statBases>
			<Flammability>1.0</Flammability>
		</statBases>
		<comps>
			<li>
				<compClass>CompQuality</compClass>
			</li>
			<li>
				<compClass>CompArt</compClass>
				<nameMaker>NamerSculpture</nameMaker>
				<descriptionMaker>ArtPainting</descriptionMaker>
			</li>
		</comps>
		<inspectorTabs>
			<li>ITab_Art</li>
		</inspectorTabs>	
	</ThingDef>
	
	<ThingDef Name="JoyTableBase" ParentName="FurnitureBase" Abstract="True">
		<graphicData>
			<graphicClass>Graphic_Single</graphicClass>
			<shadowData>
				<volume>(0.3, 0.6, 0.3)</volume>
			</shadowData>
		</graphicData>
		<statBases>
			<MaxHitPoints>100</MaxHitPoints>
			<Flammability>1.0</Flammability>
		</statBases>
		<altitudeLayer>Waist</altitudeLayer>
		<rotatable>false</rotatable>
		<socialPropernessMatters>true</socialPropernessMatters>
		<size>(1,1)</size>
		<pathCost>70</pathCost>
		<passability>PassThroughOnly</passability>
	</ThingDef>
	
	<ThingDef Name="ReadingTableBase" ParentName="FurnitureBase" Abstract="True">
		<label>reading table</label>
		<description>A small table made to be the perfect height for reading. Has a small drawer for holding books.</description>
		<graphicData>
			<texPath>Things/Building/Joy/ReadingTable/ReadingTable</texPath>
			<shaderType>CutoutComplex</shaderType>
			<graphicClass>Graphic_Multi</graphicClass>
				<shadowData>
					<volume>(0.3, 0.6, 0.3)</volume>
				</shadowData>
		</graphicData>
		<uiIconPath>Things/Building/Joy/ReadingTable/ReadingTable_back</uiIconPath>
		<altitudeLayer>Waist</altitudeLayer>
		<rotatable>true</rotatable>
		<socialPropernessMatters>true</socialPropernessMatters>
		<statBases>
			<MaxHitPoints>100</MaxHitPoints>
			<WorkToMake>9000</WorkToMake>
			<Flammability>1.0</Flammability>
			<Beauty>10</Beauty>
		</statBases>
		<size>(1,1)</size>
		<stuffCategories>
			<li>Metallic</li>
			<li>Woody</li>
			<li>Stony</li>
		</stuffCategories>
		<costStuffCount>90</costStuffCount>
		<pathCost>70</pathCost>
		<passability>PassThroughOnly</passability>
		<designationCategory>Joy</designationCategory>
		<tickerType>Rare</tickerType>
	</ThingDef>
	
	
	
	<!--===================Joy Tables===================-->
	
	
	
	<ThingDef ParentName="JoyTableBase">
		<defName>GoTable</defName>
		<label>go table</label>
		<description>One of the oldest strategy games, and one of the simplest to build. </description>
		<graphicData>
			<texPath>Things/Building/Joy/GoTable</texPath>
		</graphicData>
		<statBases>
			<WorkToMake>8000</WorkToMake>
			<Beauty>10</Beauty>
		</statBases>
		<stuffCategories>
			<li>Metallic</li>
			<li>Woody</li>
			<li>Stony</li>
		</stuffCategories>
		<costStuffCount>70</costStuffCount>
		<designationCategory>Joy</designationCategory>
	</ThingDef>
	
	<ThingDef ParentName="JoyTableBase">
		<defName>ReversiTable</defName>
		<label>reversi table</label>
		<description>Simple strategy game involving placing rocks on both sides of your opponent's pieces, switching that piece to your color. </description>
		<graphicData>
			<texPath>Things/Building/Joy/ReversiTable</texPath>	
		</graphicData>
		<statBases>
			<WorkToMake>9000</WorkToMake>
			<Beauty>10</Beauty>
		</statBases>
		<stuffCategories>
			<li>Metallic</li>
			<li>Woody</li>
			<li>Stony</li>
		</stuffCategories>
		<costStuffCount>100</costStuffCount>
		<designationCategory>Joy</designationCategory>
	</ThingDef>
	
	<ThingDef ParentName="JoyTableBase">
		<defName>CardTable</defName>
		<label>card table</label>
		<description>A table specially made for playing a wide variety of card games. Suitable for 1-4 players </description>
		<graphicData>
			<texPath>Things/Building/Joy/CardTable</texPath>
		</graphicData>
		<statBases>
			<WorkToMake>10000</WorkToMake>
			<Beauty>15</Beauty>
		</statBases>
		<costList>
			<WoodLog>100</WoodLog>
			<Cloth>1</Cloth>
		</costList>
		<designationCategory>Joy</designationCategory>
		<tickerType>Rare</tickerType>
		<comps>
			<li Class="CommunityCoreLibrary.RestrictedPlacement_Properties">
				 <compClass>CommunityCoreLibrary.RestrictedPlacement_Comp</compClass>
			</li>
		</comps>
		<placeWorkers>
			<li>CommunityCoreLibrary.PlaceWorker_OnlyUnderRoof</li>
		</placeWorkers>
	</ThingDef>
	
	<ThingDef ParentName="JoyTableBase">
		<defName>RimColony</defName>
		<label>RimColony</label>
		<description>RimColony is a game about building and sustaining a colony after crash landing on a rim world. Some roaming trader had a twisted sense of humor bringing this along.</description>
		<graphicData>
			<texPath>Things/Building/Joy/RimColony</texPath>
		</graphicData>
		<statBases>
			<MarketValue>300</MarketValue>
			<Beauty>20</Beauty>
		</statBases>
		<tradeTags>
			<li>Exotic</li>
			<li>Joy</li>
		</tradeTags>
		<tickerType>Rare</tickerType>
		<comps>
			<li Class="CommunityCoreLibrary.RestrictedPlacement_Properties">
				 <compClass>CommunityCoreLibrary.RestrictedPlacement_Comp</compClass>
			</li>
		</comps>
		<placeWorkers>
			<li>CommunityCoreLibrary.PlaceWorker_OnlyUnderRoof</li>
		</placeWorkers>
	</ThingDef>
	
	
	
	<!--===================Furniture===================-->
	
	


	
	<ThingDef ParentName="HighQualityFurnitureBase">
		<defName>Bookcase</defName>
		<label>bookcase</label>
		<description>A bookcase with a wide variety of books. Boosts writing speed by 10% when placed near a writing table. Only two bookcases can be linked to a single writing table.</description>
		<graphicData>
			<texPath>Things/Building/Furniture/Bookcase/Bookcase</texPath>
			<graphicClass>Graphic_Multi</graphicClass>
		</graphicData>
		<uiIconPath>Things/Building/Furniture/Bookcase/Bookcase_back</uiIconPath>
		<altitudeLayer>Waist</altitudeLayer>
		<passability>PassThroughOnly</passability>
		<pathCost>70</pathCost>
		<castEdgeShadows>true</castEdgeShadows>
		<fillPercent>1</fillPercent>
		<statBases>
			<MaxHitPoints>600</MaxHitPoints>
			<WorkToMake>4000</WorkToMake>
			<Flammability>1.0</Flammability>
			<MarketValue>400</MarketValue>
			<Beauty>50</Beauty>
		</statBases>
		<socialPropernessMatters>true</socialPropernessMatters>
		<size>(1,1)</size>
		<hasInteractionCell>true</hasInteractionCell>
		<interactionCellOffset>(0,0,-1)</interactionCellOffset>
		<costList>
			<WoodLog>200</WoodLog>
			<PileOfBooks>10</PileOfBooks>
		</costList>
		<rotatable>true</rotatable>
		<designationCategory>Joy</designationCategory><!--changed from Furniture-->
		<tradeTags>
			<li>Exotic</li>
			<li>Joy</li>
		</tradeTags>
		<tickerType>Rare</tickerType>
		<comps>
			<li Class="CommunityCoreLibrary.RestrictedPlacement_Properties">
				<compClass>CommunityCoreLibrary.RestrictedPlacement_Comp</compClass>
			</li>
			<li>
				<compClass>CompFacility</compClass>
				<statOffsets>
					<WorkTableWorkSpeedFactor>0.1</WorkTableWorkSpeedFactor>
				</statOffsets>
				<maxSimultaneous>2</maxSimultaneous>
			</li>
		</comps>
		<placeWorkers>
			<li>PlaceWorker_ShowFacilitiesConnections</li>
			<li>CommunityCoreLibrary.PlaceWorker_OnlyUnderRoof</li>
		</placeWorkers>
	</ThingDef>
	
	<ThingDef ParentName="ReadingTableBase">
		<defName>ReadingTable</defName>
		<costList>
			<PileOfBooks>1</PileOfBooks>
		</costList>
	</ThingDef>
	
	<ThingDef ParentName="ReadingTableBase">
		<defName>ReadingTableWB</defName>
		<costList>
			<WrittenBook>1</WrittenBook>
		</costList>
	</ThingDef>
	
	<ThingDef ParentName="PaintingBase">
		<defName>Painting</defName>
		<label>painting</label>
		<description>A painting. Useful for covering up holes, and quite easy on the eyes.</description>
		<graphicData>
			<graphicClass>Graphic_Multi</graphicClass>
			<texPath>Things/Building/Furniture/Painting/Painting</texPath>
			<drawSize>(3,3)</drawSize>
		</graphicData>
		<uiIconPath>Things/Building/Furniture/Painting/Painting_icon</uiIconPath>
		<size>(1,1)</size>
		<minifiedDef>MinifiedPainting</minifiedDef>
		<hasInteractionCell>true</hasInteractionCell>
		<interactionCellOffset>(0,0,1)</interactionCellOffset>
		<fillPercent>0.0</fillPercent>
		<altitudeLayer>Pawn</altitudeLayer>
		<rotatable>true</rotatable>
		<statBases>
		<WorkToMake>15000</WorkToMake>
			<MarketValue>30</MarketValue>
			<MaxHitPoints>10</MaxHitPoints>
			<Flammability>1.0</Flammability>
			<Beauty>30</Beauty>
		</statBases>
		<costList>
			<Cloth>1</Cloth>
		</costList>
		<tickerType>Normal</tickerType>
		<comps>
			<li Class="CommunityCoreLibrary.RestrictedPlacement_Properties">
				 <compClass>CommunityCoreLibrary.RestrictedPlacement_Comp</compClass>
			</li>
	  </comps>
	  <placeWorkers>
			<li>CommunityCoreLibrary.PlaceWorker_WallAttachment</li>
	  </placeWorkers>
	</ThingDef>
	
	
	
	<!--==================Production==================-->
	
	<ThingDef ParentName="FurnitureBase">
		<DefName>Easel</DefName>
		<label>painting easel</label>
		<ThingClass>Building_WorkTable</ThingClass>
		<Description>An easel equipped for artistic painting.</Description>
		<graphicData>
			<texPath>Things/Building/Joy/Easel/Easel</texPath>
			<graphicClass>Graphic_Multi</graphicClass>
		</graphicData>
		<uiIconPath>Things/Building/Joy/Easel/Easel_back</uiIconPath>
		<costList>
			<WoodLog>15</WoodLog>
		</costList>
		<altitudeLayer>Waist</altitudeLayer>
		<fillPercent>0.5</fillPercent>
		<useHitPoints>true</useHitPoints>
		<statBases>
			<WorkToMake>500</WorkToMake>
			<MaxHitPoints>50</MaxHitPoints>
			<Flammability>1.0</Flammability>
			<Beauty>5</Beauty>
		</statBases>
		<size>(1,1)</size>
		<DesignationCategory>Joy</DesignationCategory> <!--changed from Production -->
		<passability>PassThroughOnly</passability>
		<pathCost>40</pathCost>
		<hasInteractionCell>true</hasInteractionCell>
		<interactionCellOffset>(0,0,-1)</interactionCellOffset>
		<surfaceType>Item</surfaceType>
		<inspectorTabs>
			<li>ITab_Bills</li>
		</inspectorTabs>
		<building>
			<spawnedConceptLearnOpportunity>BillsTab</spawnedConceptLearnOpportunity>
		</building>
	</ThingDef>
	
	<ThingDef ParentName="FurnitureBase">
		<DefName>WritingTable</DefName>
		<label>writing table</label>
		<ThingClass>Building_WorkTable</ThingClass>
		<Description>A simple table for writing at.</Description>
		<graphicData>
			<texPath>Things/Building/Furniture/WritingTable/WritingTable</texPath>
			<shaderType>CutoutComplex</shaderType>
			<graphicClass>Graphic_Multi</graphicClass>
		</graphicData>
		<uiIconPath>Things/Building/Furniture/WritingTable/WritingTable_back</uiIconPath>
		<stuffCategories>
			<li>Metallic</li>
			<li>Woody</li>
			<li>Stony</li>
		</stuffCategories>
		<costStuffCount>100</costStuffCount>
		<altitudeLayer>Waist</altitudeLayer>
		<fillPercent>0.5</fillPercent>
		<useHitPoints>true</useHitPoints>
		<statBases>
			<WorkToMake>800</WorkToMake>
			<MaxHitPoints>100</MaxHitPoints>
			<Flammability>1.0</Flammability>
			<Beauty>10</Beauty>
		</statBases>
		<size>(1,1)</size>
		<DesignationCategory>Joy</DesignationCategory> <!-- changed from Production -->
		<passability>PassThroughOnly</passability>
		<pathCost>40</pathCost>
		<hasInteractionCell>true</hasInteractionCell>
		<interactionCellOffset>(0,0,-1)</interactionCellOffset>
		<surfaceType>Item</surfaceType>
		<inspectorTabs>
			<li>ITab_Bills</li>
		</inspectorTabs>
		<building>
			<spawnedConceptLearnOpportunity>BillsTab</spawnedConceptLearnOpportunity>
		</building>
		<comps>
      <li>
        <compClass>CompAffectedByFacilities</compClass>
        <linkableFacilities>
          <li>Bookcase</li>
        </linkableFacilities>
      </li>
    </comps>
		<placeWorkers>
			<li>PlaceWorker_ShowFacilitiesConnections</li>
		</placeWorkers>
	</ThingDef>
	
	
	
	<!--===================Arcades===================-->
	
	
	
	<ThingDef Name="ArcadeBase" ParentName="FurnitureBase" Abstract="True">
		<graphicData>
			<graphicClass>Graphic_Multi</graphicClass>
			<shadowData>
				<volume>(0.3, 0.6, 0.3)</volume>
			</shadowData>
		</graphicData>
		<altitudeLayer>Waist</altitudeLayer>
		<rotatable>true</rotatable>
		<minifiedDef>MinifiedFurniture</minifiedDef>
		<socialPropernessMatters>true</socialPropernessMatters>
		<statBases>
			<MaxHitPoints>150</MaxHitPoints>
			<Flammability>0.1</Flammability>
			<MarketValue>1000</MarketValue>
			<Beauty>10</Beauty>
		</statBases>
		<size>(1,1)</size>
		<hasInteractionCell>true</hasInteractionCell>
		<interactionCellOffset>(0,0,-1)</interactionCellOffset>
		<passability>PassThroughOnly</passability>
		<pathCost>150</pathCost>
		<tradeTags>
			<li>Exotic</li>
			<li>Joy</li>
		</tradeTags>
		<tickerType>Normal</tickerType>
		<comps>
			<li>
				<compClass>CompPowerTrader</compClass>
				<startElectricalFires>false</startElectricalFires>
				<basePowerConsumption>250</basePowerConsumption>
				<soundPowerOn>PowerOnSmall</soundPowerOn>
            <soundPowerOff>PowerOffSmall</soundPowerOff>
			</li>
			<li Class="CommunityCoreLibrary.CompProperties_LowIdleDraw">
                <compClass>CommunityCoreLibrary.CompPowerLowIdleDraw</compClass>
            </li>
            <li>
                <compClass>CompGlower</compClass>
                <glowRadius>3</glowRadius>
                <glowColor>(30,60,75,0)</glowColor>
            </li>
            <li Class="CommunityCoreLibrary.RestrictedPlacement_Properties">
                <compClass>CommunityCoreLibrary.RestrictedPlacement_Comp</compClass>
            </li>
        </comps>
        <placeWorkers>
            <li>CommunityCoreLibrary.PlaceWorker_OnlyUnderRoof</li>
        </placeWorkers>
	</ThingDef>
	
	
	
	
	<ThingDef ParentName="ArcadeBase">
		<defName>ArcadeRS</defName>
		<label>Arcade, Rum Swirled</label>
		<description>A game about sailors shipwrecked on an island with plenty of rum, but no shelter.</description>
		<graphicData>
			<texPath>Things/Building/Joy/RumSwirled/RumSwirled</texPath>
		</graphicData>
	</ThingDef>
	
	<ThingDef ParentName="ArcadeBase">
		<defName>ArcadeMC</defName>
		<label>Arcade, MintCraft</label>
		<description>A game where the entire world can be shaped by the player, who crafts many things out of mint leaves. Don't ask how.</description>
		<graphicData>
			<texPath>Things/Building/Joy/MintCraft/MintCraft</texPath>
		</graphicData>
	</ThingDef>
	
	<ThingDef ParentName="ArcadeBase">
		<defName>ArcadeHL</defName>
		<label>Arcade, Halva Life</label>
		<description>In Halva Life, the player plays as Gordon, the red hot pastry chef who must reign in his kitchen before it becomes a total nightmare.</description>
		<graphicData>
			<texPath>Things/Building/Joy/HalvaLife/HalvaLife</texPath>
		</graphicData>
	</ThingDef>
	
	<ThingDef ParentName="ArcadeBase">
		<defName>ArcadeES</defName>
		<label>Arcade, Elder Scones</label>
		<description>"It's just you, a butter knife, and a plate full of week old scones you must defend from ravenous townspeople..." Was what the box read for this game.</description>
		<graphicData>
			<texPath>Things/Building/Joy/ElderScones/ElderScones</texPath>
		</graphicData>
	</ThingDef>
	
	<ThingDef ParentName="ArcadeBase">
		<defName>ArcadeBG</defName>
		<label>Arcade, Baguettris</label>
		<description>Oh no! A baguette supply ship didn't close it's hatch correctly! Quickly stack the falling baguettes for loading onto another ship!</description>
		<graphicData>
			<texPath>Things/Building/Joy/Baguettris/Baguettris</texPath>
		</graphicData>
	</ThingDef>
	
	<ThingDef ParentName="ArcadeBase">
		<defName>ArcadeCB</defName>
		<label>Arcade, Cooking Baba</label>
		<description>Join Hakase Baba in the kitchen as he teaches you legendary cooking techniques. Then play challenge mode and compete for the title of Best Chef in the System!</description>
		<graphicData>
			<texPath>Things/Building/Joy/CookingBaba/CookingBaba</texPath>
		</graphicData>
	</ThingDef>
	
	<ThingDef ParentName="ArcadeBase">
		<defName>ArcadePS</defName>
		<label>Arcade, Plants Vs. Salamis</label>
		<description>A Salami mothership aproaches on an intercept vector; they mean to board you! Armed only with genetically modified super plants, you must grow your defenses and keep the ships cargo safe!</description>
		<graphicData>
			<texPath>Things/Building/Joy/PlantsVSalamis/PlantsVSalamis</texPath>
		</graphicData>
	</ThingDef>
	
	<ThingDef ParentName="ArcadeBase">
		<defName>ArcadePK</defName>
		<label>Arcade, Psycho Knots</label>
		<description>The artisanal pizzeria championships are back for their 72nd tournament, can you out-bake your way to the top? </description>
		<graphicData>
			<texPath>Things/Building/Joy/PsychoKnots/PsychoKnots</texPath>
		</graphicData>
	</ThingDef>
	
	<ThingDef ParentName="ArcadeBase">
		<defName>ArcadeSP</defName>
		<label>Arcade, Speltunky</label>
		<description>One day, a sinkhole collapses in the middle of your dinkel wheat farm, sending you plummeting into a massive underground cave network. Your only hope for escape is to mine your way out, but danger lurks around every corner.</description>
		<graphicData>
			<texPath>Things/Building/Joy/Speltunky/Speltunky</texPath>
		</graphicData>
	</ThingDef>
	
	<ThingDef ParentName="ArcadeBase">
		<defName>ArcadeTZ</defName>
		<label>Arcade, The Zimz</label>
		<description>In The Zimz, you play a game that simulates people and watch as they sometimes play games that simulate people. Talk about a multiverse...</description>
		<graphicData>
			<texPath>Things/Building/Joy/TheZimz/TheZimz</texPath>
		</graphicData>
	</ThingDef>
		
	<ThingDef ParentName="ArcadeBase">
		<defName>ArcadeTV</defName>
		<label>Arcade, Trauma Vendor</label>
		<description>It's 14:00, time to drive the truck around and see who needs medical treatment. Just another day on a warring urbworld.</description>
		<graphicData>
			<texPath>Things/Building/Joy/TraumaVendor/TraumaVendor</texPath>
		</graphicData>
	</ThingDef>
	
	<ThingDef ParentName="ArcadeBase">
		<defName>ArcadeGD</defName>
		<label>Arcade, Glutendogs</label>
		<description>Can you tame your new pets before they get flour all over the bakery? Why did you even bring dogs to a bakery?</description>
		<graphicData>
			<texPath>Things/Building/Joy/Glutendogs/Glutendogs</texPath>
		</graphicData>
	</ThingDef>
	
	
  <!-- ======================= Minified things ========================= -->

  <ThingDef Name="MinifiedBase" Abstract="True">
    <thingClass>MinifiedThing</thingClass>
    <category>Item</category>
    <useHitPoints>true</useHitPoints>
    <selectable>true</selectable>
    <altitudeLayer>Item</altitudeLayer>
    <!-- for CompForbiddable -->
    <drawerType>RealtimeOnly</drawerType>
    <comps>
      <li>
        <compClass>CompForbiddable</compClass>
      </li>
    </comps>
    <alwaysHaulable>true</alwaysHaulable>
    <rotatable>false</rotatable>
    <pathCost>15</pathCost>
  </ThingDef>

  <ThingDef ParentName="MinifiedBase">
    <defName>MinifiedPainting</defName>
    <label>Painting</label>
    <thingCategories>
      <li>Art</li>
    </thingCategories>
    <inspectorTabs>
      <li>ITab_Art</li>
    </inspectorTabs>
  </ThingDef>

	
</ThingDefs>