<?xml version="1.0" encoding="utf-8" ?>
<Resources>
	
	<ThingDef Name="ResourceBase" Abstract="True">
		<thingClass>ThingWithComps</thingClass>
		<label>unspecified resource</label>
		<category>Item</category>
		<resourceReadoutPriority>Middle</resourceReadoutPriority>
		<useHitPoints>true</useHitPoints>
		<statBases>
			<Flammability>1.0</Flammability>
		</statBases>
		<selectable>true</selectable>
		<altitudeLayer>Item</altitudeLayer>
		<stackLimit>75</stackLimit>
		<comps>
			<li>
				<compClass>CompForbiddable</compClass>
			</li>
		</comps>
		<alwaysHaulable>true</alwaysHaulable>
		<drawGUIOverlay>true</drawGUIOverlay>
		<rotatable>false</rotatable>
		<pathCost>15</pathCost>
	</ThingDef>
	
	
	
	<ThingDef ParentName="ResourceBase">
		<defName>PileOfBooks</defName>
		<label>pile of books</label>
		<description>A random assortment of books.</description>
		<graphicData>
			<texPath>Things/Items/Resources/PileOfBooks</texPath>
			<graphicClass>Graphic_Single</graphicClass>
		</graphicData>
		<resourceReadoutPriority>First</resourceReadoutPriority>
		<soundInteract>Wood_Drop</soundInteract>
		<soundDrop>Wood_Drop</soundDrop>
		<useHitPoints>false</useHitPoints>
		<statBases>
			<MarketValue>35</MarketValue>
		</statBases>
		<stackLimit>10</stackLimit>
		<thingCategories>
			<li>ArtResources</li><!--Changed from Manufactured-->
		</thingCategories>
		<tradeTags>
			<li>Exotic</li>
			<li>JoyItem</li>
		</tradeTags>
		<techLevel>Spacer</techLevel>
		<canBeSpawningInventory>true</canBeSpawningInventory>		
		<comps>
			<li>
				<compClass>CompQuality</compClass>
			</li>
		</comps>
	</ThingDef>
	
	<ThingDef ParentName="ResourceBase">
		<defName>PaintingSupplies</defName>
		<label>painting supplies</label>
		<description>A large assortment of brushes and paints, perfect for any artist.</description>
		<graphicData>
			<texPath>Things/Items/Resources/PaintingSupplies</texPath>
			<graphicClass>Graphic_Single</graphicClass>
		</graphicData>
		<resourceReadoutPriority>First</resourceReadoutPriority>
		<soundInteract>Wood_Drop</soundInteract>
		<soundDrop>Wood_Drop</soundDrop>
		<useHitPoints>false</useHitPoints>
		<statBases>
			<MarketValue>20</MarketValue>
		</statBases>
		<stackLimit>10</stackLimit>
		<thingCategories>
			<li>ArtResources</li><!--Changed from Manufactured-->
		</thingCategories>
		<tradeTags>
			<li>Exotic</li>
			<li>JoyItem</li>
		</tradeTags>
		<techLevel>Neolithic</techLevel>
		<canBeSpawningInventory>true</canBeSpawningInventory>
		<stuffProps>
			<categories>
				<li>Paint</li>
			</categories>
		</stuffProps>
	</ThingDef>
	
	
	<ThingDef ParentName="ResourceBase">
		<defName>RainbowPetals</defName>
		<label>rainbow petals</label>
		<description>A small bundle of multi-colored flower petals.</description>
		<graphicData>
			<texPath>Things/Items/Resources/RainbowPetals</texPath>
			<graphicClass>Graphic_Single</graphicClass>
		</graphicData>
		<resourceReadoutPriority>First</resourceReadoutPriority>
		<useHitPoints>false</useHitPoints>
		<statBases>
			<MarketValue>5</MarketValue>
		</statBases>
		<stackLimit>100</stackLimit>
		<thingCategories>
			<li>PlantResources</li><!--Changed from ResourcesRaw-->
		</thingCategories>
		<tradeTags>
			<li>Exotic</li>
		</tradeTags>
		<techLevel>Spacer</techLevel>
		<canBeSpawningInventory>true</canBeSpawningInventory>	
	</ThingDef>
	
	<ThingDef ParentName="ResourceBase">
		<defName>Paper</defName>
		<label>paper</label>
		<description>Flat and smooth, ready for writing.</description>
		<graphicData>
			<texPath>Things/Items/Resources/Paper</texPath>
			<graphicClass>Graphic_Single</graphicClass>
			<onGroundRandomRotateAngle>35</onGroundRandomRotateAngle>
		</graphicData>
		<resourceReadoutPriority>First</resourceReadoutPriority>
		<soundInteract>Grain_Drop</soundInteract>
		<soundDrop>Grain_Drop</soundDrop>
		<useHitPoints>false</useHitPoints>
		<statBases>
			<MarketValue>3</MarketValue>
			<SellPriceFactor>0.5</SellPriceFactor>
		</statBases>
		<stackLimit>500</stackLimit>
		<thingCategories>
			<li>ArtResources</li><!--Changed from Manufactured-->
		</thingCategories>
		<tradeTags>
			<li>Exotic</li>
		</tradeTags>	
	</ThingDef>
	
	<ThingDef ParentName="ResourceBase">
		<defName>BlankBook</defName>
		<label>blank book</label>
		<description>A book ready for writing.</description>
		<graphicData>
			<texPath>Things/Items/Resources/BlankBook</texPath>
			<graphicClass>Graphic_Random</graphicClass>
		</graphicData>
		<resourceReadoutPriority>First</resourceReadoutPriority>
		<soundInteract>Wood_Drop</soundInteract>
		<soundDrop>Wood_Drop</soundDrop>
		<useHitPoints>false</useHitPoints>
		<statBases>
			<MarketValue>5</MarketValue>
			<SellPriceFactor>0.75</SellPriceFactor>
		</statBases>
		<stackLimit>5</stackLimit>
		<thingCategories>
			<li>ArtResources</li><!--Changed from Manufactured-->
		</thingCategories>
		<tradeTags>
			<li>Exotic</li>
			<li>JoyItem</li>
		</tradeTags>	
		<stuffProps>
			<categories>
				<li>BlankBook</li>
			</categories>
		</stuffProps>
	</ThingDef>
	
	<ThingDef ParentName="ResourceBase">
    <defName>WrittenBook</defName>
    <label>written book</label>
    <description>A book that has been written by a colonist.</description>
    <graphicData>
      <texPath>Things/Items/Resources/WrittenBook</texPath>
      <graphicClass>Graphic_Random</graphicClass>
    </graphicData>
	 <resourceReadoutPriority>First</resourceReadoutPriority>
		<soundInteract>Wood_Drop</soundInteract>
		<soundDrop>Wood_Drop</soundDrop>
		<useHitPoints>false</useHitPoints>
    <statBases>
		<WorkToMake>25000</WorkToMake>
      <MaxHitPoints>100</MaxHitPoints>
      <MarketValue>12</MarketValue>
      <Flammability>1.0</Flammability>
    </statBases>
	 <thingCategories>
		<li>Art</li>
	</thingCategories>
	<stackLimit>1</stackLimit>
	<comps>
		<li>
			<compClass>CompQuality</compClass>
		</li>
		<li>
			<compClass>CompArt</compClass>
			<nameMaker>NamerSculpture</nameMaker>
			<descriptionMaker>ArtBook</descriptionMaker>
		</li>
	</comps>
	<inspectorTabs>
		<li>ITab_Art</li>
	</inspectorTabs>
  </ThingDef>
	

	
</Resources>






