﻿<?xml version="1.0" encoding="utf-8" ?>
<Buildings>


  <ThingDef Name="BuildingBase" Abstract="True">
    <category>Building</category>
    <soundImpactDefault>BulletImpactMetal</soundImpactDefault>
    <selectable>true</selectable>
    <drawerType>MapMeshAndRealTime</drawerType>
    <terrainAffordanceNeeded>Light</terrainAffordanceNeeded>
    <repairEffect>Repair</repairEffect>
    <leaveResourcesWhenKilled>true</leaveResourcesWhenKilled>
    <filthLeaving>BuildingRubble</filthLeaving>
  </ThingDef>


	<ThingDef ParentName="BuildingBase">
		<defName>PowerSwitch</defName>
		<label>power switch</label>
		<thingClass>PowerSwitch.Building_PowerSwitchMod</thingClass>
		<category>Building</category>
		<description>Switches power on/off.</description>
		<graphicData>
			<texPath>Things/Building/Power/PowerSwitch_On</texPath>
			<graphicClass>Graphic_Single</graphicClass>
			<shaderType>Transparent</shaderType>
		</graphicData>
		<building>
			<ignoreNeedsPower>true</ignoreNeedsPower>
			<isEdifice>false</isEdifice>
			<allowWireConnection>false</allowWireConnection>
		</building>
		<altitudeLayer>Pawn</altitudeLayer>
		<passability>Standable</passability>
		<leaveResourcesWhenKilled>false</leaveResourcesWhenKilled>
		<statBases>
			<MaxHitPoints>120</MaxHitPoints>
			<WorkToMake>200</WorkToMake>
			<Flammability>0.4</Flammability>
			<Beauty>-2</Beauty>
		</statBases>
		<placingDraggableDimensions>0</placingDraggableDimensions>
		<costList>
			<Steel>15</Steel>
		</costList>
		<comps>
			<li>
				<compClass>CompPowerTransmitter</compClass>
				<transmitsPower>true</transmitsPower>
			</li>
		</comps>
		<rotatable>false</rotatable>
		<selectable>true</selectable>
		<neverMultiSelect>false</neverMultiSelect>
		<tickerType>Normal</tickerType>
		<designationCategory>Power</designationCategory>
		<constructEffect>ConstructMetal</constructEffect>
		<researchPrerequisite>PowerI</researchPrerequisite>
		<!-- 
		<isEdifice>true</isEdifice>
		<altitudeLayer>Waist</altitudeLayer>
		-->
	</ThingDef><!--added prerequisite-->
	
</Buildings>
