<?xml version="1.0" encoding="utf-8"?>
<DefPackage-TraderKindDef>

	<!--========================= Manufactured Goods Trader =============================-->

	<TraderKindDef>
		<defName>ManufacturedGoodsTrader</defName>
		<label>manufactured resources trader</label>
		<stockGenerators>
			<li Class="StockGenerator_SingleDef">
				<thingDef>Silver</thingDef>
				<countRange>
					<min>4000</min>
					<max>6000</max>
				</countRange>
			</li>
			<!--<li Class="StockGenerator_SingleDef">
				<thingDef>WoodPlank</thingDef>
				<price>Cheap</price>
				<countRange>
					<min>800</min>
					<max>1500</max>
				</countRange>
			</li>
			<li Class="StockGenerator_SingleDef">
				<thingDef>SteelBar</thingDef>
				<price>Cheap</price>
				<countRange>
					<min>800</min>
					<max>1500</max>
				</countRange>
			</li>
			<li Class="StockGenerator_SingleDef">
				<thingDef>PlasteelBar</thingDef>
				<price>Cheap</price>
				<countRange>
					<min>800</min>
					<max>1500</max>
				</countRange>
			</li>-->
			<li Class="StockGenerator_SingleDef">
				<thingDef>Mulch</thingDef>
				<price>Cheap</price>
				<countRange>
					<min>800</min>
					<max>1500</max>
				</countRange>
			</li>
			<li Class="StockGenerator_SingleDef">
				<thingDef>Sand</thingDef>
				<price>Cheap</price>
				<countRange>
					<min>800</min>
					<max>1500</max>
				</countRange>
			</li>
			<li Class="StockGenerator_Category">
				<categoryDef>StoneBlocks</categoryDef>
				<thingDefCountRange>
					<min>3</min>
					<max>6</max>
				</thingDefCountRange>
				<price>Cheap</price>
				<totalPriceRange>
					<min>1500</min>
					<max>3000</max>
				</totalPriceRange>
			</li>
			<li Class="StockGenerator_Category">
				<categoryDef>Leathers</categoryDef>
				<thingDefCountRange>
					<min>3</min>
					<max>6</max>
				</thingDefCountRange>
				<price>Cheap</price>
				<totalPriceRange>
					<min>1500</min>
					<max>3000</max>
				</totalPriceRange>
			</li>
			<li Class="StockGenerator_Category">
				<categoryDef>Textiles</categoryDef>
				<thingDefCountRange>
					<min>1</min>
					<max>3</max>
				</thingDefCountRange>
				<price>Cheap</price>
				<totalPriceRange>
					<min>1500</min>
					<max>3000</max>
				</totalPriceRange>
			</li>
			<li Class="StockGenerator_SingleDef">
				<thingDef>MealSurvivalPack</thingDef>
				<price>Expensive</price>
				<countRange>
					<min>10</min>
					<max>30</max>
				</countRange>
			</li>
			<li Class="StockGenerator_SingleDef">
				<thingDef>Medicine</thingDef>
				<price>Expensive</price>
				<countRange>
					<min>10</min>
					<max>30</max>
				</countRange>
			</li>
		</stockGenerators>
	</TraderKindDef>
	
	<!--========================= Crafted Goods Trader =============================-->

	<TraderKindDef>
		<defName>CraftedGoodsTrader</defName>
		<label>crafted goods trader</label>
		<stockGenerators>
			<li Class="StockGenerator_SingleDef">
				<thingDef>Silver</thingDef>
				<countRange>
					<min>4000</min>
					<max>6000</max>
				</countRange>
			</li>
			<li Class="StockGenerator_SingleDef">
				<thingDef>Glass</thingDef>
				<price>Cheap</price>
				<countRange>
					<min>800</min>
					<max>1500</max>
				</countRange>
			</li>
			<li Class="StockGenerator_SingleDef">
				<thingDef>Electronics</thingDef>
				<price>Cheap</price>
				<countRange>
					<min>800</min>
					<max>1500</max>
				</countRange>
			</li>
			<li Class="StockGenerator_SingleDef">
				<thingDef>Beer</thingDef>
				<totalPriceRange>
					<min>-700</min>
					<max>2000</max>
				</totalPriceRange>
			</li>
			<li Class="StockGenerator_SingleDef">
				<thingDef>Chocolate</thingDef>
				<totalPriceRange>
					<min>-700</min>
					<max>2000</max>
				</totalPriceRange>
			</li>
			<li Class="StockGenerator_SingleDef">
				<thingDef>Telescope</thingDef>
				<countRange>
					<min>-5</min>
					<max>20</max>
				</countRange>
			</li>
			<li Class="StockGenerator_SingleDef">
				<thingDef>Television</thingDef>
				<countRange>
					<min>-5</min>
					<max>20</max>
				</countRange>
			</li>
			<li Class="StockGenerator_SingleDef">
				<thingDef>MealSurvivalPack</thingDef>
				<price>Expensive</price>
				<countRange>
					<min>10</min>
					<max>30</max>
				</countRange>
			</li>
			<li Class="StockGenerator_SingleDef">
				<thingDef>Medicine</thingDef>
				<price>Expensive</price>
				<countRange>
					<min>10</min>
					<max>30</max>
				</countRange>
			</li>
		</stockGenerators>
	</TraderKindDef>
	

</DefPackage-TraderKindDef>