<?xml version="1.0" encoding="utf-8" ?>
<ThingDefs>


  <ThingDef Name="BaseGun" Abstract="True">
    <category>Item</category>
    <thingClass>ThingWithComps</thingClass>
    <equipmentType>Primary</equipmentType>
    <pathCost>10</pathCost>
    <useHitPoints>True</useHitPoints>
    <selectable>True</selectable>
    <graphicData>
      <onGroundRandomRotateAngle>35</onGroundRandomRotateAngle>
    </graphicData>
    <drawGUIOverlay>true</drawGUIOverlay>
    <statBases>
      <MaxHitPoints>100</MaxHitPoints>
      <Flammability>0.9</Flammability>
      <DeteriorationRate>0.5</DeteriorationRate>
      <SellPriceFactor>0.6</SellPriceFactor>
    </statBases>
    <altitudeLayer>Item</altitudeLayer>
    <alwaysHaulable>True</alwaysHaulable>
    <tickerType>Never</tickerType>
    <techLevel>Spacer</techLevel>
    <thingCategories>
      <li>PlasmaWeapons</li> <!--changed from ADWeapons-->
    </thingCategories>
    <inspectorTabs>
      <li>ITab_Art</li>
    </inspectorTabs>
    <comps>
      <li>
        <compClass>CompForbiddable</compClass>
      </li>
      <li>
        <compClass>CompEquippable</compClass>
      </li>
      <li>
        <compClass>CompQuality</compClass>
      </li>
      <li>
        <compClass>CompArt</compClass>
        <nameMaker>NamerGun</nameMaker>
        <descriptionMaker>ArtWeaponGun</descriptionMaker>
        <minQualityForArtistic>Excellent</minQualityForArtistic>
      </li>
    </comps>
    <smeltProducts>
      <Steel>20</Steel>
      <Plasteel>20</Plasteel>
    </smeltProducts>
  </ThingDef>


  <ThingDef Name="BaseHumanGun" ParentName="BaseGun" Abstract="True">
    <weaponTags>
      <li>ADGun</li>
      <li>AdvancedGun</li>
    </weaponTags>
    <tradeTags>
      <li>CerRE</li>
    </tradeTags>
  </ThingDef>


  <ThingDef Name="BaseBullet" Abstract="True">
    <category>Projectile</category>
    <tickerType>Normal</tickerType>
    <altitudeLayer>Projectile</altitudeLayer>
    <thingClass>Bullet</thingClass>
    <label>bullet</label>
    <graphicData>
      <shaderType>Transparent</shaderType>
    </graphicData>
    <useHitPoints>False</useHitPoints>
    <neverMultiSelect>True</neverMultiSelect>

  </ThingDef>

  <!-- ============================================================== -->

	<ThingDef ParentName="BaseBullet">
		<defName>RS_Bullet_Facilitator</defName>
		<label>Plasma Sphere</label>
		<graphicData> <texPath>Things/Projectile/Plasma</texPath>
		<graphicClass>Graphic_Single</graphicClass> </graphicData>
		<thingClass>Projectile_Explosive</thingClass>
		<projectile>
			<damageDef>Plasma</damageDef>
			<DamageAmountBase>20</DamageAmountBase>
			<Speed>30</Speed>
			<explosionRadius>1</explosionRadius>
		</projectile>
	</ThingDef>

	<ThingDef ParentName="BaseHumanGun">
		<defName>FPCFacilitator</defName>
		<label>Plasma rifle</label>
 		<weaponTags>
  		    <li>FedElite</li>
 		</weaponTags>
		<description>Rare and gruesome weapon even in the Federation standards, XM32 "Facilitator" is a personal portable plasma weapon. It fires small bursts of magnetic cells that contain metal plasma.</description>
		<graphicData> <texPath>Things/A9/Facilitator</texPath>
		<graphicClass>Graphic_Single</graphicClass> </graphicData>
		<soundInteract>InteractChargeRifle</soundInteract>
	<equippedStatOffsets>
			 <MoveSpeed>-0.1</MoveSpeed>
	</equippedStatOffsets>
		<statBases>
			<MarketValue>2200</MarketValue>
			<MaxHitPoints>200</MaxHitPoints>
				<AccuracyTouch>0.65</AccuracyTouch>
				<AccuracyShort>0.74</AccuracyShort>
				<AccuracyMedium>0.87</AccuracyMedium>
				<AccuracyLong>0.90</AccuracyLong>
				<RangedWeapon_Cooldown>2.5</RangedWeapon_Cooldown>
		</statBases>
		<verbs>
			<li>
				<verbClass>Verb_Shoot</verbClass>
				<hasStandardCommand>true</hasStandardCommand>
				<projectileDef>RS_Bullet_Facilitator</projectileDef>
				<warmupTicks>125</warmupTicks>
				<burstShotCount>3</burstShotCount>
				<minRange>3</minRange>
				<range>26</range>
				 <targetParams>
				  <canTargetLocations>true</canTargetLocations>
				</targetParams>
				<soundCast>RS_ShotHarmonizer</soundCast>
				<soundCastTail>GunTail_Heavy</soundCastTail>
  				<muzzleFlashScale>14</muzzleFlashScale>
			</li>
		</verbs>
	</ThingDef>
</ThingDefs>