<?xml version="1.0" encoding="utf-8" ?>
<ThingDefs>


  <ThingDef Name="BaseGun" Abstract="True">
    <category>Item</category>
    <thingClass>ThingWithComps</thingClass>
    <equipmentType>Primary</equipmentType>
    <pathCost>10</pathCost>
    <useHitPoints>True</useHitPoints>
    <selectable>True</selectable>
    <graphicData>
      <onGroundRandomRotateAngle>35</onGroundRandomRotateAngle>
    </graphicData>
    <drawGUIOverlay>true</drawGUIOverlay>
    <statBases>
      <MaxHitPoints>100</MaxHitPoints>
      <Flammability>0.9</Flammability>
      <DeteriorationRate>0.5</DeteriorationRate>
      <SellPriceFactor>0.6</SellPriceFactor>
    </statBases>
    <altitudeLayer>Item</altitudeLayer>
    <alwaysHaulable>True</alwaysHaulable>
    <tickerType>Never</tickerType>
    <techLevel>Spacer</techLevel>
    <!--<thingCategories>
      <li>ADWeapons</li>
    </thingCategories> removed-->
    <inspectorTabs>
      <li>ITab_Art</li>
    </inspectorTabs>
    <comps>
      <li>
        <compClass>CompForbiddable</compClass>
      </li>
      <li>
        <compClass>CompEquippable</compClass>
      </li>
      <li>
        <compClass>CompQuality</compClass>
      </li>
      <li>
        <compClass>CompArt</compClass>
        <nameMaker>NamerGun</nameMaker>
        <descriptionMaker>ArtWeaponGun</descriptionMaker>
        <minQualityForArtistic>Excellent</minQualityForArtistic>
      </li>
    </comps>
    <smeltProducts>
      <Steel>20</Steel>
      <Plasteel>20</Plasteel>
    </smeltProducts>
  </ThingDef>


  <ThingDef Name="BaseHumanGun" ParentName="BaseGun" Abstract="True">
    <weaponTags>
      <li>FedBikeGun</li>
    </weaponTags>
  </ThingDef>


  <ThingDef Name="BaseBullet" Abstract="True">
    <category>Projectile</category>
    <tickerType>Normal</tickerType>
    <altitudeLayer>Projectile</altitudeLayer>
    <thingClass>Bullet</thingClass>
    <label>bullet</label>
    <graphicData>
      <shaderType>Transparent</shaderType>
    </graphicData>
    <useHitPoints>False</useHitPoints>
    <neverMultiSelect>True</neverMultiSelect>

  </ThingDef>

  <!-- ============================================================== -->

	<ThingDef ParentName="BaseBullet">
		<defName>BikeMine</defName>
		<label>plasma mine</label>
		<graphicData> <texPath>Things/Projectile/FedMine</texPath>
		<graphicClass>Graphic_Single</graphicClass> </graphicData>
		<thingClass>Projectile_Explosive</thingClass>
		
		<projectile>
			<damageDef>Plasma</damageDef>
			<DamageAmountBase>15</DamageAmountBase>
			<explosionDelay>200</explosionDelay>
			<Speed>12</Speed>
			<explosionRadius>1.5</explosionRadius>
		</projectile>
	</ThingDef>

	<ThingDef ParentName="BaseHumanGun">
		<defName>BikeMineLauncher</defName>
		<label>mine launcher</label>
		<description>Plasma mine discharger.</description>
		<graphicData> <texPath>Things/A9/MechPlasma</texPath>
		<graphicClass>Graphic_Single</graphicClass> </graphicData>
		<soundInteract>InteractChargeRifle</soundInteract>
                                <destroyOnDrop>True</destroyOnDrop>
		<menuHidden>True</menuHidden>
		<tradeability>Never</tradeability>
		<statBases>
			<MarketValue>1500</MarketValue>
			<MaxHitPoints>200</MaxHitPoints>
				<AccuracyTouch>0.65</AccuracyTouch>
				<AccuracyShort>0.62</AccuracyShort>
				<AccuracyMedium>0.60</AccuracyMedium>
				<AccuracyLong>0.55</AccuracyLong>
				<RangedWeapon_Cooldown>2.8</RangedWeapon_Cooldown>
		</statBases>
		<verbs>
			<li>
				<verbClass>Verb_Shoot</verbClass>
				<hasStandardCommand>true</hasStandardCommand>
				<projectileDef>BikeMine</projectileDef>
				<burstShotCount>3</burstShotCount>
                                                                <forcedMissRadius>2</forcedMissRadius>
				<minRange>3</minRange>
				<ticksBetweenBurstShots>25</ticksBetweenBurstShots>
				<warmupTicks>160</warmupTicks>
				<range>10</range>
				<soundCast>ShotGdgrenade</soundCast>
                                                                <soundCastTail>GunTail_Heavy</soundCastTail>
  				<muzzleFlashScale>5</muzzleFlashScale>
			</li>
		</verbs>
		<thingCategories>
      <li>HeavyWeapons</li>
    </thingCategories> <!-- changed from ADWeapons-->
	</ThingDef>

  <!-- ============================================================== -->

	<ThingDef ParentName="BaseBullet">
		<defName>BikeEMPMine</defName>
		<label>EMP mine</label>
		<graphicData> <texPath>Things/Projectile/FedEMPMine</texPath>
		<graphicClass>Graphic_Single</graphicClass> </graphicData>
		<thingClass>Projectile_Explosive</thingClass>
		
		<projectile>
			<damageDef>EMP</damageDef>
			<DamageAmountBase>100</DamageAmountBase>
			<explosionDelay>200</explosionDelay>
			<Speed>12</Speed>
			<explosionRadius>1.5</explosionRadius>
		</projectile>
	</ThingDef>

	<ThingDef ParentName="BaseHumanGun">
		<defName>BikeEMPMineLauncher</defName>
		<label>EMP mine launcher</label>
		<description>EMP mine discharger.</description>
		<graphicData> <texPath>Things/A9/MechPlasma</texPath>
		<graphicClass>Graphic_Single</graphicClass> </graphicData>
		<soundInteract>InteractChargeRifle</soundInteract>
                                <destroyOnDrop>True</destroyOnDrop>
		<menuHidden>True</menuHidden>
		<tradeability>Never</tradeability>
		<statBases>
			<MarketValue>1500</MarketValue>
			<MaxHitPoints>200</MaxHitPoints>
				<AccuracyTouch>0.65</AccuracyTouch>
				<AccuracyShort>0.62</AccuracyShort>
				<AccuracyMedium>0.60</AccuracyMedium>
				<AccuracyLong>0.55</AccuracyLong>
				<RangedWeapon_Cooldown>2.8</RangedWeapon_Cooldown>
		</statBases>
		<verbs>
			<li>
				<verbClass>Verb_Shoot</verbClass>
				<hasStandardCommand>true</hasStandardCommand>
				<projectileDef>BikeEMPMine</projectileDef>
				<burstShotCount>3</burstShotCount>
                                                                <forcedMissRadius>2</forcedMissRadius>
				<minRange>3</minRange>
				<ticksBetweenBurstShots>25</ticksBetweenBurstShots>
				<warmupTicks>160</warmupTicks>
				<range>10</range>
				<soundCast>ShotGdgrenade</soundCast>
                                                                <soundCastTail>GunTail_Heavy</soundCastTail>
  				<muzzleFlashScale>5</muzzleFlashScale>
			</li>
		</verbs>
	</ThingDef>




  <!-- ============================================================== -->

	<ThingDef ParentName="BaseHumanGun">
		<defName>BikeLaser</defName>
		<label>optic cannon</label>
		<description>Arms Dynamics M554 "Wailer" optic cannon. This relatively simple optic weapon is usually used for mounted weapon of light vehicles of the Federation</description>
		<graphicData> <texPath>Things/A9/MechPlasma</texPath>
		<graphicClass>Graphic_Single</graphicClass> </graphicData>
		<soundInteract>InteractChargeRifle</soundInteract>
                                <destroyOnDrop>True</destroyOnDrop>
		<menuHidden>True</menuHidden>
		<tradeability>Never</tradeability>
		<statBases>
			<MarketValue>1500</MarketValue>
			<MaxHitPoints>200</MaxHitPoints>
				<AccuracyTouch>0.78</AccuracyTouch>
				<AccuracyShort>0.85</AccuracyShort>
				<AccuracyMedium>0.80</AccuracyMedium>
				<AccuracyLong>0.65</AccuracyLong>
				<RangedWeapon_Cooldown>0.7</RangedWeapon_Cooldown>
		</statBases>
		<verbs>
			<li>
				<verbClass>Verb_Shoot</verbClass>
				<hasStandardCommand>true</hasStandardCommand>
				<projectileDef>RS_Bullet_Negotiator</projectileDef>
				<minRange>3</minRange>
				<warmupTicks>50</warmupTicks>
				<range>26</range>
				<soundCast>RS_ShotNegotiator</soundCast>
                                                                <soundCastTail>GunTail_Heavy</soundCastTail>
  				<muzzleFlashScale>14</muzzleFlashScale>
			</li>
		</verbs>
		<thingCategories>
      <li>HeavyWeapons</li>
    </thingCategories> <!-- changed from ADWeapons-->
	</ThingDef>
</ThingDefs>