<?xml version="1.0" encoding="utf-8" ?>
<ThingDefs>


  <ThingDef Name="BaseGun" Abstract="True">
    <category>Item</category>
    <thingClass>ThingWithComps</thingClass>
    <equipmentType>Primary</equipmentType>
    <pathCost>10</pathCost>
    <useHitPoints>True</useHitPoints>
    <selectable>True</selectable>
    <graphicData>
      <onGroundRandomRotateAngle>35</onGroundRandomRotateAngle>
    </graphicData>
    <drawGUIOverlay>true</drawGUIOverlay>
    <statBases>
      <MaxHitPoints>100</MaxHitPoints>
      <Flammability>0.9</Flammability>
      <DeteriorationRate>0.5</DeteriorationRate>
      <SellPriceFactor>0.6</SellPriceFactor>
    </statBases>
    <altitudeLayer>Item</altitudeLayer>
    <alwaysHaulable>True</alwaysHaulable>
    <tickerType>Never</tickerType>
    <techLevel>Spacer</techLevel>
    <!--<thingCategories>
      <li>ADWeapons</li>
    </thingCategories> removed-->
    <inspectorTabs>
      <li>ITab_Art</li>
    </inspectorTabs>
    <comps>
      <li>
        <compClass>CompForbiddable</compClass>
      </li>
      <li>
        <compClass>CompEquippable</compClass>
      </li>
      <li>
        <compClass>CompQuality</compClass>
      </li>
      <li>
        <compClass>CompArt</compClass>
        <nameMaker>NamerGun</nameMaker>
        <descriptionMaker>ArtWeaponGun</descriptionMaker>
        <minQualityForArtistic>Excellent</minQualityForArtistic>
      </li>
    </comps>
    <smeltProducts>
      <Steel>20</Steel>
      <Plasteel>20</Plasteel>
    </smeltProducts>
  </ThingDef>


  <ThingDef Name="BaseHumanGun" ParentName="BaseGun" Abstract="True">
    <weaponTags>
      <li>FedMechanoid</li>
    </weaponTags>
  </ThingDef>


  <ThingDef Name="BaseBullet" Abstract="True">
    <category>Projectile</category>
    <tickerType>Normal</tickerType>
    <altitudeLayer>Projectile</altitudeLayer>
    <thingClass>Bullet</thingClass>
    <label>bullet</label>
    <graphicData>
      <shaderType>Transparent</shaderType>
    </graphicData>
    <useHitPoints>False</useHitPoints>
    <neverMultiSelect>True</neverMultiSelect>

  </ThingDef>

  <!-- ============================================================== -->


	<ThingDef ParentName="BaseHumanGun">
		<defName>FPCscatterlaser</defName>
		<label>optic scatter gun</label>
		<description>M101 "Shrieker" optic scatter gun. Standard weapon of the Federation mechanoids.</description>
		<graphicData> <texPath>Things/A9/Scatter</texPath>
		<graphicClass>Graphic_Single</graphicClass> </graphicData>
		<soundInteract>InteractChargeRifle</soundInteract>
		<tradeability>Never</tradeability>
		<destroyOnDrop>True</destroyOnDrop>
		<menuHidden>True</menuHidden>
		<statBases>
			<MarketValue>1500</MarketValue>
			<MaxHitPoints>200</MaxHitPoints>
				<AccuracyTouch>0.998</AccuracyTouch>
				<AccuracyShort>0.65</AccuracyShort>
				<AccuracyMedium>0.30</AccuracyMedium>
				<AccuracyLong>0.15</AccuracyLong>
				<RangedWeapon_Cooldown>1.8</RangedWeapon_Cooldown>
		</statBases>
		<verbs>
			<li>
				<verbClass>Verb_Shoot</verbClass>
				<hasStandardCommand>true</hasStandardCommand>
				<projectileDef>RS_Bullet_Negotiator</projectileDef>
				<burstShotCount>5</burstShotCount>
				<forcedMissRadius>1</forcedMissRadius>
				<ticksBetweenBurstShots>0</ticksBetweenBurstShots>
				<warmupTicks>150</warmupTicks>
				<minRange>4</minRange>
				<range>18</range>
				<soundCast>RS_ShotNegotiator</soundCast>
				<soundCastTail>GunTail_Heavy</soundCastTail>
  				<muzzleFlashScale>14</muzzleFlashScale>
			</li>
		</verbs>
		<thingCategories>
      <li>PlasmaWeapons</li>
    </thingCategories> <!-- changed from ADWeapons-->
	</ThingDef>
</ThingDefs>