﻿<?xml version="1.0" encoding="utf-8" ?>
<Buildings>

  <ThingDef Name="BedBase" Abstract="True">
    <category>Building</category>
    <thingClass>Building</thingClass>
    <soundImpactDefault>BulletImpactMetal</soundImpactDefault>
    <selectable>true</selectable>
    <drawerType>MapMeshAndRealTime</drawerType>
    <terrainAffordanceNeeded>Light</terrainAffordanceNeeded>
    <repairEffect>Repair</repairEffect>
    <leaveResourcesWhenKilled>true</leaveResourcesWhenKilled>
    <filthLeaving>BuildingRubble</filthLeaving>
		<AltitudeLayer>Waist</AltitudeLayer>
    <statBases>
      <MaxHitPoints>150</MaxHitPoints>
      <Flammability>1.0</Flammability>
      <Beauty>8</Beauty>
      <WorkToMake>870</WorkToMake>
      <BedRestEffectiveness>1</BedRestEffectiveness>
      <Comfort>0.75</Comfort>
      <ImmunityGainSpeedFactor>1.1</ImmunityGainSpeedFactor>
    </statBases>
		<Size>(1,2)</Size>
    <stuffCategories>
      <li>Metallic</li>
      <li>Woody</li>
      <li>Stony</li>
    </stuffCategories>
    <costStuffCount>35</costStuffCount>
    <costList>
      <Cloth>5</Cloth>
    </costList>
		<building>
			<Bed_ShowSleeperBody>False</Bed_ShowSleeperBody>
			<Bed_HealTickInterval>2100</Bed_HealTickInterval>
		</building>
    <comps>
      <li>
        <compClass>CompAffectedByFacilities</compClass>
        <linkableFacilities>
          <li>VitalsMonitor</li>
        </linkableFacilities>
      </li>
      <li>
        <compClass>CompQuality</compClass>
      </li>
    </comps>
		<fillPercent>0.4</fillPercent>
		<PathCost>60</PathCost>
		<StaticSunShadowHeight>0.17</StaticSunShadowHeight>
		<CastEdgeShadows>True</CastEdgeShadows>
		<Passability>PassThroughOnly</Passability>
		<DrawGUIOverlay>True</DrawGUIOverlay>
		<placeWorkers>
			<li>PlaceWorker_ShowFacilitiesConnections</li>
		</placeWorkers>
    <DesignationCategory>Furniture</DesignationCategory>
    <minifiedDef>MinifiedFurniture</minifiedDef>
	<researchPrerequisite>CraftingI</researchPrerequisite><!--added prerequisite-->
  </ThingDef>
  
  <ThingDef Name="RoyalBedBase" Abstract="True">
    <category>Building</category>
    <thingClass>Building</thingClass>
    <soundImpactDefault>BulletImpactMetal</soundImpactDefault>
    <selectable>true</selectable>
    <drawerType>MapMeshAndRealTime</drawerType>
    <terrainAffordanceNeeded>Light</terrainAffordanceNeeded>
    <repairEffect>Repair</repairEffect>
    <leaveResourcesWhenKilled>true</leaveResourcesWhenKilled>
    <filthLeaving>BuildingRubble</filthLeaving>
    <AltitudeLayer>Waist</AltitudeLayer>
    <statBases>
      <MaxHitPoints>200</MaxHitPoints>
      <Flammability>1.0</Flammability>
      <WorkToMake>4500</WorkToMake>
      <Beauty>50</Beauty>
      <BedRestEffectiveness>1.05</BedRestEffectiveness>
      <Comfort>0.85</Comfort>
      <ImmunityGainSpeedFactor>1.1</ImmunityGainSpeedFactor>
    </statBases>
    <Size>(2,2)</Size>
    <stuffCategories>
      <li>Metallic</li>
      <li>Woody</li>
      <li>Stony</li>
    </stuffCategories>
    <costStuffCount>100</costStuffCount>
    <costList>
      <Cloth>15</Cloth>
    </costList>
    <building>
      <Bed_ShowSleeperBody>False</Bed_ShowSleeperBody>
      <Bed_HealTickInterval>2000</Bed_HealTickInterval>
    </building>
    <comps>
      <li>
        <compClass>CompAffectedByFacilities</compClass>
        <linkableFacilities>
          <li>VitalsMonitor</li>
        </linkableFacilities>
      </li>
      <li>
        <compClass>CompQuality</compClass>
      </li>
      <li>
        <compClass>CompArt</compClass>
        <nameMaker>NamerFurniture</nameMaker>
        <descriptionMaker>ArtFurniture</descriptionMaker>
        <minQualityForArtistic>Excellent</minQualityForArtistic>
      </li>
    </comps>
    <terrainAffordanceNeeded>Light</terrainAffordanceNeeded>
    <fillPercent>0.4</fillPercent>
    <PathCost>60</PathCost>
    <LeaveResourcesWhenKilled>True</LeaveResourcesWhenKilled>
    <StaticSunShadowHeight>0.17</StaticSunShadowHeight>
    <CastEdgeShadows>True</CastEdgeShadows>
    <Passability>PassThroughOnly</Passability>
    <DrawGUIOverlay>True</DrawGUIOverlay>
		<placeWorkers>
			<li>PlaceWorker_ShowFacilitiesConnections</li>
		</placeWorkers>
    <inspectorTabs>
      <li>ITab_Art</li>
    </inspectorTabs>
    <DesignationCategory>Furniture</DesignationCategory>
    <minifiedDef>MinifiedFurniture</minifiedDef>
	<researchPrerequisite>CraftingI</researchPrerequisite><!--added prerequisite-->
  </ThingDef>
  
  
  
	<!-- Standard beds -->
	<!-- ++++++++++++++++++++++++++++++++++++++++++++++++++++++++++++++++++++++ -->
  
 	<ThingDef ParentName="BedBase">
		<defName>Bed</defName>
		<Label>bed</Label>
		<Description>A cozy mattress and red sheets on a frame for resting.</Description>
		<ThingClass>Building_Bed</ThingClass>
    <graphicData>
      <texPath>Things/Building/Furniture/Bed/Bed</texPath>
      <graphicClass>Graphic_Multi</graphicClass>
      <shaderType>CutoutComplex</shaderType>
      <drawSize>(3,4)</drawSize>
    </graphicData>
	</ThingDef>
  
	<ThingDef ParentName="BedBase">
		<defName>BedRed</defName>
		<Label>bed (red)</Label>
		<Description>A cozy mattress and red sheets on a frame for resting.</Description>
		<ThingClass>Building_Bed</ThingClass>
    <graphicData>
      <texPath>Things/Building/BedRed</texPath>
      <graphicClass>Graphic_Multi</graphicClass>
      <shaderType>CutoutComplex</shaderType>
      <drawSize>(3,4)</drawSize>
    </graphicData>
	</ThingDef>

	<ThingDef ParentName="BedBase">
		<defName>BedYellow</defName>
		<Label>bed (yellow)</Label>
		<Description>A cozy mattress and yellow sheets on a frame for resting.</Description>
		<ThingClass>Building_Bed</ThingClass>
    <graphicData>
      <texPath>Things/Building/BedYellow</texPath>
      <graphicClass>Graphic_Multi</graphicClass>
      <shaderType>CutoutComplex</shaderType>
      <drawSize>(3,4)</drawSize>
    </graphicData>
	</ThingDef>
	
	<ThingDef ParentName="BedBase">
		<defName>BedGreen</defName>
		<Label>bed (green)</Label>
		<Description>A cozy mattress and green sheets on a frame for resting.</Description>
		<ThingClass>Building_Bed</ThingClass>
    <graphicData>
      <texPath>Things/Building/BedGreen</texPath>
      <graphicClass>Graphic_Multi</graphicClass>
      <shaderType>CutoutComplex</shaderType>
      <drawSize>(3,4)</drawSize>
    </graphicData>
	</ThingDef>
	
	<ThingDef ParentName="BedBase">
		<defName>BedBlue</defName>
		<Label>bed (blue)</Label>
		<Description>A cozy mattress and blue sheets on a frame for resting.</Description>
		<ThingClass>Building_Bed</ThingClass>
    <graphicData>
      <texPath>Things/Building/BedBlue</texPath>
      <graphicClass>Graphic_Multi</graphicClass>
      <shaderType>CutoutComplex</shaderType>
      <drawSize>(3,4)</drawSize>
    </graphicData>
	</ThingDef>
	
	<ThingDef ParentName="BedBase">
		<defName>BedPurple</defName>
		<Label>bed (purple)</Label>
		<Description>A cozy mattress and purple sheets on a frame for resting.</Description>
		<ThingClass>Building_Bed</ThingClass>
    <graphicData>
      <texPath>Things/Building/BedPurple</texPath>
      <graphicClass>Graphic_Multi</graphicClass>
      <shaderType>CutoutComplex</shaderType>
      <drawSize>(3,4)</drawSize>
    </graphicData>
	</ThingDef>
	
	
  
	<!-- Royal beds -->
	<!-- ++++++++++++++++++++++++++++++++++++++++++++++++++++++++++++++++++++++ -->
  
    <ThingDef ParentName="RoyalBedBase">
    <defName>RoyalBed</defName>
    <label>royal bed</label>
    <Description>A luxurious bed fit for the highborn.</Description>
    <ThingClass>Building_Bed</ThingClass>
    <graphicData>
      <texPath>Things/Building/Furniture/Bed/RoyalBed</texPath>
      <graphicClass>Graphic_Multi</graphicClass>
      <shaderType>CutoutComplex</shaderType>
      <drawSize>(4,4)</drawSize>
    </graphicData>
  </ThingDef>
  
  <ThingDef ParentName="RoyalBedBase">
    <defName>RoyalBedRed</defName>
    <label>royal bed (red)</label>
    <Description>A luxurious bed fit for the highborn, topped with crisp red sheets.</Description>
    <ThingClass>Building_Bed</ThingClass>
    <graphicData>
      <texPath>Things/Building/RoyalBedRed</texPath>
      <graphicClass>Graphic_Multi</graphicClass>
      <shaderType>CutoutComplex</shaderType>
      <drawSize>(4,4)</drawSize>
    </graphicData>
  </ThingDef>
	
  <ThingDef ParentName="RoyalBedBase">
    <defName>RoyalBedYellow</defName>
    <label>royal bed (yellow)</label>
    <Description>A luxurious bed fit for the highborn, topped with crisp yellow sheets.</Description>
    <ThingClass>Building_Bed</ThingClass>
    <graphicData>
      <texPath>Things/Building/RoyalBedYellow</texPath>
      <graphicClass>Graphic_Multi</graphicClass>
      <shaderType>CutoutComplex</shaderType>
      <drawSize>(4,4)</drawSize>
    </graphicData>
  </ThingDef>
		
  <ThingDef ParentName="RoyalBedBase">
    <defName>RoyalBedRedGreen</defName>
    <label>royal bed (green)</label>
    <Description>A luxurious bed fit for the highborn, topped with crisp green sheets.</Description>
    <ThingClass>Building_Bed</ThingClass>
    <graphicData>
      <texPath>Things/Building/RoyalBedGreen</texPath>
      <graphicClass>Graphic_Multi</graphicClass>
      <shaderType>CutoutComplex</shaderType>
      <drawSize>(4,4)</drawSize>
    </graphicData>
  </ThingDef>
	
  <ThingDef ParentName="RoyalBedBase">
    <defName>RoyalBedRedBlue</defName>
    <label>royal bed (blue)</label>
    <Description>A luxurious bed fit for the highborn, topped with crisp blue sheets.</Description>
    <ThingClass>Building_Bed</ThingClass>
    <graphicData>
      <texPath>Things/Building/RoyalBedBlue</texPath>
      <graphicClass>Graphic_Multi</graphicClass>
      <shaderType>CutoutComplex</shaderType>
      <drawSize>(4,4)</drawSize>
    </graphicData>
  </ThingDef>
	
  <ThingDef ParentName="RoyalBedBase">
    <defName>RoyalBedRedPurple</defName>
    <label>royal bed (purple)</label>
    <Description>A luxurious bed fit for the highborn, topped with crisp purple sheets.</Description>
    <ThingClass>Building_Bed</ThingClass>
    <graphicData>
      <texPath>Things/Building/RoyalBedPurple</texPath>
      <graphicClass>Graphic_Multi</graphicClass>
      <shaderType>CutoutComplex</shaderType>
      <drawSize>(4,4)</drawSize>
    </graphicData>
  </ThingDef>

</Buildings>