<?xml version="1.0" encoding="utf-8"?>

<RecipeDefs>
  <RecipeDef>
    <defName>MD2MakeCircuitry</defName>
    <label>make circuitry</label>
    <description>Assembles various circuitry.</description>
    <jobString>Soldering PCB's.</jobString>
    <workAmount>600</workAmount>
    <workSpeedStat>MD2SolderingSpeed</workSpeedStat>
    <effectWorking>Repair</effectWorking>
    <soundWorking>Interact_Repair</soundWorking>
    <recipeUsers>
      <li>TableMachining</li>
    </recipeUsers>
    <ingredients>
      <li>
        <filter>
          <thingDefs>
            <li>MD2Silicon</li>
          </thingDefs>
        </filter>
        <count>10</count>
      </li>
      <li>
        <filter>
          <thingDefs>
            <li>Silver</li>
          </thingDefs>
        </filter>
        <count>5</count>
      </li>
      <li>
        <filter>
          <thingDefs>
            <li>Steel</li>
          </thingDefs>
        </filter>
        <count>30</count>
      </li>
    </ingredients>
    <products>
      <MD2Circuitry>10</MD2Circuitry>
    </products>
    <fixedIngredientFilter>
      <thingDefs>
        <li>Steel</li>
        <li>Silver</li>
        <li>MD2Silicon</li>
      </thingDefs>
    </fixedIngredientFilter>
    <workSkill>Crafting</workSkill>
  </RecipeDef>


</RecipeDefs>