﻿<?xml version="1.0" encoding="utf-8" ?>
<ThingDefs>

  <ThingDef Name="BuildingNaturalBase" Abstract="True">
    <category>Building</category>
    <selectable>true</selectable>
    <drawerType>MapMeshOnly</drawerType>
    <filthLeaving>RockRubble</filthLeaving>
  </ThingDef>


  <ThingDef Name="RockBase" ParentName="BuildingNaturalBase" Abstract="True" >
    <thingClass>Mineable</thingClass>
    <graphicData>
      <texPath>Things/Building/Linked/Rock_Atlas</texPath>
      <graphicClass>Graphic_Single</graphicClass>
      <linkType>CornerFiller</linkType>
      <linkFlags>
        <li>Rock</li>
        <li>MapEdge</li>
      </linkFlags>
    </graphicData>
    <altitudeLayer>BuildingTall</altitudeLayer>
    <passability>Impassable</passability>
    <castEdgeShadows>true</castEdgeShadows>
    <fillPercent>1</fillPercent>
    <coversFloor>true</coversFloor>
    <neverMultiSelect>true</neverMultiSelect>
    <rotatable>false</rotatable>
    <saveCompressible>true</saveCompressible>
    <holdsRoof>true</holdsRoof>
    <staticSunShadowHeight>1.0</staticSunShadowHeight>
    <blockLight>true</blockLight>
    <mineable>true</mineable>
    <statBases>
      <Flammability>0</Flammability>
    </statBases>
    <building>
      <isInert>true</isInert>
      <isNaturalRock>true</isNaturalRock>
      <soundMined>CollapseRock</soundMined>
      <canBuildNonEdificesUnder>false</canBuildNonEdificesUnder>
      <deconstructible>false</deconstructible>
    </building>
  </ThingDef>







  <!--============================ Resource rocks ===============================-->
  

  <ThingDef ParentName="RockBase">
    <defName>MineableCopper</defName>
    <label>copper ore</label>
<graphicData>
    <texPath>Things/Building/Linked/RockFlecked_Atlas</texPath>
    <graphicClass>Graphic_Single</graphicClass>
    <shaderType>CutoutComplex</shaderType>
    <Color>(79,107,88)</Color>
    <ColorTwo>(160,115,45)</ColorTwo>
</graphicData>
    <statBases>
      <MaxHitPoints>1500</MaxHitPoints>
    </statBases>
    <description>The remains of some ancient, collapsed structure. Rich in copper.</description>
    <building>
      <isResourceRock>true</isResourceRock>
      <mineableThing>Copper</mineableThing>
      <mineableYield>35</mineableYield>
      <mineableScatterCommonality>0.15</mineableScatterCommonality>
      <mineableScatterBlotchSizeRange>
        <min>7</min>
        <max>21</max>
      </mineableScatterBlotchSizeRange>
    </building>
  </ThingDef>

  <ThingDef ParentName="RockBase">
    <defName>MineableAluminium</defName>
    <label>compacted aluminium</label>
<graphicData>
    <texPath>Things/Building/Linked/RockFlecked_Atlas</texPath>
    <graphicClass>Graphic_Single</graphicClass>
    <shaderType>CutoutComplex</shaderType>
    <Color>(124,124,110)</Color>
    <ColorTwo>(175,175,165)</ColorTwo>
</graphicData>
    <statBases>
      <MaxHitPoints>1500</MaxHitPoints>
    </statBases>
    <description>The remains of some ancient, collapsed structure. Rich in aluminium.</description>
    <building>
      <isResourceRock>true</isResourceRock>
      <mineableThing>Aluminium</mineableThing>
      <mineableYield>35</mineableYield>
      <mineableScatterCommonality>0.25</mineableScatterCommonality>
      <mineableScatterBlotchSizeRange>
        <min>12</min>
        <max>27</max>
      </mineableScatterBlotchSizeRange>
    </building>
  </ThingDef>


</ThingDefs>