<?xml version="1.0" encoding="utf-8" ?>
<Buildings>

  
<ThingDef Class="Industrialisation.ThingDef_NPP">
		<category>Building</category>
		<soundImpactDefault>BulletImpactMetal</soundImpactDefault>
		<selectable>true</selectable>
		<drawerType>MapMeshAndRealTime</drawerType>
		<terrainAffordanceNeeded>Heavy</terrainAffordanceNeeded>
		<constructEffect>ConstructMetal</constructEffect>
		<repairEffect>Repair</repairEffect>
                               <filthLeaving>BuildingRubble</filthLeaving>
    <defName>NPP</defName>
    <label>nuclear power plant</label>
    <thingClass>Industrialisation.Building_NPP</thingClass>
<graphicData>
    <texPath>NPP</texPath>
    <graphicClass>Graphic_Single</graphicClass>
<drawSize>(7,7)</drawSize>
</graphicData>
    <altitudeLayer>BuildingTall</altitudeLayer>
    <passability>Impassable</passability>
    <fillPercent>0.8</fillPercent>
    <castEdgeShadows>true</castEdgeShadows>
    <rotatable>false</rotatable>
    <statBases>
      <MaxHitPoints>2400</MaxHitPoints>
      <WorkToMake>30000</WorkToMake>
      <Flammability>0</Flammability>
      <Beauty>-360</Beauty>
    </statBases>
    <tickerType>Normal</tickerType>
    <description>A small nuclear power plant, 18kW power output. The reactor will overheat if damaged.</description>
    <size>(7,7)</size>
    <building>
      <soundAmbient>GeothermalPlant_Ambience</soundAmbient>
      <ignoreNeedsPower>true</ignoreNeedsPower>
    </building>
    <costList>
      <Steelx>1800</Steelx>
      <Concrete>1200</Concrete>
      <Uranium>650</Uranium>
    </costList>
    <comps>
      <li><compClass>CompForbiddable</compClass></li>
      <li>
        <compClass>CompPowerTrader</compClass>
        <basePowerConsumption>-18000</basePowerConsumption>
        <powerToggleable>false</powerToggleable>
        <transmitsPower>true</transmitsPower>
      </li>
			<li>
				<compClass>CompExplosive</compClass>
				<explosiveRadius>1</explosiveRadius>
				<explosiveDamageType>Bomb</explosiveDamageType>
			</li>
    </comps>
    <placeWorkers>
      <li>PlaceWorker_NotUnderRoof</li>
    </placeWorkers>
    <leaveResourcesWhenKilled>true</leaveResourcesWhenKilled>
    <designationCategory>Power</designationCategory>
    <constructEffect>ConstructMetal</constructEffect>
    <researchPrerequisite>NuclearPower</researchPrerequisite>
    <combatTargetBuilding>true</combatTargetBuilding>

		<!-- Damage to self -->
                                <OverheatThreshold>2200</OverheatThreshold>
		<DamageAppliedSelfMin>40</DamageAppliedSelfMin>
		<DamageAppliedSelfMax>80</DamageAppliedSelfMax>
		<DamageApplySelfCounter>300</DamageApplySelfCounter>

  </ThingDef>

</Buildings>