﻿<?xml version="1.0" encoding="utf-8" ?>
<RecipeDefs>



  <RecipeDef>
    <defName>MakeCannonShell</defName>
    <label>make cannon shell</label>
    <description>Craft a cannon shell.</description>
    <jobString>Make cannon shell.</jobString>
    <workSpeedStat>SmithingSpeed</workSpeedStat>
    <effectWorking>Cook</effectWorking>
    <soundWorking>Recipe_Machining</soundWorking>
    <allowMixingIngredients>true</allowMixingIngredients>
    <workAmount>800</workAmount>
    <targetCountAdjustment>5</targetCountAdjustment>
    <ingredients>
      <li>
        <filter>
          <thingDefs>
            <li>Steel</li>
          </thingDefs>
        </filter>
        <count>10</count>
      </li>
    </ingredients>
    <fixedIngredientFilter>
      <thingDefs>
        <li>Steel</li>
      </thingDefs>
    </fixedIngredientFilter>
    <products>
      <CannonShell>1</CannonShell>
    </products>
    <workSkill>Crafting</workSkill>
  </RecipeDef>

  <RecipeDef>
    <defName>MakeRockets</defName>
    <label>make rockets</label>
    <description>Craft rockets.</description>
    <jobString>Make rockets.</jobString>
    <workSpeedStat>SmithingSpeed</workSpeedStat>
    <effectWorking>Cook</effectWorking>
    <soundWorking>Recipe_Machining</soundWorking>
    <allowMixingIngredients>true</allowMixingIngredients>
    <workAmount>3200</workAmount>
    <targetCountAdjustment>5</targetCountAdjustment>
    <ingredients>
      <li>
        <filter>
          <thingDefs>
            <li>Steel</li>
          </thingDefs>
        </filter>
        <count>120</count>
      </li>
    </ingredients>
    <fixedIngredientFilter>
      <thingDefs>
        <li>Steel</li>
      </thingDefs>
    </fixedIngredientFilter>
    <products>
      <Rockets>1</Rockets>
    </products>
    <workSkill>Crafting</workSkill>
  </RecipeDef>




</RecipeDefs>