﻿<?xml version="1.0" encoding="utf-8" ?>
<ResearchProjectDefs>

	<ResearchProjectDef>
		<defName>ResearchPowerConduitsInvisible</defName>
		<label>Hidden Power Conduits</label>
		<description>Research how you can hide the power conduits.</description>
		<descriptionDiscovered>Now your power conduits can be hidden. They are also better shielded against damage.</descriptionDiscovered>
		<totalCost>200</totalCost>
		<prerequisites><li>PowerI</li></prerequisites><!--added prerequisite-->
	</ResearchProjectDef>
	
</ResearchProjectDefs>