﻿<?xml version="1.0" encoding="utf-8" ?>
<ResearchProjectDefs>

	<ResearchProjectDef>
		<defName>ResearchAutoPowerSwitch</defName>
		<label>Automatic Power Switch</label>
		<description>Research a motion detector for the power switch. This will allow automatic power switching.</description>
		<descriptionDiscovered>Now your power switch can be configured to automatically switch on when someone is in the room. Additionally further enhancement is now possible.

NOTE: Do not connect your lamps, turrets, etc. directly to the switch! Add a power cable and connect that!</descriptionDiscovered>
		<totalCost>200</totalCost>
		<prerequisites><li>PowerI</li></prerequisites><!--added prerequisite-->
	</ResearchProjectDef>
	
</ResearchProjectDefs>