<?xml version="1.0" encoding="utf-8" ?>
<ResearchProjectDefs>


	<!--============================== Main Categories ==============================-->

	<ResearchProjectDef>
		<defName>OvenBaking</defName>
		<label>Baking</label>
		<description>Research methods of cooking in an Oven.</description>
		<totalCost>400</totalCost>
		<prerequisites>
			<li>AgricultureI</li>
			<li>PowerI</li>
		</prerequisites> <!--added prerequisites-->
	</ResearchProjectDef>
	
	<ResearchProjectDef>
		<defName>CandyMaking</defName>
		<label>Candy Making</label>
		<description>Unlocks the candy making table to make sweet treats..</description>
		<totalCost>400</totalCost>
		<prerequisites>
			<li>PowerI</li>
		</prerequisites><!--added prerequisites-->
	</ResearchProjectDef>

	
	
</ResearchProjectDefs>