<?xml version="1.0" encoding="utf-8" ?>
<TerrainDefs>

 <TerrainDef Name="ClutterFloorBase" Abstract="True">
    <layerable>true</layerable>
    <affordances>
      <li>Light</li>
      <li>Heavy</li>
      <li>SmoothHard</li>
    </affordances>
    <statBases>
      <WorkToMake>135</WorkToMake>
    </statBases>
    <!-- <designationCategory>Floors</designationCategory> moved below and modified -->
    <Fertility>0</Fertility>
    <constructEffect>ConstructDirt</constructEffect>
    <AcceptTerrainSourceFilth>True</AcceptTerrainSourceFilth>
    <terrainAffordanceNeeded>Light</terrainAffordanceNeeded>
  </TerrainDef>


<TerrainDef ParentName="ClutterFloorBase">
		<DefName>ClutterWoodTileA</DefName>
		<Label>Wood Panels</Label>
		<RenderPrecedence>245</RenderPrecedence>
		<Description>Clutter Mod Floor:
		
Miracles of modern science, wood panels made of wood?</Description>
		<texturePath>Clutter/Floor/FloorA</texturePath>
		<uiIconPath>Clutter/Floor/FloorAI</uiIconPath>
		<statBases>
			<Beauty>5</Beauty>
			<WorkToMake>85</WorkToMake>
		</statBases>
		<CostList>
			<WoodLog>5</WoodLog>
		</CostList>
		<constructEffect>ConstructWood</constructEffect>
		<designationCategory>Floors</designationCategory>
	<researchPrerequisite>CraftingI</researchPrerequisite>
  </TerrainDef><!--added prerequisite-->
	
	
	<TerrainDef ParentName="ClutterFloorBase">
		<DefName>ClutterConcreteTileA</DefName>
		<Label>Dark Concrete</Label>
		<RenderPrecedence>243</RenderPrecedence>
		<Description>Clutter Mod Floor:
		
Concrete with pattern, and it's all made from stone. Yes, that is advanced science!</Description>
		<texturePath>Clutter/Floor/FloorC</texturePath>
		<uiIconPath>Clutter/Floor/FloorCI</uiIconPath>
		<pathCost>-2</pathCost>
		<statBases>
			<Beauty>-2</Beauty>
			<WorkToMake>85</WorkToMake>
		</statBases>
		<CostList>
			<RockChips>6</RockChips>
		</CostList>
		<researchPrerequisite>BaseUtilities</researchPrerequisite>
		<designationCategory>MoreFloors</designationCategory>
	</TerrainDef>
	
	<TerrainDef ParentName="ClutterFloorBase">
		<DefName>ClutterMetalTileB</DefName>
		<Label>Metal panels</Label>
		<RenderPrecedence>242</RenderPrecedence>
		<Description>These panels will last ages, unless they rust.</Description>
		<texturePath>Clutter/Floor/FloorE</texturePath>
		<uiIconPath>Clutter/Floor/FloorEI</uiIconPath>
		<statBases>
			<WorkToMake>85</WorkToMake>
		</statBases>
		<CostList>
				<Steel>4</Steel>
		</CostList>
		<designationCategory>MoreFloors</designationCategory>
	<researchPrerequisite>CraftingI</researchPrerequisite>
  </TerrainDef><!--added prerequisite-->
	
	<TerrainDef ParentName="ClutterFloorBase">
		<DefName>ClutterCeramicTileA</DefName>
		<Label>Ceramic Panels</Label>
		<RenderPrecedence>241</RenderPrecedence>
		<Description>A perfect fit for a morgue</Description>
		<texturePath>Clutter/Floor/FloorF</texturePath>
		<uiIconPath>Clutter/Floor/FloorFI</uiIconPath>
		<pathCost>-1</pathCost>
		<statBases>
			<Beauty>2</Beauty>
			<WorkToMake>85</WorkToMake>
		</statBases>
		<CostList>
			<RockChips>6</RockChips>
		</CostList>
		<researchPrerequisite>BaseUtilities</researchPrerequisite>
		</TerrainDef>
		<designationCategory>MoreFloors</designationCategory>
	
</TerrainDefs>