<?xml version="1.0" encoding="utf-8" ?>
<Buildings>

  <ThingDef Name="BuildingBase" Abstract="True">
    <category>Building</category>
    <thingClass>Building</thingClass>
    <soundImpactDefault>BulletImpactMetal</soundImpactDefault>
    <selectable>true</selectable>
    <drawerType>MapMeshAndRealTime</drawerType>
    <terrainAffordanceNeeded>Light</terrainAffordanceNeeded>
    <repairEffect>Repair</repairEffect>
    <leaveResourcesWhenKilled>true</leaveResourcesWhenKilled>
    <filthLeaving>BuildingRubble</filthLeaving>
  </ThingDef>
  
  <ThingDef ParentName="BuildingBase">
    <defName>PlasmaGeothermalPlant</defName>
    <label>Plasma Geothermal Plant</label>
    <thingClass>CTS.PlasmaGeothermalPlant</thingClass>
	<graphicData>
	<shaderType>Transparent</shaderType>
     <texPath>PlasmaGeothermalPlantFrames/GeothermalPlantOFF</texPath>
    <graphicClass>Graphic_Single</graphicClass>
	<drawSize>(4,4)</drawSize>
	</graphicData>
    <AltitudeLayer>BuildingTall</AltitudeLayer>
    <Passability>Impassable</Passability>
     <fillPercent>0.5</fillPercent>
    <statBases>
      <MaxHitPoints>100</MaxHitPoints>
      <WorkToMake>6000</WorkToMake>
      <Flammability>1.0</Flammability>
      <Beauty>-10</Beauty>
    </statBases>
    <tickerType>Normal</tickerType>
    <Description>Produces tax free electricity from steam geyser - plasma powered</Description>
    <Size>(4,4)</Size>
    <costList>
      <Steel>200</Steel>
			<Plasteel>100</Plasteel>
			<Uranium>30</Uranium>
			<Electronics>100</Electronics>
                        <Glass>40</Glass>
    </costList>
	<comps>
      <li>
        <compClass>CompPowerTrader</compClass>
        <basePowerConsumption>-5500</basePowerConsumption>
		 <transmitsPower>true</transmitsPower>
        <powerToggleable>false</powerToggleable>
      </li>
	  <li>
		<compClass>CompGlower</compClass>
				<glowRadius>3</glowRadius>
				<glowColor>(0,255,246,1)</glowColor>
			</li>
			 <li>
        <compClass>CompExplosive</compClass>
        <explosiveRadius>5</explosiveRadius>
        <explosiveDamageType>Flame</explosiveDamageType>
      </li>
    </comps>
    <rotatable>false</rotatable>
    <terrainAffordanceNeeded>Heavy</terrainAffordanceNeeded>
    <DesignationCategory>Power</DesignationCategory>
 <placeWorkers>
      <li>PlaceWorker_OnSteamGeyser</li>
    </placeWorkers>
     <building>
      <soundAmbient>GeothermalPlant_Ambience</soundAmbient>
      <ignoreNeedsPower>false</ignoreNeedsPower>
    </building>
    <constructEffect>ConstructMetal</constructEffect>
    <researchPrerequisite>GeothermalPower</researchPrerequisite>
  </ThingDef>
  
</Buildings>