<?xml version="1.0" encoding="utf-8" ?>
<Resources>


  <ThingDef Name="ResourceBase" Abstract="True">
    <thingClass>ThingWithComps</thingClass>
    <label>unspecified resource</label>
    <category>Item</category>
    <resourceReadoutPriority>Middle</resourceReadoutPriority>
    <useHitPoints>true</useHitPoints>
    <selectable>true</selectable>
    <altitudeLayer>Item</altitudeLayer>
    <stackLimit>75</stackLimit>
    <comps>
      <li>
        <compClass>CompForbiddable</compClass>
      </li>
    </comps>
    <alwaysHaulable>true</alwaysHaulable>
    <drawGUIOverlay>true</drawGUIOverlay>
    <rotatable>false</rotatable>
    <pathCost>15</pathCost>
  </ThingDef>

  <!-- Sand -->
  <ThingDef ParentName="ResourceBase">
    <defName>MD2SandPile</defName>
    <label>pile of sand</label>
    <description>A pile of sand.</description>
    <graphicData>
      <texPath>Items/Resources/SandPile</texPath>
      <graphicClass>Graphic_Single</graphicClass>
    </graphicData>
    <resourceReadoutPriority>Last</resourceReadoutPriority>
    <soundInteract>Standard_Drop</soundInteract>
    <soundDrop>Standard_Drop</soundDrop>
    <useHitPoints>false</useHitPoints>
    <resourceReadoutAlwaysShow>false</resourceReadoutAlwaysShow>
    <statBases>
      <MarketValue>0.06</MarketValue>
    </statBases>
    <thingCategories>
      <li>Minerals</li><!--chagned from ResourcesRaw-->
    </thingCategories>
    <stackLimit>400</stackLimit>

  </ThingDef>

  <!-- Silicon -->
  <ThingDef ParentName="ResourceBase">
    <defName>MD2Silicon</defName>
    <label>silicon</label>
    <description>A lump of silicon.</description>
    <graphicData>
      <texPath>Items/Resources/Silicon</texPath>
      <graphicClass>Graphic_Single</graphicClass>
    </graphicData>
    <resourceReadoutPriority>Last</resourceReadoutPriority>
    <soundInteract>Standard_Drop</soundInteract>
    <soundDrop>Standard_Drop</soundDrop>
    <useHitPoints>false</useHitPoints>
    <resourceReadoutAlwaysShow>false</resourceReadoutAlwaysShow>
    <statBases>
      <MarketValue>4</MarketValue>
    </statBases>
    <thingCategories>
      <li>Minerals</li><!--changed from ResourcesRaw-->
    </thingCategories>
    <stackLimit>100</stackLimit>
  </ThingDef>

  <!-- Circuitry -->
  <ThingDef ParentName="ResourceBase">
    <defName>MD2Circuitry</defName>
    <label>circuitry</label>
    <description>An assortment of circuitry.</description>
    <graphicData>
      <texPath>Items/Resources/Circuitry</texPath>
      <graphicClass>Graphic_Single</graphicClass>
    </graphicData>
    <resourceReadoutPriority>Middle</resourceReadoutPriority>
    <soundInteract>Standard_Drop</soundInteract>
    <soundDrop>Standard_Drop</soundDrop>
    <useHitPoints>false</useHitPoints>
    <resourceReadoutAlwaysShow>false</resourceReadoutAlwaysShow>
    <statBases>
      <MarketValue>10</MarketValue>
    </statBases>
    <thingCategories>
      <li>Electronics</li><!--changed from Manufactured-->
    </thingCategories>
    <stackLimit>75</stackLimit>
  </ThingDef>

  <!-- Coal -->
  <ThingDef ParentName="ResourceBase">
    <defName>MD2Coal</defName>
    <label>coal</label>
    <description>A lump of coal.</description>
    <graphicData>
      <texPath>Items/Resources/Coal</texPath>
      <graphicClass>Graphic_Single</graphicClass>
    </graphicData>
    <resourceReadoutPriority>Middle</resourceReadoutPriority>
    <soundInteract>Standard_Drop</soundInteract>
    <soundDrop>Standard_Drop</soundDrop>
    <useHitPoints>false</useHitPoints>
    <resourceReadoutAlwaysShow>false</resourceReadoutAlwaysShow>
    <statBases>
      <MarketValue>20</MarketValue>
    </statBases>
    <thingCategories>
      <li>Minerals</li><!--chagned from ResourcesRaw-->
    </thingCategories>
    <stackLimit>75</stackLimit>

  </ThingDef>

  <!--Charcoal-->
  <ThingDef ParentName="ResourceBase">
    <defName>MD2Charcoal</defName>
    <label>charcoal</label>
    <description>A lump of charcoal.</description>
    <graphicData>
      <texPath>Items/Resources/Charcoal</texPath>
      <graphicClass>Graphic_Single</graphicClass>
    </graphicData>
    <resourceReadoutPriority>Middle</resourceReadoutPriority>
    <soundInteract>Standard_Drop</soundInteract>
    <soundDrop>Standard_Drop</soundDrop>
    <useHitPoints>false</useHitPoints>
    <resourceReadoutAlwaysShow>false</resourceReadoutAlwaysShow>
    <statBases>
      <MarketValue>20</MarketValue>
    </statBases>
    <thingCategories>
      <li>Minerals</li><!--chagned from ResourcesRaw-->
    </thingCategories>
    <stackLimit>75</stackLimit>

  </ThingDef>

  <!--Soft clay-->
  <ThingDef ParentName="ResourceBase">
    <defName>MD2SoftClay</defName>
    <label>soft clay</label>
    <description>A lump of soft clay.</description>
    <graphicData>
      <texPath>Items/Resources/SoftClay</texPath>
      <graphicClass>Graphic_Single</graphicClass>
    </graphicData>
    <resourceReadoutPriority>Middle</resourceReadoutPriority>
    <soundInteract>Stone_Drop</soundInteract>
    <soundDrop>Stone_Drop</soundDrop>
    <useHitPoints>false</useHitPoints>
    <statBases>
      <MarketValue>0.3</MarketValue>
    </statBases>
    <thingCategories>
      <li>Minerals</li><!--chagned from ResourcesRaw-->
    </thingCategories>
    <stackLimit>1000</stackLimit>

  </ThingDef>

</Resources>