﻿<?xml version="1.0" encoding="utf-8" ?>
<GameData>


  <ThingDef Name="ResourceBase" Abstract="True">
    <thingClass>ThingWithComps</thingClass>
    <label>unspecified resource</label>
    <category>Item</category>
    <resourceReadoutPriority>Middle</resourceReadoutPriority>
    <useHitPoints>true</useHitPoints>
    <statBases>
      <Flammability>1.0</Flammability>
    </statBases>
    <selectable>true</selectable>
    <altitudeLayer>Item</altitudeLayer>
    <stackLimit>75</stackLimit>
    <comps>
      <li>
        <compClass>CompForbiddable</compClass>
      </li>
    </comps>
    <alwaysHaulable>true</alwaysHaulable>
    <drawGUIOverlay>true</drawGUIOverlay>
    <rotatable>false</rotatable>
    <pathCost>15</pathCost>
  </ThingDef>



  <!--=============== Ruby ====================-->


  <ThingDef ParentName="ResourceBase">
    <defName>MD2Ruby</defName>
    <label>Ruby</label>
    <description>A shiny ruby that looks like it's worth a pretty penny.</description>
    <graphicData>
      <texPath>Items/Ruby/Ruby</texPath>
      <graphicClass>Graphic_Single</graphicClass>
    </graphicData>
    <resourceReadoutPriority>Middle</resourceReadoutPriority>
    <soundInteract>Metal_Drop</soundInteract>
    <soundDrop>Metal_Drop</soundDrop>
    <stackLimit>1</stackLimit>
    <tradeability>Sellable</tradeability>
    <statBases>
      <MarketValue>400</MarketValue>
    </statBases>
    <useHitPoints>false</useHitPoints>
    <thingCategories>
      <li>ValuableItems</li><!--changed from Items-->
    </thingCategories>
    <drawGUIOverlay>false</drawGUIOverlay>
  
</ThingDef>

</GameData>
