﻿<?xml version="1.0" encoding="utf-8" ?>
<TerrainDefs>

  <TerrainDef>
    <defName>Sand</defName>
    <label>sand</label>
    <texturePath>Terrain/Surfaces/Sand</texturePath>
    <EdgeType>FadeRough</EdgeType>
    <RenderPrecedence>350</RenderPrecedence>
    <PathCost>4</PathCost>
    <statBases>
      <Beauty>-1</Beauty>
      <WorkToMake>85</WorkToMake>
    </statBases>
    <CostList>
      <MD2SandPile>100</MD2SandPile>
    </CostList>
    <designationCategory>MoreFloors</designationCategory><!--changed from Floors-->
    <terrainAffordanceNeeded>Any</terrainAffordanceNeeded>
    <ScatterType>SoftDry</ScatterType>
    <affordances>
      <li>Light</li>
      <li>Heavy</li>
      <li>Diggable</li>
    </affordances>
    <TerrainFilthDef>FilthSand</TerrainFilthDef>
    <Fertility>0.06</Fertility>
    <TakeFootprints>True</TakeFootprints>
  </TerrainDef>

</TerrainDefs>