﻿<?xml version="1.0" encoding="utf-8" ?>
<RecipeDefs>

<!-- Socks! -->
  <RecipeDef>
    <defName>AppKnitSocks</defName>
    <label>Knit socks</label>
    <description>knit warm socks. Nothing soothes the nerves like pair of dry socks.</description>
    <jobString>knitting</jobString>
    <workAmount>2000</workAmount>
      <effectWorking>Tailor</effectWorking>
      <soundWorking>Recipe_Tailor</soundWorking>
    <ingredients>
      <li>
        <filter>
          <thingDefs>
            <li>Cloth</li>
          </thingDefs>
        </filter>
        <count>10</count>
      </li>
    </ingredients>
    <products>
      <Apparello_Socks>1</Apparello_Socks>
    </products>
    <fixedIngredientFilter>
      <thingDefs>
        <li>Cloth</li>
      </thingDefs>
    </fixedIngredientFilter>
	<defaultIngredientFilter>
	 <thingDefs>
          <li>Cloth</li>
	 </thingDefs>
	</defaultIngredientFilter>
	<skillRequirements>
	 <li>
	  <skill>Crafting</skill>
	  <minLevel>4</minLevel>
	 </li>
	</skillRequirements>
	<workSkill>Crafting</workSkill>
        <recipeUsers>
	<li>TableTailor</li>
      </recipeUsers>
  </RecipeDef>

<!-- Hive Armor -->
  <RecipeDef>
    <defName>CraftHA</defName>
    <label>Assemble Hive armor</label>
    <description>Assembles hive armor. Very durable but unwieldy piece of metal, builds a little bit of heat inside but not enough to survive winter.</description>
    <jobString>Assembling</jobString>
    <workAmount>3500</workAmount>
    <effectWorking>Repair</effectWorking>
    <soundWorking>Recipe_repair</soundWorking>
    <ingredients>
      <li>
        <filter>
          <thingDefs>
            <li>Plasteel</li>
          </thingDefs>
        </filter>
        <count>55</count>
      </li>
      <li>
        <filter>
          <thingDefs>
            <li>Hexcell</li>
          </thingDefs>
        </filter>
        <count>1</count>
      </li>
      <li>
        <filter>
          <thingDefs>
            <li>ApparelloWhizbang</li>
          </thingDefs>
        </filter>
        <count>2</count>
      </li>
      <li>
        <filter>
          <thingDefs>
            <li>HiveSchem</li>
          </thingDefs>
        </filter>
        <count>1</count>
      </li>
    </ingredients>
    <products>
      <Apparello_HA>1</Apparello_HA>
      <HiveSchem>1</HiveSchem>
    </products>
    <fixedIngredientFilter>
      <thingDefs>
        <li>ApparelloWhizbang</li>
        <li>HiveSchem</li>
        <li>Hexcell</li>
        <li>Plasteel</li>
      </thingDefs>
    </fixedIngredientFilter>
	<defaultIngredientFilter>
	 <thingDefs>
          <li>ApparelloWhizbang</li>
          <li>HiveSchem</li>
          <li>Hexcell</li>
          <li>Plasteel</li>
	 </thingDefs>
	</defaultIngredientFilter>
	<skillRequirements>
	 <li>
	  <skill>Crafting</skill>
	  <minLevel>8</minLevel>
	 </li>
	</skillRequirements>
	<workSkill>Crafting</workSkill>
  </RecipeDef>



  <RecipeDef>
    <defName>CraftShieldBreasts</defName>
    <label>Assemble Shielded coat</label>
    <description>Assembles Shielded armor. It's really just a duster with added chestguard and personal shield.</description>
    <jobString>Assembling</jobString>
    <workAmount>3500</workAmount>
    <effectWorking>Repair</effectWorking>
    <soundWorking>Recipe_repair</soundWorking>
    <ingredients>
      <li>
        <filter>
          <thingDefs>
            <li>Plasteel</li>
          </thingDefs>
        </filter>
        <count>30</count>
      </li>
      <li>
        <filter>
          <thingDefs>
            <li>Hexcell</li>
          </thingDefs>
        </filter>
        <count>1</count>
      </li>
      <li>
        <filter>
          <thingDefs>
            <li>Apparel_Duster</li>
          </thingDefs>
        </filter>
        <count>1</count>
      </li>
      <li>
        <filter>
          <thingDefs>
            <li>Apparel_PersonalShield</li>
          </thingDefs>
        </filter>
        <count>1</count>
      </li>
      <li>
        <filter>
          <thingDefs>
            <li>ShieldSchem</li>
          </thingDefs>
        </filter>
        <count>1</count>
      </li>
    </ingredients>
    <products>
      <Apparello_Syndicate>1</Apparello_Syndicate>
      <ShieldSchem>1</ShieldSchem>
    </products>
    <fixedIngredientFilter>
      <thingDefs>
        <li>ShieldSchem</li>
        <li>Hexcell</li>
        <li>Plasteel</li>
        <li>Apparel_Duster</li>
        <li>Apparel_PersonalShield</li>
      </thingDefs>
    </fixedIngredientFilter>
	<defaultIngredientFilter>
	 <thingDefs>
          <li>ShieldSchem</li>
          <li>Hexcell</li>
          <li>Plasteel</li>
          <li>Apparel_Duster</li>
          <li>Apparel_PersonalShield</li>
	 </thingDefs>
	</defaultIngredientFilter>
	<skillRequirements>
	 <li>
	  <skill>Crafting</skill>
	  <minLevel>11</minLevel>
	 </li>
	</skillRequirements>
	<workSkill>Crafting</workSkill>
  </RecipeDef>


  <RecipeDef>
    <defName>CraftPissyMissyMagnificent</defName>
    <label>Assemble Personal Shield</label>
    <description>Assembles Personal shield</description>
    <jobString>Assembling</jobString>
    <workAmount>3500</workAmount>
    <effectWorking>Repair</effectWorking>
    <soundWorking>Recipe_repair</soundWorking>
    <ingredients>
      <li>
        <filter>
          <thingDefs>
            <li>Plasteel</li>
          </thingDefs>
        </filter>
        <count>10</count>
      </li>
      <li>
        <filter>
          <thingDefs>
            <li>Hexcell</li>
          </thingDefs>
        </filter>
        <count>1</count>
      </li>
      <li>
        <filter>
          <thingDefs>
            <li>ApparelloWhizbang</li>
          </thingDefs>
        </filter>
        <count>2</count>
      </li>
      <li>
        <filter>
          <thingDefs>
            <li>ShieldSchem</li>
          </thingDefs>
        </filter>
        <count>1</count>
      </li>
    </ingredients>
    <products>
      <Apparel_PersonalShield>1</Apparel_PersonalShield>
      <ShieldSchem>1</ShieldSchem>
    </products>
    <fixedIngredientFilter>
      <thingDefs>
        <li>ApparelloWhizbang</li>
        <li>ShieldSchem</li>
        <li>Hexcell</li>
        <li>Plasteel</li>
      </thingDefs>
    </fixedIngredientFilter>
	<defaultIngredientFilter>
	 <thingDefs>
          <li>ApparelloWhizbang</li>
          <li>ShieldSchem</li>
          <li>Hexcell</li>
          <li>Plasteel</li>
	 </thingDefs>
	</defaultIngredientFilter>
	<skillRequirements>
	 <li>
	  <skill>Crafting</skill>
	  <minLevel>8</minLevel>
	 </li>
	</skillRequirements>
	<workSkill>Crafting</workSkill>
  </RecipeDef>



<!-- Scyther frame -->
  <RecipeDef>
    <defName>CraftScy</defName>
    <label>Assemble Scyther frame</label>
    <description>Assembles scyther frame. This one enhances mobility but provides hardly any protection.</description>
    <jobString>Assembling</jobString>
    <workAmount>3500</workAmount>
    <effectWorking>Repair</effectWorking>
    <soundWorking>Recipe_repair</soundWorking>
    <ingredients>
      <li>
        <filter>
          <thingDefs>
            <li>Plasteel</li>
          </thingDefs>
        </filter>
        <count>25</count>
      </li>
      <li>
        <filter>
          <thingDefs>
            <li>Hexcell</li>
          </thingDefs>
        </filter>
        <count>1</count>
      </li>
      <li>
        <filter>
          <thingDefs>
            <li>ApparelloWhizbang</li>
          </thingDefs>
        </filter>
        <count>3</count>
      </li>
      <li>
        <filter>
          <thingDefs>
            <li>ScySchem</li>
          </thingDefs>
        </filter>
        <count>1</count>
      </li>
    </ingredients>
    <products>
      <Apparello_Scy>1</Apparello_Scy>
      <ScySchem>1</ScySchem>
    </products>
    <fixedIngredientFilter>
      <thingDefs>
        <li>ApparelloWhizbang</li>
        <li>ScySchem</li>
        <li>Hexcell</li>
        <li>Plasteel</li>
      </thingDefs>
    </fixedIngredientFilter>
	<defaultIngredientFilter>
	 <thingDefs>
          <li>ApparelloWhizbang</li>
          <li>ScySchem</li>
          <li>Hexcell</li>
          <li>Plasteel</li>
	 </thingDefs>
	</defaultIngredientFilter>
	<skillRequirements>
	 <li>
	  <skill>Crafting</skill>
	  <minLevel>8</minLevel>
	 </li>
	</skillRequirements>
	<workSkill>Crafting</workSkill>
  </RecipeDef>




<!-- Power Armor -->
  <RecipeDef>
    <defName>CraftPowahrmoriusTwang</defName>
    <label>Assemble Power armor</label>
    <description>Assembles power armor</description>
    <jobString>Assembling</jobString>
    <workAmount>3500</workAmount>
    <effectWorking>Repair</effectWorking>
    <soundWorking>Recipe_repair</soundWorking>
    <ingredients>
      <li>
        <filter>
          <thingDefs>
            <li>Plasteel</li>
          </thingDefs>
        </filter>
        <count>5</count>
      </li>
      <li>
        <filter>
          <thingDefs>
            <li>Hexcell</li>
          </thingDefs>
        </filter>
        <count>1</count>
      </li>
      <li>
        <filter>
          <thingDefs>
            <li>Compaste</li>
          </thingDefs>
        </filter>
        <count>1</count>
      </li>
      <li>
        <filter>
          <thingDefs>
            <li>GlitterSchem</li>
          </thingDefs>
        </filter>
        <count>1</count>
      </li>
      <li>
        <filter>
          <thingDefs>
            <li>Apparello_PowerPants</li>
          </thingDefs>
        </filter>
        <count>1</count>
      </li>
      <li>
        <filter>
          <thingDefs>
            <li>Apparello_PowerTop</li>
          </thingDefs>
        </filter>
        <count>1</count>
      </li>
    </ingredients>
    <products>
      <Apparel_PowerArmor>1</Apparel_PowerArmor>
      <GlitterSchem>1</GlitterSchem>
    </products>
    <fixedIngredientFilter>
      <thingDefs>
        <li>Compaste</li>
        <li>GlitterSchem</li>
        <li>Hexcell</li>
        <li>Plasteel</li>
	<li>Apparello_PowerPants</li>
	<li>Apparello_PowerTop</li>
      </thingDefs>
    </fixedIngredientFilter>
	<defaultIngredientFilter>
	 <thingDefs>
          <li>Compaste</li>
          <li>GlitterSchem</li>
          <li>Hexcell</li>
          <li>Plasteel</li>
	<li>Apparello_PowerPants</li>
	<li>Apparello_PowerTop</li>
	 </thingDefs>
	</defaultIngredientFilter>
	<skillRequirements>
	 <li>
	  <skill>Crafting</skill>
	  <minLevel>5</minLevel>
	 </li>
	</skillRequirements>
	<workSkill>Crafting</workSkill>
  </RecipeDef>






<!-- Steamhull -->
  <RecipeDef>
    <defName>CraftSteamhull</defName>
    <label>Assemble Steamhull</label>
    <description>Assembles Steamhull. Quite durable and extremely poor air conditioning (it's very, very hot to wear. You could possibly survive a nuclear winter with this thing on. And maybe die of heatstroke.)</description>
    <jobString>Assembling</jobString>
    <workAmount>3500</workAmount>
    <effectWorking>Repair</effectWorking>
    <soundWorking>Recipe_repair</soundWorking>
    <ingredients>
      <li>
        <filter>
          <thingDefs>
            <li>Compaste</li>
          </thingDefs>
        </filter>
        <count>1</count>
      </li>
      <li>
        <filter>
          <thingDefs>
            <li>Apparello_HA</li>
          </thingDefs>
        </filter>
        <count>1</count>
      </li>
      <li>
        <filter>
          <thingDefs>
            <li>Apparello_Scy</li>
          </thingDefs>
        </filter>
        <count>1</count>
      </li>
    </ingredients>
    <products>
      <Apparello_Steamhull>1</Apparello_Steamhull>
    </products>
    <fixedIngredientFilter>
      <thingDefs>
        <li>Apparello_Scy</li>
        <li>Apparello_HA</li>
        <li>Compaste</li>
      </thingDefs>
    </fixedIngredientFilter>
	<defaultIngredientFilter>
	 <thingDefs>
          <li>Apparello_Scy</li>
          <li>Apparello_HA</li>
          <li>Compaste</li>
	 </thingDefs>
	</defaultIngredientFilter>
	<skillRequirements>
	 <li>
	  <skill>Crafting</skill>
	  <minLevel>10</minLevel>
	 </li>
	</skillRequirements>
	<workSkill>Crafting</workSkill>
  </RecipeDef>



<!-- Light armor I -->
  <RecipeDef>
    <defName>CraftGShell</defName>
    <label>Assemble Light power armor</label>
    <description>Assembles light power armor. Just much lighter version of Power armor. No insulation.</description>
    <jobString>Assembling</jobString>
    <workAmount>3500</workAmount>
    <effectWorking>Repair</effectWorking>
    <soundWorking>Recipe_repair</soundWorking>
    <ingredients>
      <li>
        <filter>
	  <categories>
	    <li>Metals</li><!--changed from ResourcesRaw-->
	  </categories>
        </filter>
        <count>75</count>
      </li>
      <li>
        <filter>
          <thingDefs>
            <li>ApparelloWhizbang</li>
          </thingDefs>
        </filter>
        <count>1</count>
      </li>
      <li>
        <filter>
          <thingDefs>
            <li>GlitterSchem</li>
          </thingDefs>
        </filter>
        <count>1</count>
      </li>
    </ingredients>
    <products>
      <Apparello_GShell>1</Apparello_GShell>
      <GlitterSchem>1</GlitterSchem>
    </products>
    <fixedIngredientFilter>
    <categories>
      <li>Metals</li><!--changed from ResourcesRaw-->
    </categories>
      <thingDefs>
        <li>ApparelloWhizbang</li>
        <li>GlitterSchem</li>
      </thingDefs>
      <exceptedThingDefs>
        <li>WoodLog</li>
	<li>RawHops</li>
      </exceptedThingDefs>
      <exceptedCategories>
        <li>StoneBlocks</li>
      </exceptedCategories>
    </fixedIngredientFilter>
	<defaultIngredientFilter>
	  <categories>
	    <li>Metals</li><!--changed from ResourcesRaw-->
	  </categories>
	 <thingDefs>
          <li>ApparelloWhizbang</li>
          <li>GlitterSchem</li>
	 </thingDefs>
	</defaultIngredientFilter>
	<skillRequirements>
	 <li>
	  <skill>Crafting</skill>
	  <minLevel>5</minLevel>
	 </li>
	</skillRequirements>
	<workSkill>Crafting</workSkill>
  </RecipeDef>

  <RecipeDef>
    <defName>CraftGSpot</defName>
    <label>Assemble Alloy vest</label>
    <description>Assembles alloy vest. It's very light and doesn't hinder mobility as much as other vests.</description>
    <jobString>Assembling</jobString>
    <workAmount>2500</workAmount>
    <effectWorking>Repair</effectWorking>
    <soundWorking>Recipe_repair</soundWorking>
    <ingredients>
      <li>
        <filter>
	  <categories>
	    <li>Metals</li><!--changed from ResourcesRaw-->
	  </categories>
        </filter>
        <count>50</count>
      </li>
      <li>
        <filter>
          <thingDefs>
            <li>ApparelloWhizbang</li>
          </thingDefs>
        </filter>
        <count>1</count>
      </li>
      <li>
        <filter>
          <thingDefs>
            <li>GlitterSchem</li>
          </thingDefs>
        </filter>
        <count>1</count>
      </li>
    </ingredients>
    <products>
      <Apparello_Gspot>1</Apparello_Gspot>
      <GlitterSchem>1</GlitterSchem>
    </products>
    <fixedIngredientFilter>
    <categories>
      <li>Metals</li><!--changed from ResourcesRaw-->
    </categories>
      <thingDefs>
        <li>ApparelloWhizbang</li>
        <li>GlitterSchem</li>
      </thingDefs>
      <exceptedThingDefs>
        <li>WoodLog</li>
        <li>RawHops</li>
      </exceptedThingDefs>
      <exceptedCategories>
        <li>StoneBlocks</li>
      </exceptedCategories>
    </fixedIngredientFilter>
	<defaultIngredientFilter>
	  <categories>
	    <li>Metals</li><!--changed from ResourcesRaw-->
	  </categories>
	 <thingDefs>
          <li>ApparelloWhizbang</li>
          <li>GlitterSchem</li>
	 </thingDefs>
	</defaultIngredientFilter>
	<skillRequirements>
	 <li>
	  <skill>Crafting</skill>
	  <minLevel>5</minLevel>
	 </li>
	</skillRequirements>
	<workSkill>Crafting</workSkill>
  </RecipeDef>










<!-- Helmets -->

<!-- Hive Helmet -->
  <RecipeDef>
    <defName>CraftHiveHelm</defName>
    <label>Assemble Hive helmet</label>
    <description>Assembles Hive helmet. Big bulky thing that goes on your head. You might survive a headshot!</description>
    <jobString>Assembling</jobString>
    <workAmount>3500</workAmount>
    <effectWorking>Repair</effectWorking>
    <soundWorking>Recipe_repair</soundWorking>
    <ingredients>
      <li>
        <filter>
          <thingDefs>
            <li>ApparelloWhizbang</li>
          </thingDefs>
        </filter>
        <count>1</count>
      </li>
      <li>
        <filter>
          <thingDefs>
            <li>Plasteel</li>
          </thingDefs>
        </filter>
        <count>15</count>
      </li>
      <li>
        <filter>
          <thingDefs>
            <li>Hexcell</li>
          </thingDefs>
        </filter>
        <count>1</count>
      </li>
      <li>
        <filter>
          <thingDefs>
            <li>HiveHelmSchem</li>
          </thingDefs>
        </filter>
        <count>1</count>
      </li>
    </ingredients>
    <products>
      <Apparello_Hivehat>1</Apparello_Hivehat>
      <HiveHelmSchem>1</HiveHelmSchem>
    </products>
    <fixedIngredientFilter>
      <thingDefs>
        <li>HiveHelmSchem</li>
        <li>ApparelloWhizbang</li>
        <li>Hexcell</li>
        <li>Plasteel</li>
      </thingDefs>
    </fixedIngredientFilter>
	<defaultIngredientFilter>
	 <thingDefs>
        <li>HiveHelmSchem</li>
        <li>ApparelloWhizbang</li>
        <li>Hexcell</li>
        <li>Plasteel</li>
	 </thingDefs>
	</defaultIngredientFilter>
	<skillRequirements>
	 <li>
	  <skill>Crafting</skill>
	  <minLevel>10</minLevel>
	 </li>
	</skillRequirements>
	<workSkill>Crafting</workSkill>
  </RecipeDef>

<!-- SteamHell -->
  <RecipeDef>
    <defName>CraftHiveHell</defName>
    <label>Assemble Steam helmet</label>
    <description>Assembles Steam helmet. The very basic measurement grid on the visor helps with your aim.</description>
    <jobString>Assembling</jobString>
    <workAmount>3500</workAmount>
    <effectWorking>Repair</effectWorking>
    <soundWorking>Recipe_repair</soundWorking>
    <ingredients>
      <li>
        <filter>
          <thingDefs>
            <li>ApparelloWhizbang</li>
          </thingDefs>
        </filter>
        <count>4</count>
      </li>
      <li>
        <filter>
          <thingDefs>
            <li>Plasteel</li>
          </thingDefs>
        </filter>
        <count>25</count>
      </li>
      <li>
        <filter>
          <thingDefs>
            <li>Hexcell</li>
          </thingDefs>
        </filter>
        <count>1</count>
      </li>
      <li>
        <filter>
          <thingDefs>
            <li>HiveHelmSchem</li>
          </thingDefs>
        </filter>
        <count>1</count>
      </li>
    </ingredients>
    <products>
      <Apparello_Hivehell>1</Apparello_Hivehell>
      <HiveHelmSchem>1</HiveHelmSchem>
    </products>
    <fixedIngredientFilter>
      <thingDefs>
        <li>HiveHelmSchem</li>
        <li>ApparelloWhizbang</li>
        <li>Hexcell</li>
        <li>Plasteel</li>
      </thingDefs>
    </fixedIngredientFilter>
	<defaultIngredientFilter>
	 <thingDefs>
        <li>HiveHelmSchem</li>
        <li>ApparelloWhizbang</li>
        <li>Hexcell</li>
        <li>Plasteel</li>
	 </thingDefs>
	</defaultIngredientFilter>
	<skillRequirements>
	 <li>
	  <skill>Crafting</skill>
	  <minLevel>13</minLevel>
	 </li>
	</skillRequirements>
	<workSkill>Crafting</workSkill>
  </RecipeDef>


<!-- AI CORE THING -->


  <RecipeDef>
    <defName>CraftAIHelm</defName>
    <label>Prototype nerve-enhancer</label>
    <description>Prototypes a nerve-enhancer. Enhances your nerves, wearer may feel more quickly agitated by things but is capable of performing tasks at much quicker pace.</description>
    <jobString>Prototyping</jobString>
    <workAmount>2000</workAmount>
    <effectWorking>Repair</effectWorking>
    <soundWorking>Recipe_repair</soundWorking>
    <ingredients>
      <li>
        <filter>
          <thingDefs>
            <li>Apparel_PowerArmorHelmet</li>
          </thingDefs>
        </filter>
        <count>1</count>
      </li>
      <li>
        <filter>
          <thingDefs>
            <li>Compaste</li>
          </thingDefs>
        </filter>
        <count>1</count>
      </li>
      <li>
        <filter>
          <thingDefs>
            <li>ApparelloWhizbang</li>
          </thingDefs>
        </filter>
        <count>3</count>
      </li>
      <li>
        <filter>
          <thingDefs>
            <li>Hexcell</li>
          </thingDefs>
        </filter>
        <count>1</count>
      </li>
    </ingredients>
    <products>
      <Apparello_Proto>1</Apparello_Proto>
    </products>
    <fixedIngredientFilter>
      <thingDefs>
        <li>Apparel_PowerArmorHelmet</li>
        <li>Hexcell</li>
        <li>ApparelloWhizbang</li>
        <li>Compaste</li>
      </thingDefs>
    </fixedIngredientFilter>
	<defaultIngredientFilter>
	 <thingDefs>
        <li>Apparel_PowerArmorHelmet</li>
        <li>Hexcell</li>
        <li>ApparelloWhizbang</li>
        <li>Compaste</li>
	 </thingDefs>
	</defaultIngredientFilter>
	<skillRequirements>
	 <li>
	  <skill>Crafting</skill>
	  <minLevel>6</minLevel>
	 </li>
	</skillRequirements>
	<workSkill>Crafting</workSkill>
  </RecipeDef>





  <RecipeDef>
    <defName>CraftAIHelmut</defName>
    <label>Assemble nerve-enhancer</label>
    <description>Assembles nerve-enhancer. Enhances nerves even further, much more stable build compared to the prototype. Less negative side effects.</description>
    <jobString>Assembling</jobString>
    <workAmount>3500</workAmount>
    <effectWorking>Repair</effectWorking>
    <soundWorking>Recipe_repair</soundWorking>
    <ingredients>
      <li>
        <filter>
          <thingDefs>
            <li>Apparello_Proto</li>
          </thingDefs>
        </filter>
        <count>1</count>
      </li>
      <li>
        <filter>
          <thingDefs>
            <li>AIPersonaCore</li>
          </thingDefs>
        </filter>
        <count>1</count>
      </li>
      <li>
        <filter>
          <thingDefs>
            <li>Plasteel</li>
          </thingDefs>
        </filter>
        <count>5</count>
      </li>
      <li>
        <filter>
          <thingDefs>
            <li>Hexcell</li>
          </thingDefs>
        </filter>
        <count>2</count>
      </li>
      <li>
        <filter>
          <thingDefs>
            <li>AISchem</li>
          </thingDefs>
        </filter>
        <count>1</count>
      </li>
    </ingredients>
    <products>
      <Apparello_ProtoFin>1</Apparello_ProtoFin>
      <AISchem>1</AISchem>
    </products>
    <fixedIngredientFilter>
      <thingDefs>
        <li>AISchem</li>
        <li>Apparello_Proto</li>
        <li>Hexcell</li>
        <li>Plasteel</li>
        <li>AIPersonaCore</li>
      </thingDefs>
    </fixedIngredientFilter>
	<defaultIngredientFilter>
	 <thingDefs>
        <li>AISchem</li>
        <li>Apparello_Proto</li>
        <li>Hexcell</li>
        <li>Plasteel</li>
        <li>AIPersonaCore</li>
	 </thingDefs>
	</defaultIngredientFilter>
	<skillRequirements>
	 <li>
	  <skill>Crafting</skill>
	  <minLevel>10</minLevel>
	 </li>
	</skillRequirements>
	<workSkill>Crafting</workSkill>
  </RecipeDef>

  <RecipeDef>
    <defName>CraftAIHelmutwo</defName>
    <label>Assemble AI core nerve-enhancer</label>
    <description>Assembles AI nerve-enhancer. Ultimate synaptic nerve enhancer, side effects become nearly unnoticeable.</description>
    <jobString>Assembling</jobString>
    <workAmount>3500</workAmount>
    <effectWorking>Repair</effectWorking>
    <soundWorking>Recipe_repair</soundWorking>
    <ingredients>
      <li>
        <filter>
          <thingDefs>
            <li>Apparello_ProtoFin</li>
          </thingDefs>
        </filter>
        <count>1</count>
      </li>
      <li>
        <filter>
          <thingDefs>
            <li>Plasteel</li>
          </thingDefs>
        </filter>
        <count>15</count>
      </li>
      <li>
        <filter>
          <thingDefs>
            <li>AISchem</li>
          </thingDefs>
        </filter>
        <count>1</count>
      </li>
    </ingredients>
    <products>
      <Apparello_Antsyhat>1</Apparello_Antsyhat>
      <AISchem>1</AISchem>
    </products>
    <fixedIngredientFilter>
      <thingDefs>
        <li>AISchem</li>
        <li>Apparello_ProtoFin</li>
        <li>Plasteel</li>
      </thingDefs>
    </fixedIngredientFilter>
	<defaultIngredientFilter>
	 <thingDefs>
        <li>AISchem</li>
        <li>Apparello_ProtoFin</li>
        <li>Plasteel</li>
	 </thingDefs>
	</defaultIngredientFilter>
	<skillRequirements>
	 <li>
	  <skill>Crafting</skill>
	  <minLevel>18</minLevel>
	 </li>
	</skillRequirements>
	<workSkill>Crafting</workSkill>
  </RecipeDef>






<!-- Power armor helmet -->
  <RecipeDef>
    <defName>CraftPowerHelm</defName>
    <label>Assemble power helmet</label>
    <description>Assembles power helmet</description>
    <jobString>Assembling</jobString>
    <workAmount>3500</workAmount>
    <effectWorking>Repair</effectWorking>
    <soundWorking>Recipe_repair</soundWorking>
    <ingredients>
      <li>
        <filter>
          <thingDefs>
            <li>ApparelloWhizbang</li>
          </thingDefs>
        </filter>
        <count>1</count>
      </li>
      <li>
        <filter>
          <thingDefs>
            <li>Plasteel</li>
          </thingDefs>
        </filter>
        <count>15</count>
      </li>
      <li>
        <filter>
          <thingDefs>
            <li>Hexcell</li>
          </thingDefs>
        </filter>
        <count>1</count>
      </li>
      <li>
        <filter>
          <thingDefs>
            <li>GlitterSchem</li>
          </thingDefs>
        </filter>
        <count>1</count>
      </li>
    </ingredients>
    <products>
      <Apparel_PowerArmorHelmet>1</Apparel_PowerArmorHelmet>
      <GlitterSchem>1</GlitterSchem>
    </products>
    <fixedIngredientFilter>
      <thingDefs>
        <li>GlitterSchem</li>
        <li>ApparelloWhizbang</li>
        <li>Hexcell</li>
        <li>Plasteel</li>
      </thingDefs>
    </fixedIngredientFilter>
	<defaultIngredientFilter>
	 <thingDefs>
        <li>GlitterSchem</li>
        <li>ApparelloWhizbang</li>
        <li>Hexcell</li>
        <li>Plasteel</li>
	 </thingDefs>
	</defaultIngredientFilter>
	<skillRequirements>
	 <li>
	  <skill>Crafting</skill>
	  <minLevel>8</minLevel>
	 </li>
	</skillRequirements>
	<workSkill>Crafting</workSkill>
  </RecipeDef>





<!-- LPOW -->
  <RecipeDef>
    <defName>CraftLPow</defName>
    <label>Assemble light power helmet</label>
    <description>Assembles light power helmet. lighter version of power helmet</description>
    <jobString>Assembling</jobString>
    <workAmount>3500</workAmount>
    <effectWorking>Repair</effectWorking>
    <soundWorking>Recipe_repair</soundWorking>
    <ingredients>
      <li>
        <filter>
	  <categories>
	    <li>Metals</li><!--changed from ResourcesRaw-->
	  </categories>
        </filter>
        <count>25</count>
      </li>
      <li>
        <filter>
          <thingDefs>
            <li>ApparelloWhizbang</li>
          </thingDefs>
        </filter>
        <count>1</count>
      </li>
      <li>
        <filter>
          <thingDefs>
            <li>GlitterSchem</li>
          </thingDefs>
        </filter>
        <count>1</count>
      </li>
    </ingredients>
    <products>
      <Apparello_LPow>1</Apparello_LPow>
      <GlitterSchem>1</GlitterSchem>
    </products>
    <fixedIngredientFilter>
    <categories>
      <li>Metals</li><!--changed from ResourcesRaw-->
    </categories>
      <thingDefs>
        <li>ApparelloWhizbang</li>
        <li>GlitterSchem</li>
      </thingDefs>
      <exceptedThingDefs>
        <li>WoodLog</li>
        <li>RawHops</li>
      </exceptedThingDefs>
      <exceptedCategories>
        <li>StoneBlocks</li>
      </exceptedCategories>
    </fixedIngredientFilter>
	<defaultIngredientFilter>
	  <categories>
	    <li>Metals</li><!--changed from ResourcesRaw-->
	  </categories>
	 <thingDefs>
          <li>ApparelloWhizbang</li>
          <li>GlitterSchem</li>
	 </thingDefs>
	</defaultIngredientFilter>
	<skillRequirements>
	 <li>
	  <skill>Crafting</skill>
	  <minLevel>5</minLevel>
	 </li>
	</skillRequirements>
	<workSkill>Crafting</workSkill>
  </RecipeDef>



<!-- KurtComb -->
  <RecipeDef>
    <defName>CraftKurt</defName>
    <label>Aerocowl Separation</label>
    <description>Separates SMG from Aerocowl</description>
    <jobString>Separating</jobString>
    <workAmount>500</workAmount>
    <effectWorking>Repair</effectWorking>
    <soundWorking>Recipe_repair</soundWorking>
    <ingredients>
      <li>
        <filter>
          <thingDefs>
            <li>Apparello_Kurt</li>
          </thingDefs>
        </filter>
        <count>1</count>
      </li>
    </ingredients>
    <products>
      <Apparello_Kurtlite>1</Apparello_Kurtlite>
      <Gun_Kurtgun>1</Gun_Kurtgun>
    </products>
    <fixedIngredientFilter>
      <thingDefs>
        <li>Apparello_Kurt</li>
      </thingDefs>
    </fixedIngredientFilter>
	<defaultIngredientFilter>
	 <thingDefs>
        <li>Apparello_Kurt</li>
	 </thingDefs>
	</defaultIngredientFilter>
	<skillRequirements>
	 <li>
	  <skill>Crafting</skill>
	  <minLevel>4</minLevel>
	 </li>
	</skillRequirements>
	<workSkill>Crafting</workSkill>
  </RecipeDef>

  <RecipeDef>
    <defName>CraftKurtII</defName>
    <label>Aerocowl Attachment</label>
    <description>Attaches SMG to Aerocowl</description>
    <jobString>Attaching</jobString>
    <workAmount>500</workAmount>
    <effectWorking>Repair</effectWorking>
    <soundWorking>Recipe_repair</soundWorking>
    <ingredients>
      <li>
        <filter>
          <thingDefs>
            <li>Apparello_Kurtlite</li>
          </thingDefs>
        </filter>
        <count>1</count>
      </li>
      <li>
        <filter>
          <thingDefs>
            <li>Gun_Kurtgun</li>
          </thingDefs>
        </filter>
        <count>1</count>
      </li>
    </ingredients>
    <products>
      <Apparello_Kurt>1</Apparello_Kurt>
    </products>
    <fixedIngredientFilter>
      <thingDefs>
        <li>Apparello_Kurtlite</li>
        <li>Gun_Kurtgun</li>
      </thingDefs>
    </fixedIngredientFilter>
	<defaultIngredientFilter>
	 <thingDefs>
        <li>Apparello_Kurtlite</li>
        <li>Gun_Kurtgun</li>
	 </thingDefs>
	</defaultIngredientFilter>
	<skillRequirements>
	 <li>
	  <skill>Crafting</skill>
	  <minLevel>4</minLevel>
	 </li>
	</skillRequirements>
	<workSkill>Crafting</workSkill>
  </RecipeDef>




<!-- MATERIALS -->

<!-- Hex cell -->

  <RecipeDef>
    <defName>MakeHexcell</defName>
    <label>Obtain Hex-cell</label>
    <description>Remove hex-cell from Power armor</description>
    <jobString>Removing</jobString>
    <workAmount>300</workAmount>
    <effectWorking>Repair</effectWorking>
    <soundWorking>Recipe_repair</soundWorking>
    <ingredients>
      <li>
        <filter>
          <thingDefs>
            <li>Apparel_PowerArmor</li>
          </thingDefs>
        </filter>
        <count>1</count>
      </li>
    </ingredients>
    <products>
      <Hexcell>1</Hexcell>
    </products>
    <fixedIngredientFilter>
      <thingDefs>
        <li>Apparel_PowerArmor</li>
      </thingDefs>
    </fixedIngredientFilter>
	<defaultIngredientFilter>
	 <thingDefs>
          <li>Apparel_PowerArmor</li>
	 </thingDefs>
	</defaultIngredientFilter>
	<skillRequirements>
	 <li>
	  <skill>Crafting</skill>
	  <minLevel>4</minLevel>
	 </li>
	</skillRequirements>
	<workSkill>Crafting</workSkill>
  </RecipeDef>



  <RecipeDef>
    <defName>MakeHexcellTwo</defName>
    <label>Craft Hex-cell</label>
    <description>Craft a Hex-cell. This is a power source for some advanced armors</description>
    <jobString>Crafting</jobString>
    <workAmount>1300</workAmount>
    <effectWorking>Repair</effectWorking>
    <soundWorking>Recipe_repair</soundWorking>
    <ingredients>
      <li>
        <filter>
          <thingDefs>
            <li>GlitterSchem</li>
          </thingDefs>
        </filter>
        <count>1</count>
      </li>
      <li>
        <filter>
          <thingDefs>
            <li>Plasteel</li>
          </thingDefs>
        </filter>
        <count>15</count>
      </li>
    </ingredients>
    <products>
      <Hexcell>1</Hexcell>
      <GlitterSchem>1</GlitterSchem>
    </products>
    <fixedIngredientFilter>
      <thingDefs>
          <li>GlitterSchem</li>
            <li>Plasteel</li>
      </thingDefs>
    </fixedIngredientFilter>
	<defaultIngredientFilter>
	 <thingDefs>
          <li>GlitterSchem</li>
            <li>Plasteel</li>
	 </thingDefs>
	</defaultIngredientFilter>
	<skillRequirements>
	 <li>
	  <skill>Crafting</skill>
	  <minLevel>8</minLevel>
	 </li>
	</skillRequirements>
	<workSkill>Crafting</workSkill>
  </RecipeDef>

<!-- Gadgets -->

  <RecipeDef>
    <defName>MakeWhizbang</defName>
    <label>Craft Pile of Gadgets</label>
    <description>Craft a gadget pile. Variety of moving parts, not for ages under 3. Used for armor crafting.</description>
    <jobString>Piling gadgets</jobString>
    <workAmount>1300</workAmount>
    <effectWorking>Repair</effectWorking>
    <soundWorking>Recipe_repair</soundWorking>
    <ingredients>
      <li>
        <filter>
          <thingDefs>
            <li>GlitterSchem</li>
          </thingDefs>
        </filter>
        <count>1</count>
      </li>
      <li>
        <filter>
          <thingDefs>
            <li>Plasteel</li>
          </thingDefs>
        </filter>
        <count>5</count>
      </li>
      <li>
        <filter>
          <thingDefs>
            <li>Steel</li>
          </thingDefs>
        </filter>
        <count>25</count>
      </li>
    </ingredients>
    <products>
      <ApparelloWhizbang>1</ApparelloWhizbang>
      <GlitterSchem>1</GlitterSchem>
    </products>
    <fixedIngredientFilter>
      <thingDefs>
          <li>GlitterSchem</li>
            <li>Plasteel</li>
            <li>Steel</li>
      </thingDefs>
    </fixedIngredientFilter>
	<defaultIngredientFilter>
	 <thingDefs>
          <li>GlitterSchem</li>
            <li>Plasteel</li>
            <li>Steel</li>
	 </thingDefs>
	</defaultIngredientFilter>
	<skillRequirements>
	 <li>
	  <skill>Crafting</skill>
	  <minLevel>8</minLevel>
	 </li>
	</skillRequirements>
	<workSkill>Crafting</workSkill>
  </RecipeDef>



<!-- Reflective alloy -->

</RecipeDefs>