<?xml version="1.0" encoding="utf-8" ?>
<Defs>


  <BiomeDef>
    <defName>IceSheet</defName>
    <label>ice sheet</label>
    <description>The surface is covered with sheets of ice which can be kilometers thick. There is no access to soil, so there are no plants. The only animals seen here are migrating to somewhere else - or badly lost.</description>
    <animalDensity>0</animalDensity>
    <plantDensity>0.0</plantDensity>
    <baseColor>(0.48, 0.765, 0.882)</baseColor>
    <soundsAmbient>
      <li>AmbientWind_Desolate</li>
    </soundsAmbient>
    <diseases>
      <li>
        <diseaseInc>Flu</diseaseInc>
        <mtbDays>140</mtbDays>
      </li>
      <li>
        <diseaseInc>Plague</diseaseInc>
        <mtbDays>180</mtbDays>
      </li>
    </diseases>
    <terrainsByFertility>
      <li>
        <terrain>Ice</terrain>
        <min>-999</min>
        <max>999</max>
      </li>
    </terrainsByFertility>
    <baseWeatherCommonalities>
      <Clear>12</Clear>
      <Fog>10</Fog>
      <Rain>0</Rain>
      <DryThunderstorm>2</DryThunderstorm>
      <RainyThunderstorm>0</RainyThunderstorm>
      <FoggyRain>4</FoggyRain>
      <SnowGentle>20</SnowGentle>
      <SnowHard>40</SnowHard>
    </baseWeatherCommonalities>
    <wildPlants>
      <li>
        <plant>PlantGrass</plant>
        <commonality>6.9</commonality>
      </li>
    </wildPlants>
    <wildAnimals>
      <li>
        <animal>Muffalo</animal>
        <commonality>0.5</commonality>
      </li>
	   <li>
        <animal>Alphalo</animal>
        <commonality>0.3</commonality>
      </li>
	  <li>
        <animal>Furx</animal>
        <commonality>0.2</commonality>
      </li>
	  <li>
        <animal>Rimdog</animal>
        <commonality>0.6</commonality>
      </li>
	  <li>
        <animal>Rimram</animal>
        <commonality>0.9</commonality>
      </li>
	  <li>
        <animal>Snork</animal>
        <commonality>0.12</commonality>
      </li>
    </wildAnimals>
  </BiomeDef>
  
  
  
  <BiomeDef>
    <defName>AridShrubland</defName>
    <label>arid shrubland</label>
    <description>A dry region, but not dry enough to become a true desert. Open plains with grasses and bushes give way to scattered groves of trees. Plants are hardy and there is a moderate density of animals.</description>
    <animalDensity>4.0</animalDensity>
    <plantDensity>0.5</plantDensity>
    <baseColor>(125,101,78)</baseColor>
    <soundsAmbient>
      <li>AmbientNightInsects_Standard</li>
    </soundsAmbient>
    <diseases>
      <li>
        <diseaseInc>Flu</diseaseInc>
        <mtbDays>150</mtbDays>
      </li>
      <li>
        <diseaseInc>Plague</diseaseInc>
        <mtbDays>150</mtbDays>
      </li>
    </diseases>
    <terrainsByFertility>
      <li>
        <terrain>Sand</terrain>
        <min>-999</min>
        <max>0.45</max>
      </li>
      <li>
        <terrain>Soil</terrain>
        <min>0.45</min>
        <max>0.90</max>
      </li>
      <li>
        <terrain>SoilRich</terrain>
        <min>0.90</min>
        <max>999</max>
      </li>
    </terrainsByFertility>
    <baseWeatherCommonalities>
      <Clear>18</Clear>
      <Fog>1</Fog>
      <Rain>2</Rain>
      <DryThunderstorm>1</DryThunderstorm>
      <RainyThunderstorm>1</RainyThunderstorm>
      <FoggyRain>0.5</FoggyRain>
      <SnowGentle>4</SnowGentle>
      <SnowHard>4</SnowHard>
    </baseWeatherCommonalities>
    <wildPlants>
      <li>
        <plant>PlantAgave</plant>
        <commonality>0.3</commonality>
      </li>
      <li>
        <plant>PlantSaguaroCactus</plant>
        <commonality>0.3</commonality>
      </li>
      <li>
        <plant>PlantPincushionCactus</plant>
        <commonality>0.6</commonality>
      </li>
      <li>
        <plant>PlantRaspberry</plant>
        <commonality>0.1</commonality>
      </li>
      <li>
        <plant>PlantBush</plant>
        <commonality>0.7</commonality>
      </li>
      <li>
        <plant>PlantGrass</plant>
        <commonality>6.9</commonality>
      </li>
      <li>
        <plant>PlantDandelion</plant>
        <commonality>0.8</commonality>
      </li>
      <li>
        <plant>PlantTreeOak</plant>
        <commonality>0.25</commonality>
      </li>
      <li>
        <plant>PlantTreePoplar</plant>
        <commonality>0.35</commonality>
      </li>
    </wildPlants>
    <wildAnimals>
      <li>
        <animal>Muffalo</animal>
        <commonality>0.5</commonality>
      </li>
      <li>
        <animal>Alphalo</animal>
        <commonality>0.1</commonality>
      </li>
      <li>
        <animal>Crashbug</animal>
        <commonality>0.01</commonality>
      </li>
      <li>
        <animal>Tarantula</animal>
        <commonality>0.5</commonality>
      </li>
			<li>
				<animal>Alpaca</animal>
				<commonality>0.2</commonality>
			</li>
      <li>
        <animal>Elephant</animal>
        <commonality>0.5</commonality>
      </li>
      
      <li>
        <animal>Squirrel</animal>
        <commonality>1</commonality>
      </li>
      <li>
        <animal>Boomrat</animal>
        <commonality>1</commonality>
      </li>
      <li>
        <animal>Iguana</animal>
        <commonality>0.2</commonality>
      </li>
      <li>
        <animal>Rhinoceros</animal>
        <commonality>0.15</commonality>
      </li>
      <li>
        <animal>WildBoar</animal>
        <commonality>0.5</commonality>
      </li>
    <li>
        <animal>Fly</animal>
        <commonality>0.5</commonality>
      </li>
      <li>
        <animal>Mosquito</animal>
        <commonality>0.2</commonality>
      </li>
      <li>
        <animal>Muffalo</animal>
        <commonality>0.5</commonality>
      </li>
      <li>
        <animal>Rimdog</animal>
        <commonality>0.5</commonality>
      </li>
    <li>
        <animal>Boomalope</animal>
        <commonality>0.5</commonality>
      </li>
      <li>
        <animal>Furx</animal>
        <commonality>0.25</commonality>
      </li>
	  <li>
		<animal>Lacosdile</animal>
		<commonality>0.20</commonality>
	  </li>
      <li>
        <animal>Quadhog</animal>
        <commonality>0.05</commonality>
      </li>
      <li>
        <animal>Spindlecrib</animal>
        <commonality>0.07</commonality>
      </li>
    </wildAnimals>
  </BiomeDef>






  <BiomeDef>
    <defName>TemperateForest</defName>
    <label>temperate forest</label>
    <description>A friendly biome dominated by forests of deciduous trees interspersed with fertile clearings. Many species of animals move around in the trees and on the plains.</description>
    <animalDensity>6.0</animalDensity>
    <plantDensity>0.83</plantDensity>
    <baseColor>(0.341, 0.525, 0.180)</baseColor>
    <soundsAmbient>
      <li>AmbientNightInsects_Standard</li>
    </soundsAmbient>
    <diseases>
      <li>
        <diseaseInc>Flu</diseaseInc>
        <mtbDays>140</mtbDays>
      </li>
      <li>
        <diseaseInc>Plague</diseaseInc>
        <mtbDays>140</mtbDays>
      </li>
      <li>
        <diseaseInc>Malaria</diseaseInc>
        <mtbDays>140</mtbDays>
      </li>
    </diseases>
    <terrainsByFertility>
      <li>
        <terrain>Soil</terrain>
        <min>-999</min>
        <max>0.87</max>
      </li>
      <li>
        <terrain>SoilRich</terrain>
        <min>0.87</min>
        <max>999</max>
      </li>
    </terrainsByFertility>
    <terrainPatchMakers>
      <li>
        <perlinFrequency>0.015</perlinFrequency>
        <thresholds>
          <li>
            <terrain>SoilRich</terrain>
            <min>0.73</min>
            <max>0.80</max>
          </li>
          <li>
            <terrain>Mud</terrain>
            <min>0.80</min>
            <max>0.93</max>
          </li>
          <li>
            <terrain>WaterShallow</terrain>
            <min>0.93</min>
            <max>1.06</max>
          </li>
          <li>
            <terrain>WaterDeep</terrain>
            <min>1.06</min>
            <max>999</max>
          </li>
        </thresholds>
      </li>
    </terrainPatchMakers>
    <baseWeatherCommonalities>
      <Clear>18</Clear>
      <Fog>1</Fog>
      <Rain>2</Rain>
      <DryThunderstorm>1</DryThunderstorm>
      <RainyThunderstorm>1</RainyThunderstorm>
      <FoggyRain>1</FoggyRain>
      <SnowGentle>4</SnowGentle>
      <SnowHard>4</SnowHard>
    </baseWeatherCommonalities>
    <wildPlants>
      <li>
        <plant>PlantRaspberry</plant>
        <commonality>0.1</commonality>
      </li>
      <li>
        <plant>PlantBush</plant>
        <commonality>0.7</commonality>
      </li>
      <li>
        <plant>PlantGrass</plant>
        <commonality>6.9</commonality>
      </li>
      <li>
        <plant>PlantDandelion</plant>
        <commonality>0.8</commonality>
      </li>
      <li>
        <plant>PlantTreeOak</plant>
        <commonality>0.5</commonality>
      </li>
      <li>
        <plant>PlantTreePoplar</plant>
        <commonality>0.5</commonality>
      </li>
    </wildPlants>
    <wildAnimals>
      <li>
        <animal>Alphalo</animal>
        <commonality>0.05</commonality>
      </li>
      <li>
        <animal>Crashbug</animal>
        <commonality>0.01</commonality>
      </li>
      <li>
        <animal>Tarantula</animal>
        <commonality>0.2</commonality>
      </li>
      <li>
        <animal>Fly</animal>
        <commonality>0.5</commonality>
      </li>
      <li>
        <animal>Mosquito</animal>
        <commonality>0.5</commonality>
      </li>
      <li>
        <animal>Deer</animal>
        <commonality>0.5</commonality>
      </li>
      <li>
        <animal>Muffalo</animal>
        <commonality>0.2</commonality>
      </li>
			<li>
				<animal>Alpaca</animal>
				<commonality>0.1</commonality>
			</li>
      <li>
        <animal>Squirrel</animal>
        <commonality>1</commonality>
      </li>
      <li>
        <animal>WildBoar</animal>
        <commonality>0.5</commonality>
      </li>
      <li>
        <animal>Boomrat</animal>
        <commonality>0.25</commonality>
      </li>
      <li>
        <animal>Tortoise</animal>
        <commonality>0.4</commonality>
      </li>
      <li>
        <animal>Hare</animal>
        <commonality>1</commonality>
      </li>
      <li>
        <animal>Boomalope</animal>
        <commonality>0.2</commonality>
      </li>
      <li>
        <animal>Warg</animal>
        <commonality>0.1</commonality>
      </li>
      <li>
        <animal>Rimdog</animal>
        <commonality>0.5</commonality>
      </li>
      <li>
        <animal>Furx</animal>
        <commonality>0.45</commonality>
      </li>
      <li>
        <animal>Megaslug</animal>
        <commonality>0.35</commonality>
      </li>
      <li>
        <animal>Quadhog</animal>
        <commonality>0.10</commonality>
      </li>
      <li>
        <animal>Spindlecrib</animal>
        <commonality>0.07</commonality>
      </li>
    </wildAnimals>
  </BiomeDef>


  <BiomeDef>
    <defName>Desert</defName>
    <label>desert</label>
    <description>A very dry, hot area which supports little life.</description>
    <animalDensity>0.8</animalDensity>
    <plantDensity>0.14</plantDensity>
    <baseColor>(0.592, 0.568, 0.396)</baseColor>
    <diseases>
      <li>
        <diseaseInc>Flu</diseaseInc>
        <mtbDays>150</mtbDays>
      </li>
      <li>
        <diseaseInc>Plague</diseaseInc>
        <mtbDays>210</mtbDays>
      </li>
    </diseases>
    <terrainsByFertility>
      <li>
        <terrain>Sand</terrain>
        <min>-999</min>
        <max>0.80</max>
      </li>
      <li>
        <terrain>Soil</terrain>
        <min>0.80</min>
        <max>999</max>
      </li>
    </terrainsByFertility>
    <baseWeatherCommonalities>
      <Clear>18</Clear>
      <Rain>2</Rain>
      <DryThunderstorm>1</DryThunderstorm>
      <RainyThunderstorm>1</RainyThunderstorm>
      <SnowGentle>4</SnowGentle>
      <SnowHard>4</SnowHard>
    </baseWeatherCommonalities>
    <wildPlants>
      <li>
        <plant>PlantAgave</plant>
        <commonality>0.25</commonality>
      </li>
      <li>
        <plant>PlantSaguaroCactus</plant>
        <commonality>1</commonality>
      </li>
      <li>
        <plant>PlantPincushionCactus</plant>
        <commonality>1</commonality>
      </li>
      <li>
        <plant>PlantBush</plant>
        <commonality>0.25</commonality>
      </li>
      <li>
        <plant>PlantGrass</plant>
        <commonality>6</commonality>
      </li>
      <li>
        <plant>PlantDandelion</plant>
        <commonality>0.5</commonality>
      </li>
      <li>
        <plant>PlantTreePoplar</plant>
        <commonality>0.45</commonality>
      </li>
    </wildPlants>
    <wildAnimals>
      <li>
        <animal>Crashbug</animal>
        <commonality>0.01</commonality>
      </li>
      <li>
        <animal>Tarantula</animal>
        <commonality>1</commonality>
      </li>
      <li>
        <animal>Fly</animal>
        <commonality>0.2</commonality>
      </li>
      <li>
        <animal>Mosquito</animal>
        <commonality>0.2</commonality>
      </li>
      <li>
        <animal>Megascarab</animal>
        <commonality>1</commonality>
      </li>
      <li>
        <animal>Iguana</animal>
        <commonality>0.7</commonality>
      </li>
      <li>
        <animal>Dromedary</animal>
        <commonality>0.5</commonality>
      </li>
      <li>
        <animal>Boomalope</animal>
        <commonality>0.25</commonality>
      </li>
      <li>
        <animal>Rimdog</animal>
        <commonality>0.15</commonality>
      </li>
      <li>
        <animal>Lacosdile</animal>
        <commonality>0.15</commonality>
      </li>
      <li>
        <animal>Quadhog</animal>
        <commonality>0.05</commonality>
      </li>
      <li>
        <animal>Spindlecrib</animal>
        <commonality>0.05</commonality>
      </li>
    </wildAnimals>
  </BiomeDef>


  <BiomeDef>
    <defName>TropicalRainforest</defName>
    <label>tropical rainforest</label>
    <description>A thick, moist jungle. Dense overgrowth and aggressive wildlife make construction and survival difficult.</description>
    <animalDensity>8.0</animalDensity>
    <plantDensity>1.0</plantDensity>
    <baseColor>(0, 0.372, 0.035)</baseColor>
    <soundsAmbient>
      <li>AmbientNightInsects_Jungle</li>
      <li>AmbientDayInsects_Jungle</li>
    </soundsAmbient>
    <diseases>
      <li>
        <diseaseInc>Flu</diseaseInc>
        <mtbDays>100</mtbDays>
      </li>
      <li>
        <diseaseInc>Plague</diseaseInc>
        <mtbDays>100</mtbDays>
      </li>
      <li>
        <diseaseInc>Malaria</diseaseInc>
        <mtbDays>65</mtbDays>
      </li>
      <li>
        <diseaseInc>SleepingSickness</diseaseInc>
        <mtbDays>65</mtbDays>
      </li>
    </diseases>
    <terrainsByFertility>
      <li>
        <terrain>Soil</terrain>
        <min>-999</min>
        <max>0.87</max>
      </li>
      <li>
        <terrain>SoilRich</terrain>
        <min>0.87</min>
        <max>999</max>
      </li>
    </terrainsByFertility>
    <terrainPatchMakers>
      <li>
        <perlinFrequency>0.04</perlinFrequency>
        <thresholds>
          <li>
            <terrain>MarshyTerrain</terrain>
            <min>0.7</min>
            <max>999</max>
          </li>
        </thresholds>
      </li>
      <li>
        <perlinFrequency>0.035</perlinFrequency>
        <thresholds>
          <li>
            <terrain>MarshyTerrain</terrain>
            <min>0.64</min>
            <max>0.87</max>
          </li>
          <li>
            <terrain>Marsh</terrain>
            <min>0.87</min>
            <max>999</max>
          </li>
        </thresholds>
      </li>
    </terrainPatchMakers>
    <baseWeatherCommonalities>
      <Clear>18</Clear>
      <Fog>1</Fog>
      <Rain>2</Rain>
      <DryThunderstorm>0.3</DryThunderstorm>
      <RainyThunderstorm>1.7</RainyThunderstorm>
      <FoggyRain>1</FoggyRain>
      <SnowGentle>4</SnowGentle>
      <SnowHard>4</SnowHard>
    </baseWeatherCommonalities>
    <wildPlants>
      <li>
        <plant>PlantRaspberry</plant>
        <commonality>0.1</commonality>
      </li>
      <li>
        <plant>PlantBush</plant>
        <commonality>0.7</commonality>
      </li>
      <li>
        <plant>PlantTallGrass</plant>
        <commonality>6.9</commonality>
      </li>
      <li>
        <plant>PlantDandelion</plant>
        <commonality>0.8</commonality>
      </li>
      <li>
        <plant>PlantTreeTeak</plant>
        <commonality>0.3</commonality>
      </li>
      <li>
        <plant>PlantTreeCecropia</plant>
        <commonality>0.6</commonality>
      </li>
    </wildPlants>
    <wildAnimals>
      <li>
        <animal>Crashbug</animal>
        <commonality>0.01</commonality>
      </li>
      <li>
        <animal>Tarantula</animal>
        <commonality>1</commonality>
      </li>
      <li>
        <animal>Fly</animal>
        <commonality>0.2</commonality>
      </li>
      <li>
        <animal>Mosquito</animal>
        <commonality>2</commonality>
      </li>
      <li>
        <animal>Cobra</animal>
        <commonality>1</commonality>
      </li>
      <li>
        <animal>Monkey</animal>
        <commonality>0.5</commonality>
      </li>
      <li>
        <animal>WildBoar</animal>
        <commonality>0.5</commonality>
      </li>
      <li>
        <animal>Tortoise</animal>
        <commonality>0.3</commonality>
      </li>
      <li>
        <animal>Chinchilla</animal>
        <commonality>0.3</commonality>
      </li>
      <li>
        <animal>Boomalope</animal>
        <commonality>0.35</commonality>
      </li>
      <li>
        <animal>Capybara</animal>
        <commonality>0.35</commonality>
      </li>
			<li>
				<animal>Alpaca</animal>
				<commonality>0.25</commonality>
			</li>
      <li>
        <animal>Rimdog</animal>
        <commonality>0.6</commonality>
      </li>
      <li>
        <animal>Lacosdile</animal>
        <commonality>0.45</commonality>
      </li>
      <li>
        <animal>Megaslug</animal>
        <commonality>0.45</commonality>
      </li>
      <li>
        <animal>Quadhog</animal>
        <commonality>0.15</commonality>
      </li>
      <li>
        <animal>Spindlecrib</animal>
        <commonality>0.10</commonality>
      </li>
    </wildAnimals>
  </BiomeDef>


  <BiomeDef>
    <defName>BorealForest</defName>
    <label>boreal forest</label>
    <description>Northern forests of coniferous trees. Despite the harsh winters, boreal forests sustain a diverse population of small and large animals.</description>
    <implemented>true</implemented>
    <animalDensity>3.0</animalDensity>
    <plantDensity>0.5</plantDensity>
    <baseColor>(0.30, 0.60, 0.55)</baseColor>
    <soundsAmbient>
      <li>AmbientNightInsects_Standard</li>
    </soundsAmbient>
    <diseases>
      <li>
        <diseaseInc>Flu</diseaseInc>
        <mtbDays>130</mtbDays>
      </li>
      <li>
        <diseaseInc>Plague</diseaseInc>
        <mtbDays>130</mtbDays>
      </li>
    </diseases>
    <terrainsByFertility>
      <li>
        <terrain>Soil</terrain>
        <min>-999</min>
        <max>0.87</max>
      </li>
      <li>
        <terrain>SoilRich</terrain>
        <min>0.87</min>
        <max>999</max>
      </li>
    </terrainsByFertility>
    <terrainPatchMakers>
      <li>
        <perlinFrequency>0.015</perlinFrequency>
        <thresholds>
          <li>
            <terrain>MossyTerrain</terrain>
            <min>0.0</min>
            <max>0.32</max>
          </li>
          <li>
            <terrain>Marsh</terrain>
            <min>0.32</min>
            <max>0.76</max>
          </li>
          <li>
            <terrain>WaterShallow</terrain>
            <min>0.76</min>
            <max>0.98</max>
          </li>
          <li>
            <terrain>WaterDeep</terrain>
            <min>0.98</min>
            <max>999</max>
          </li>
        </thresholds>
      </li>
    </terrainPatchMakers>
    <baseWeatherCommonalities>
      <Clear>18</Clear>
      <Fog>1</Fog>
      <Rain>2</Rain>
      <DryThunderstorm>1</DryThunderstorm>
      <RainyThunderstorm>1</RainyThunderstorm>
      <FoggyRain>1</FoggyRain>
      <SnowGentle>4</SnowGentle>
      <SnowHard>4</SnowHard>
    </baseWeatherCommonalities>
    <wildPlants>
      <li>
        <plant>PlantBush</plant>
        <commonality>3.0</commonality>
      </li>
      <li>
        <plant>PlantGrass</plant>
        <commonality>8.0</commonality>
      </li>
      <li>
        <plant>PlantMoss</plant>
        <commonality>4.0</commonality>
      </li>
      <li>
        <plant>PlantTreePoplar</plant>
        <commonality>1.2</commonality>
      </li>
      <li>
        <plant>PlantTreePine</plant>
        <commonality>5.0</commonality>
      </li>
      <li>
        <plant>PlantTreeBirch</plant>
        <commonality>1.5</commonality>
      </li>
    </wildPlants>
    <wildAnimals>
      <li>
        <animal>Alphalo</animal>
        <commonality>0.1</commonality>
      </li>
      <li>
        <animal>Elk</animal>
        <commonality>0.5</commonality>
      </li>
      <li>
        <animal>Muffalo</animal>
        <commonality>0.5</commonality>
      </li>
      <li>
        <animal>Squirrel</animal>
        <commonality>1</commonality>
      </li>
      <li>
        <animal>WildBoar</animal>
        <commonality>0.5</commonality>
      </li>
      <li>
        <animal>Hare</animal>
        <commonality>1</commonality>
      </li>
      <li>
        <animal>Warg</animal>
        <commonality>0.15</commonality>
      </li>
			<li>
				<animal>Husky</animal>
				<commonality>0.02</commonality>
			</li>
      <li>
        <animal>Rimdog</animal>
        <commonality>0.5</commonality>
      </li>
      <li>
        <animal>Rimram</animal>
        <commonality>0.45</commonality>
      </li>
      <li>
        <animal>Snork</animal>
        <commonality>0.25</commonality>
      </li>
    </wildAnimals>
  </BiomeDef>


  <BiomeDef>
    <defName>Tundra</defName>
    <label>tundra</label>
    <description>These mostly-frozen plains bear almost no trees and little vegetation. There are a few small animals interspesed with large herds of migratory grazers and their predators.</description>
    <implemented>true</implemented>
    <animalDensity>1.0</animalDensity>
    <plantDensity>0.25</plantDensity>
    <baseColor>(0.36, 0.73, 0.67)</baseColor>
    <soundsAmbient>
      <li>AmbientNightInsects_Standard</li>
    </soundsAmbient>
    <diseases>
      <li>
        <diseaseInc>Flu</diseaseInc>
        <mtbDays>140</mtbDays>
      </li>
      <li>
        <diseaseInc>Plague</diseaseInc>
        <mtbDays>180</mtbDays>
      </li>
    </diseases>
    <terrainsByFertility>
      <li>
        <terrain>Soil</terrain>
        <min>-999</min>
        <max>0.87</max>
      </li>
      <li>
        <terrain>SoilRich</terrain>
        <min>0.87</min>
        <max>999</max>
      </li>
    </terrainsByFertility>
    <terrainPatchMakers>
      <li>
        <perlinFrequency>0.015</perlinFrequency>
        <thresholds>
          <li>
            <terrain>MossyTerrain</terrain>
            <min>0.64</min>
            <max>0.83</max>
          </li>
          <li>
            <terrain>Marsh</terrain>
            <min>0.83</min>
            <max>999</max>
          </li>
        </thresholds>
      </li>
    </terrainPatchMakers>
    <baseWeatherCommonalities>
      <Clear>18</Clear>
      <Fog>1</Fog>
      <Rain>2</Rain>
      <DryThunderstorm>1</DryThunderstorm>
      <RainyThunderstorm>1</RainyThunderstorm>
      <FoggyRain>1</FoggyRain>
      <SnowGentle>4</SnowGentle>
      <SnowHard>4</SnowHard>
    </baseWeatherCommonalities>
    <wildPlants>
      <li>
        <plant>PlantRaspberry</plant>
        <commonality>0.01</commonality>
      </li>
      <li>
        <plant>PlantBush</plant>
        <commonality>0.03</commonality>
      </li>
      <li>
        <plant>PlantAstragalus</plant>
        <commonality>0.01</commonality>
      </li>
      <li>
        <plant>PlantDandelion</plant>
        <commonality>0.01</commonality>
      </li>
      <li>
        <plant>PlantGrass</plant>
        <commonality>0.3</commonality>
      </li>
      <li>
        <plant>PlantMoss</plant>
        <commonality>0.05</commonality>
      </li>
      <li>
        <plant>PlantTreePine</plant>
        <commonality>0.01</commonality>
      </li>
      <li>
        <plant>PlantTreeBirch</plant>
        <commonality>0.01</commonality>
      </li>
    </wildPlants>
    <wildAnimals>
      <li>
        <animal>Alphalo</animal>
        <commonality>0.1</commonality>
      </li>
      <li>
        <animal>Elk</animal>
        <commonality>0.5</commonality>
      </li>
      <li>
        <animal>Muffalo</animal>
        <commonality>0.5</commonality>
      </li>
      <li>
        <animal>Elephant</animal>
        <commonality>0.6</commonality>
      </li>
      <li>
        <animal>Squirrel</animal>
        <commonality>1</commonality>
      </li>
      <li>
        <animal>Hare</animal>
        <commonality>1</commonality>
      </li>
      <li>
        <animal>Warg</animal>
        <commonality>0.15</commonality>
      </li>
			<li>
				<animal>Husky</animal>
				<commonality>0.02</commonality>
			</li>
      <li>
        <animal>Rimdog</animal>
        <commonality>0.5</commonality>
      </li>
      <li>
        <animal>Rimram</animal>
        <commonality>0.25</commonality>
      </li>
      <li>
        <animal>Snork</animal>
        <commonality>0.45</commonality>
      </li>
    </wildAnimals>
  </BiomeDef>
  


</Defs>