<?xml version="1.0" encoding="utf-8" ?>
<TerrainDefs>

  <TerrainDef Name="FloorBase" Abstract="True">
    <layerable>true</layerable>
    <affordances>
      <li>Light</li>
      <li>Heavy</li>
      <li>SmoothHard</li>
    </affordances>
    <statBases>
      <WorkToMake>135</WorkToMake>
    </statBases>
    <designationCategory>MoreFloors</designationCategory><!--changed from Floors-->
    <Fertility>0</Fertility>
    <constructEffect>ConstructDirt</constructEffect>
    <AcceptTerrainSourceFilth>True</AcceptTerrainSourceFilth>
    <terrainAffordanceNeeded>Light</terrainAffordanceNeeded>
	<researchPrerequisite>CraftingI</researchPrerequisite>
  </TerrainDef><!--added prerequisite-->


  <TerrainDef Abstract="True" ParentName="FloorBase" Name="TileStoneBase">
    <RenderPrecedence>220</RenderPrecedence>
    <Description>Solid stone tiles for a castle feeling.</Description>
    <texturePath>Terrain/Surfaces/TileStone</texturePath>
    <statBases>
      <WorkToMake>165</WorkToMake>
      <Beauty>2</Beauty>
    </statBases>
  </TerrainDef>

  <TerrainDef ParentName="TileStoneBase">
    <DefName>MD2ClayBrickTile</DefName>
    <label>clay tile</label>
    <color>(163,109,64)</color>
    <CostList>
      <MD2ClayBrick>6</MD2ClayBrick>
    </CostList>
  </TerrainDef>

</TerrainDefs>