﻿<?xml version="1.0" encoding="utf-8" ?>
<TerrainDefs>


  <TerrainDef Name="FloorBase" Abstract="True">
    <layerable>true</layerable>
    <affordances>
      <li>Light</li>
      <li>Heavy</li>
      <li>SmoothHard</li>
    </affordances>
    <statBases>
      <WorkToMake>135</WorkToMake>
    </statBases>
    <designationCategory>MoreFloors</designationCategory>
    <Fertility>0</Fertility>
    <constructEffect>ConstructDirt</constructEffect>
    <AcceptTerrainSourceFilth>True</AcceptTerrainSourceFilth>
    <terrainAffordanceNeeded>Light</terrainAffordanceNeeded>
    <researchPrerequisite>CraftingI</researchPrerequisite>
  </TerrainDef><!--added prerequisite-->



  <!-- ================================== -->

  <TerrainDef  ParentName="FloorBase">
    <DefName>CopperTile</DefName>
    <label>copper tile</label>
    <RenderPrecedence>237</RenderPrecedence>
    <Description>Beautiful copper tiles.</Description>
    <texturePath>Terrain/Surfaces/GenericFloorTile</texturePath>
    <color>(0.35, 0.45, 0.4)</color>
    <statBases>
      <Beauty>3</Beauty>
    <WorkToMake>1800</WorkToMake>
    </statBases>
    <CostList>
      <Copper>10</Copper>
    </CostList>
    <constructEffect>ConstructMetal</constructEffect>
  </TerrainDef>

  <TerrainDef ParentName="FloorBase">
    <defName>ConcreteFoundation</defName>
    <label>concrete foundation</label>
    <Description>Build concrete foundation to support structures on soft terrains.</Description>
    <texturePath>Terrain/Surfaces/Concrete</texturePath>
    <EdgeType>Hard</EdgeType>
    <RenderPrecedence>150</RenderPrecedence>
    <PathCost>0</PathCost>
    <terrainAffordanceNeeded>Any</terrainAffordanceNeeded>
    <statBases>
      <WorkToMake>750</WorkToMake>
      <Beauty>-1</Beauty>
    </statBases>
    <CostList>
      <Concrete>8</Concrete>
      <Steelx>3</Steelx>
    </CostList>
  </TerrainDef>


</TerrainDefs>