﻿<?xml version="1.0" encoding="utf-8" ?>
<TerrainDefs>

  <TerrainDef>
    <defName>Soil</defName>
    <label>soil</label>
    <Description>Grow some flowers on it.</Description>
    <texturePath>Terrain/Surfaces/Soil</texturePath>
    <EdgeType>FadeRough</EdgeType>
    <RenderPrecedence>340</RenderPrecedence>
    <PathCost>2</PathCost>
    <statBases>
      <Beauty>-1</Beauty>
      <Cleanliness>-1</Cleanliness>
      <WorkToMake>1500</WorkToMake>
    </statBases>
    <designationCategory>MoreFloors</designationCategory><!--changed from Floors-->
    <constructEffect>ConstructDirt</constructEffect>
    <ScatterType>Rocky</ScatterType>
    <affordances>
      <li>Light</li>
      <li>Heavy</li>
      <li>GrowSoil</li>
      <li>Diggable</li>
    </affordances>
    <TerrainFilthDef>FilthDirt</TerrainFilthDef>
    <Fertility>1.0</Fertility>
    <TakeFootprints>True</TakeFootprints>
  </TerrainDef>

  <TerrainDef>
    <defName>SoilRich</defName>
    <label>rich soil</label>
    <Description>Grow some more flowers on it.</Description>
    <texturePath>Terrain/Surfaces/SoilRich</texturePath>
    <EdgeType>FadeRough</EdgeType>
    <RenderPrecedence>335</RenderPrecedence>
    <PathCost>2</PathCost>
    <statBases>
      <Beauty>-1</Beauty>
      <Cleanliness>-1</Cleanliness>
      <WorkToMake>2000</WorkToMake>
    </statBases>
    <designationCategory>MoreFloors</designationCategory><!--changed from Floors-->
    <constructEffect>ConstructDirt</constructEffect>
    <affordances>
      <li>Light</li>
      <li>Heavy</li>
      <li>GrowSoil</li>
      <li>Diggable</li>
    </affordances>
    <TerrainFilthDef>FilthDirt</TerrainFilthDef>
    <Fertility>1.4</Fertility>
    <TakeFootprints>True</TakeFootprints>
  </TerrainDef>

  <TerrainDef>
    <defName>Marsh</defName>
    <label>marsh</label>
    <Description>Shallow pool to slow down your enemy or yourself.</Description>
    <texturePath>Terrain/Surfaces/Marsh</texturePath>
    <EdgeType>FadeRough</EdgeType>
    <RenderPrecedence>325</RenderPrecedence>
    <PathCost>23</PathCost>
    <statBases>
      <Beauty>-2</Beauty>
      <Cleanliness>-2</Cleanliness>
      <WorkToMake>1600</WorkToMake>
    </statBases>
    <designationCategory>MoreFloors</designationCategory><!--changed from Floors-->
    <constructEffect>ConstructDirt</constructEffect>
    <TerrainFilthDef>FilthDirt</TerrainFilthDef>
    <Fertility>0</Fertility>
    <TakeFootprints>True</TakeFootprints>
    <acceptFilth>false</acceptFilth>
    <avoidWander>true</avoidWander>
  </TerrainDef>

</TerrainDefs>
