<?xml version="1.0" encoding="utf-8" ?>
<ThingDefs>

  <ThingDef Name="BodyPartBase" Abstract="True">
    <label>body part</label>
    <thingClass>ThingWithComps</thingClass>
    <category>Item</category>
    <useHitPoints>true</useHitPoints>
    <selectable>true</selectable>
    <statBases>
      <MaxHitPoints>50</MaxHitPoints>
      <Flammability>1.0</Flammability>
    </statBases>
    <altitudeLayer>Item</altitudeLayer>
    <tickerType>Never</tickerType>
    <alwaysHaulable>true</alwaysHaulable>
    <isBodyPartOrImplant>true</isBodyPartOrImplant>
    <tradeTags>
      <li>BodyPartOrImplant</li>
    </tradeTags>
    <comps>
      <li>
        <compClass>CompForbiddable</compClass>
      </li>
    </comps>
    <thingCategories>
      <li>AdvancedBionicsHumanoid</li><!--changed from BodyPartsAndImplants-->
    </thingCategories>
    <pathCost>10</pathCost>
  </ThingDef>

  <!-- artificial - bionics -->
  
  <ThingDef ParentName="BodyPartBase">
    <defName>BionicTacticalImplant</defName>
    <label>bionic brainPal</label>
    <description>Advanced bionic computer flawlessly integrated into the human brain.</description>
	<graphicData>
		<texPath>Things/Item/BodyPart/ArtificialOrgan</texPath>
		<graphicClass>Graphic_Single</graphicClass>
    </graphicData>
    <statBases>
      <MarketValue>3500</MarketValue>
    </statBases>
    <techHediffsTags>
		<li>Advanced</li>
    </techHediffsTags>
  </ThingDef>
  
  <ThingDef ParentName="BodyPartBase">
    <defName>ElectronicTacticalImplant</defName>
    <label>electronic brainPal</label>
    <description>Advanced computer with a direct brain interface.</description>
	<graphicData>
		<texPath>Things/Item/BodyPart/ArtificialOrgan</texPath>
		<graphicClass>Graphic_Single</graphicClass>
    </graphicData>
    <statBases>
      <MarketValue>2000</MarketValue>
    </statBases>
    <techHediffsTags>
		<li>Advanced</li>
    </techHediffsTags>
  </ThingDef>
  
</ThingDefs>
