﻿<?xml version="1.0" encoding="utf-8" ?>
<ThingDefinitions>

  <!-- ======================= Minified things ========================= -->

  <ThingDef Name="MinifiedBase" Abstract="True">
    <thingClass>MinifiedThing</thingClass>
    <category>Item</category>
    <useHitPoints>true</useHitPoints>
    <selectable>true</selectable>
    <altitudeLayer>Item</altitudeLayer>
    <!-- for CompForbiddable -->
    <drawerType>RealtimeOnly</drawerType>
    <comps>
      <li>
        <compClass>CompForbiddable</compClass>
      </li>
    </comps>
    <alwaysHaulable>true</alwaysHaulable>
    <rotatable>false</rotatable>
    <pathCost>15</pathCost>
  </ThingDef>
  
  <ThingDef ParentName="MinifiedBase">
    <defName>MinifiedTurretWeaponBase</defName>
    <label>Turret Weapon Base</label>
    <thingCategories>
      <li>BaseDefense</li><!--changed from Items-->
    </thingCategories>
  </ThingDef>


  
  
  


</ThingDefinitions>