<?xml version="1.0" encoding="utf-8" ?>
<ThingDefs>


	<ThingDef Name="BuildingBase" Abstract="True">
		<category>Building</category>
		<soundImpactDefault>BulletImpactMetal</soundImpactDefault>
		<selectable>true</selectable>
		<drawerType>MapMeshAndRealTime</drawerType>
		<terrainAffordanceNeeded>Light</terrainAffordanceNeeded>
		<repairEffect>Repair</repairEffect>
	</ThingDef>

<ThingDef ParentName="BuildingBase">
		<defName>NanoStorage</defName>
		<label>Nano Storage</label>
		<description>This building provides nano storage capabilities.</description>
		<thingClass>NanoStorage.Building_NanoStorage</thingClass>
		<category>Building</category>
		<graphicData>
			<texPath>Things/Building/NanoStorage/NanoStorage</texPath>
			<graphicClass>Graphic_Single</graphicClass>
		</graphicData>
		<altitudeLayer>Waist</altitudeLayer>
		<passability>PassThroughOnly</passability>
		<pathCost>70</pathCost>
		<statBases>
			<WorkToMake>1750</WorkToMake>
			<MaxHitPoints>150</MaxHitPoints>
			<Flammability>1.0</Flammability>
			<Beauty>0</Beauty>
		</statBases>
		<castEdgeShadows>false</castEdgeShadows>
		<size>(1,1)</size>
		<costList>
			<Steel>50</Steel>
		</costList>
		<killedLeavings>
			<ChunkSlagSteel>1</ChunkSlagSteel>
		</killedLeavings>
		<rotatable>true</rotatable>
		<selectable>true</selectable>
		<neverMultiSelect>true</neverMultiSelect>
		<designationCategory>Storage</designationCategory><!--changed from Production-->
		<surfaceType>Item</surfaceType>
		<tickerType>Normal</tickerType>
		<building>
			<preventDeterioration>true</preventDeterioration>
			<fixedStorageSettings>
				<priority>Important</priority>
				<filter>
					<categories>
						<li>Resources</li>
						<li>Items</li>
						<li>Weapons</li>
						<li>Apparel</li>
						<li>BodyPartsAndImplants</li>
					</categories>
				</filter>
			</fixedStorageSettings>
			<defaultStorageSettings>
				<priority>Important</priority>
				<filter>
					<categories>
						<li>Resources</li>
						<li>Items</li>
						<li>Weapons</li>
						<li>Apparel</li>
						<li>BodyPartsAndImplants</li>
					</categories>
				</filter>
			</defaultStorageSettings>
		</building>
		<inspectorTabs>
			<li>ITab_Storage</li>
		</inspectorTabs>
		<researchPrerequisite>ResearchNanoStorage</researchPrerequisite>
	</ThingDef>

</ThingDefs>
