﻿<?xml version="1.0" encoding="utf-8" ?>
<ThingDefs>


  <ThingDef Name="BaseGun" Abstract="True">
    <category>Item</category>
    <thingClass>ThingWithComps</thingClass>
    <equipmentType>Primary</equipmentType>
    <pathCost>10</pathCost>
    <useHitPoints>True</useHitPoints>
    <selectable>True</selectable>
    <graphicData>
      <onGroundRandomRotateAngle>35</onGroundRandomRotateAngle>
    </graphicData>
    <drawGUIOverlay>true</drawGUIOverlay>
    <statBases>
      <MaxHitPoints>100</MaxHitPoints>
      <Flammability>1.0</Flammability>
      <DeteriorationRate>1</DeteriorationRate>
      <SellPriceFactor>0.5</SellPriceFactor>
    </statBases>
    <altitudeLayer>Item</altitudeLayer>
    <alwaysHaulable>True</alwaysHaulable>
    <tickerType>Never</tickerType>
    <techLevel>Midworld</techLevel>
    <thingCategories>
      <li>Rifles</li><!--changed from WeaponsRanged-->
    </thingCategories>
    <inspectorTabs>
      <li>ITab_Art</li>
    </inspectorTabs>
    <comps>
      <li>
        <compClass>CompForbiddable</compClass>
      </li>
      <li>
        <compClass>CompEquippable</compClass>
      </li>
      <li>
        <compClass>CompQuality</compClass>
      </li>
      <li>
        <compClass>CompArt</compClass>
        <nameMaker>NamerGun</nameMaker>
        <descriptionMaker>ArtWeaponGun</descriptionMaker>
        <minQualityForArtistic>Excellent</minQualityForArtistic>
      </li>
    </comps>
    <smeltProducts>
      <Steel>20</Steel>
    </smeltProducts>
  </ThingDef>


  <ThingDef Name="BaseHumanGun" ParentName="BaseGun" Abstract="True">
    <weaponTags>
      <li>Gun</li>
    </weaponTags>
  </ThingDef>


  <ThingDef Name="BaseBullet" Abstract="True">
    <category>Projectile</category>
    <tickerType>Normal</tickerType>
    <altitudeLayer>Projectile</altitudeLayer>
    <thingClass>Bullet</thingClass>
    <label>bullet</label>
    <useHitPoints>False</useHitPoints>
    <neverMultiSelect>True</neverMultiSelect>
    <graphicData>
      <shaderType>Transparent</shaderType>
    </graphicData>
  </ThingDef>

  <!-- ============================================== -->

  <ThingDef ParentName="BaseBullet">
    <defName>Bullet_RailgunMKI</defName>
    <label>railgun bullet</label>
    <graphicData>
      <texPath>Things/Projectile/Bullet_Small</texPath>
      <graphicClass>Graphic_Single</graphicClass>
    </graphicData>
    <projectile>
      <damageDef>Bullet</damageDef>
      <damageAmountBase>50</damageAmountBase>
      <speed>250</speed>
    </projectile>
  </ThingDef>
  
  <ThingDef ParentName="BaseHumanGun">
    <defName>Gun_RailgunMKI</defName>
    <label>railgun</label>
    <description>An electrically charged electromagnetic projectile launcher.</description>
    <graphicData>
      <texPath>Things/Weapon/Railgun/Railgun</texPath>
      <graphicClass>Graphic_Single</graphicClass>
    </graphicData>
    <soundInteract>InteractChargeRifle</soundInteract>
    <statBases>
      <MarketValue>2500</MarketValue>
      <AccuracyTouch>0.55</AccuracyTouch>
      <AccuracyShort>0.86</AccuracyShort>
      <AccuracyMedium>0.94</AccuracyMedium>
      <AccuracyLong>0.92</AccuracyLong>
      <RangedWeapon_Cooldown>2.75</RangedWeapon_Cooldown>
    </statBases>
    <tradeability>Sellable</tradeability>
    <techLevel>Spacer</techLevel>
    <destroyOnDrop>False</destroyOnDrop>
    <menuHidden>True</menuHidden>
    <weaponTags>
      <li>AdvancedGun</li>
    </weaponTags>
    <verbs>
      <li>
        <verbClass>Verb_Shoot</verbClass>
        <hasStandardCommand>true</hasStandardCommand>
        <projectileDef>Bullet_RailgunMKI</projectileDef>
        <warmupTicks>250</warmupTicks>
        <range>52</range>
        <ticksBetweenBurstShots>1</ticksBetweenBurstShots>
        <burstShotCount>2</burstShotCount>
        <soundCast>ShotChargeRifle</soundCast>
        <soundCastTail>GunTail_Medium</soundCastTail>
        <muzzleFlashScale>9</muzzleFlashScale>
      </li>
    </verbs>
  </ThingDef>  


</ThingDefs>
