﻿<?xml version="1.0" encoding="utf-8"?>
<DefPackage-TraderKindDef>

  <TraderKindDef>
    <defName>ProsthesesTrader</defName>
    <label>prostheses trader</label>
    <stockGenerators>
      <li Class="StockGenerator_SingleDef">
        <thingDef>Silver</thingDef>
        <countRange>
          <min>10000</min>
          <max>15000</max>
        </countRange>
      </li>
      <li Class="StockGenerator_Tag">
        <tradeTag>BasicProstheses</tradeTag>
        <thingDefCountRange>
          <min>3</min>
          <max>5</max>
        </thingDefCountRange>
        <countRange>
          <min>1</min>
          <max>1</max>
        </countRange>
      </li>
      <li Class="StockGenerator_Tag">
        <tradeTag>SimpleProstheses</tradeTag>
        <thingDefCountRange>
          <min>2</min>
          <max>5</max>
        </thingDefCountRange>
        <countRange>
          <min>1</min>
          <max>1</max>
        </countRange>
      </li>
      <li Class="StockGenerator_Tag">
        <tradeTag>BionicProstheses</tradeTag>
        <thingDefCountRange>
          <min>1</min>
          <max>3</max>
        </thingDefCountRange>
        <countRange>
          <min>1</min>
          <max>1</max>
        </countRange>
      </li>
      <li Class="StockGenerator_Tag">
        <tradeTag>AdvancedProstheses</tradeTag>
        <thingDefCountRange>
          <min>0</min>
          <max>1</max>
        </thingDefCountRange>
        <countRange>
          <min>1</min>
          <max>1</max>
        </countRange>
      </li>
    </stockGenerators>	  
  </TraderKindDef>

</DefPackage-TraderKindDef>