<?xml version="1.0" encoding="utf-8" ?>
<TerrainDefs>

  <TerrainDef>
    <defName>SoilTilled</defName>
    <label>tilled soil</label>
	<Description>Tilled soil, for planting crops properly.</Description>
    <texturePath>Terrain/Surfaces/SoilRich</texturePath>

    <EdgeType>FadeRough</EdgeType>
    <RenderPrecedence>335</RenderPrecedence>
    <PathCost>5</PathCost>
    <statBases>
      <Beauty>0</Beauty>
	  <WorkToMake>85</WorkToMake>
    </statBases>
	<designationCategory>MoreFloors</designationCategory><!--changed from Floors-->
	<constructEffect>ConstructDirt</constructEffect>
    <affordances>
      <li>Light</li>
      <li>Heavy</li>
      <li>GrowSoil</li>
      <li>Diggable</li>
    </affordances>
    <TerrainFilthDef>FilthDirt</TerrainFilthDef>
    <Fertility>1.45</Fertility>
    <TakeFootprints>True</TakeFootprints>
	<acceptFilth>false</acceptFilth>
    <avoidWander>true</avoidWander>
	<terrainAffordanceNeeded>GrowSoil</terrainAffordanceNeeded>
  </TerrainDef>
  
</TerrainDefs>