﻿<?xml version="1.0" encoding="utf-8" ?>
<Buildings>


  <ThingDef Name="BuildingBase" Abstract="True">
    <category>Building</category>
    <thingClass>Building</thingClass>
    <soundImpactDefault>BulletImpactMetal</soundImpactDefault>
    <selectable>true</selectable>
    <drawerType>MapMeshAndRealTime</drawerType>
    <terrainAffordanceNeeded>Light</terrainAffordanceNeeded>
    <repairEffect>Repair</repairEffect>
    <leaveResourcesWhenKilled>true</leaveResourcesWhenKilled>
    <filthLeaving>BuildingRubble</filthLeaving>
  </ThingDef>
  
  <ThingDef Name="FurnitureBase" ParentName="BuildingBase" Abstract="True">
    <comps>
      <li>
        <compClass>CompQuality</compClass>
      </li>
    </comps>
    <DesignationCategory>Furniture</DesignationCategory>
    <minifiedDef>MinifiedFurniture</minifiedDef>
  </ThingDef>
  

  <!--============================== Beds ==============================-->
  
  <ThingDef ParentName="FurnitureBase">
    <defName>GuestBed</defName>
    <label>guest bed</label>
    <Description>A place for guests to sleep during their stay.</Description>
    <ThingClass>Hospitality.Building_GuestBed</ThingClass>
    <graphicData>
      <texPath>Things/Building/Furniture/Bed/BedGuest</texPath>
      <graphicClass>Graphic_Multi</graphicClass>
      <shaderType>CutoutComplex</shaderType>
      <drawSize>(3,4)</drawSize>
    </graphicData>
    <AltitudeLayer>Waist</AltitudeLayer>
    <statBases>
      <MaxHitPoints>150</MaxHitPoints>
      <Flammability>1.0</Flammability>
      <Beauty>8</Beauty>
      <WorkToMake>870</WorkToMake>
      <BedRestEffectiveness>1</BedRestEffectiveness>
      <Comfort>0.75</Comfort>
      <ImmunityGainSpeedFactor>1.1</ImmunityGainSpeedFactor>
    </statBases>
    <Size>(1,2)</Size>
    <stuffCategories>
      <li>Metallic</li>
      <li>Woody</li>
      <li>Stony</li>
    </stuffCategories>
    <costStuffCount>35</costStuffCount>
    <building>
      <Bed_ShowSleeperBody>False</Bed_ShowSleeperBody>
      <Bed_HealTickInterval>2100</Bed_HealTickInterval>
    </building>
    <comps>
      <li>
        <compClass>CompAffectedByFacilities</compClass>
      </li>
    </comps>
    <fillPercent>0.4</fillPercent>
    <PathCost>60</PathCost>
    <StaticSunShadowHeight>0.17</StaticSunShadowHeight>
    <CastEdgeShadows>True</CastEdgeShadows>
    <designationHotKey>G</designationHotKey>
    <Passability>PassThroughOnly</Passability>
    <DrawGUIOverlay>True</DrawGUIOverlay>
		<placeWorkers>
			<li>PlaceWorker_ShowFacilitiesConnections</li>
		</placeWorkers>
    <researchPrerequisite>CraftingI</researchPrerequisite><!--added prerequisite-->
  </ThingDef>


</Buildings>
