﻿<?xml version="1.0" encoding="utf-8" ?>
<ResearchProjectDefs>
	<ResearchProjectDef>
		<defName>AIPawnBaseResearch</defName>
		<label>Mobile AI</label>
		<description>Researches the basics needed to build yourself a mobile artificial intelligence. This unit can support you and your colony.</description>
		<descriptionDiscovered>Now you can build a basic mobile AI (MAI).</descriptionDiscovered>
		<totalCost>1200</totalCost>
		<prerequisites><li>CraftingIV</li></prerequisites>
	</ResearchProjectDef>
</ResearchProjectDefs>