<?xml version="1.0" encoding="utf-8" ?>
<Defs>
  <ThingDef>
    <defName>Fluffy_LivingFrost</defName>
    <label>living frost</label>
    <description>The heart of a thawed Icicat, still radiating cold. Prized by traders for their supposed medicinal values and uses in alchemy.</description>
    <thingClass>ThingWithComps</thingClass>
    <comps>
      <li Class="Fluffy.CompPropertiesSnow">
        <compClass>Fluffy.CompSnow</compClass>
        <heatSuckMinTemperature>-10</heatSuckMinTemperature>
        <coldPerSecond>100</coldPerSecond>
        <snowRadius>2</snowRadius>
        <snowDepth>.01</snowDepth>
      </li>     
      <li>
        <compClass>CompForbiddable</compClass>
      </li>
      <li>
        <compClass>CompGlower</compClass>
        <glowRadius>4</glowRadius>
        <glowColor>(175,238,238,0)</glowColor>
      </li>
    </comps>
    <tickerType>Normal</tickerType>
    <category>Item</category>
    <tradeTags>
      <li>BodyPartOrImplant</li>
    </tradeTags>
    <thingCategories>
      <li>NaturalBodyPartsAnimal</li><!-- replaced BodyPartsAndImplants-->
    </thingCategories>
    <resourceReadoutPriority>Middle</resourceReadoutPriority>
    <useHitPoints>true</useHitPoints>
    <selectable>true</selectable>
    <altitudeLayer>Item</altitudeLayer>
    <stackLimit>1</stackLimit>
    <alwaysHaulable>true</alwaysHaulable>
    <drawGUIOverlay>true</drawGUIOverlay>
    <rotatable>false</rotatable>
    <pathCost>15</pathCost>
    <statBases>
      <MaxHitPoints>100</MaxHitPoints>
      <Flammability>1</Flammability>
      <DeteriorationRate>1</DeteriorationRate>
      <MarketValue>10000</MarketValue>
    </statBases>
    <graphicData>
      <graphicClass>Graphic_Single</graphicClass>
      <texPath>Things/Item/LivingFrost</texPath>
    </graphicData>
  </ThingDef>
</Defs>