<?xml version="1.0" encoding="UTF-8"?>
<ThingDefs>


	<ThingDef Name="BuildingBase" Abstract="True">
		<category>Building</category>
		<thingClass>Building</thingClass>
		<soundImpactDefault>BulletImpactMetal</soundImpactDefault>
		<selectable>true</selectable>
		<drawerType>MapMeshAndRealTime</drawerType>
		<terrainAffordanceNeeded>Light</terrainAffordanceNeeded>
		<repairEffect>Repair</repairEffect>
		<leaveResourcesWhenKilled>true</leaveResourcesWhenKilled>
		<filthLeaving>BuildingRubble</filthLeaving>
	</ThingDef>

	<ThingDef Name="FurnitureBase" ParentName="BuildingBase" Abstract="True">
		<comps>
			<li>
				<compClass>CompQuality</compClass>
			</li>
		</comps>
		<!--<DesignationCategory>Furniture</DesignationCategory> removed since it is not used-->
		<minifiedDef>MinifiedFurniture</minifiedDef>
	</ThingDef>

	<ThingDef Name="BenchBase" ParentName="BuildingBase" Abstract="True">
		<castEdgeShadows>true</castEdgeShadows>
		<staticSunShadowHeight>0.20</staticSunShadowHeight>
	</ThingDef>



	<ThingDef ParentName="BuildingBase">
		<DefName>Oven</DefName>
		<label>oven</label>
		<ThingClass>Building_WorkTable_HeatPush</ThingClass>
		<Description>An oven</Description>
		<graphicData>
			<texPath>Things/Building/Tableoven</texPath>
			<graphicClass>Graphic_Multi</graphicClass>
			<drawSize>(3.33,1.5)</drawSize>
		</graphicData>

		<constructEffect>ConstructMetal</constructEffect>
		<CostList>
			<Steel>60</Steel>
		</CostList>
		<AltitudeLayer>Waist</AltitudeLayer>
		<fillPercent>0.5</fillPercent>
		<useHitPoints>True</useHitPoints>
		<statBases>
			<WorkToMake>2000</WorkToMake>
			<MaxHitPoints>180</MaxHitPoints>
			<Flammability>1.0</Flammability>
		</statBases>
		<Size>(3,1)</Size>
		<DesignationCategory>FoodProduction</DesignationCategory> <!-- changed from Production-->
		<Passability>PassThroughOnly</Passability>
		<pathCost>70</pathCost>
		<hasInteractionCell>True</hasInteractionCell>
		<interactionCellOffset>(0,0,-1)</interactionCellOffset>
		<staticSunShadowHeight>0.3</staticSunShadowHeight>
		<surfaceType>Item</surfaceType>
		<recipes>
			<li>CraftFlour</li>
		</recipes>

		<inspectorTabs>
			<li>ITab_Bills</li>
		</inspectorTabs>
		<comps>
			<li>
				<compClass>CompAffectedByFacilities</compClass>
				<linkableFacilities>
					<li>CookingTools</li>
				</linkableFacilities>
			</li>
		</comps>

		<building>
			<isMealSource>true</isMealSource>
			<spawnedConceptLearnOpportunity>BillsTab</spawnedConceptLearnOpportunity>
		</building>
		<researchPrerequisite>OvenBaking</researchPrerequisite>

	</ThingDef>


	<ThingDef ParentName="BuildingBase">
		<DefName>Canningstove</DefName>
		<label>canningstove</label>
		<ThingClass>Building_WorkTable_HeatPush</ThingClass>
		<Description>A stove for canning foods.</Description>
		<graphicData>
			<texPath>Things/Building/Canningstove</texPath>
			<graphicClass>Graphic_Multi</graphicClass>
			<drawSize>(2.33,1.5)</drawSize>
		</graphicData>

		<CostList>
			<Steel>40</Steel>
		</CostList>
		<AltitudeLayer>Waist</AltitudeLayer>
		<fillPercent>0.5</fillPercent>
		<useHitPoints>True</useHitPoints>
		<statBases>
			<WorkToMake>2000</WorkToMake>
			<MaxHitPoints>180</MaxHitPoints>
			<Flammability>1.0</Flammability>
		</statBases>
		<Size>(2,1)</Size>
		<DesignationCategory>FoodProduction</DesignationCategory> <!-- changed from Production-->
		<Passability>PassThroughOnly</Passability>
		<pathCost>70</pathCost>
		<hasInteractionCell>True</hasInteractionCell>
		<interactionCellOffset>(0,0,-1)</interactionCellOffset>
		<staticSunShadowHeight>0.3</staticSunShadowHeight>
		<surfaceType>Item</surfaceType>
		<recipes>
			<li>Maketofu</li>
			<li>Canmeal</li>
			<li>Makeherbmeds</li>	
		</recipes>
		<inspectorTabs>
			<li>ITab_Bills</li>
		</inspectorTabs>
		<building>
			<isMealSource>true</isMealSource>
			<spawnedConceptLearnOpportunity>BillsTab</spawnedConceptLearnOpportunity>
		</building>
		<comps>
			<li>
				<compClass>CompPowerTrader</compClass>
				<startElectricalFires>true</startElectricalFires>
				<basePowerConsumption>100</basePowerConsumption>
				<soundPowerOn>PowerOnSmall</soundPowerOn>
				<soundPowerOff>PowerOffSmall</soundPowerOff>
			</li>

			<li>
				<compClass>CompAffectedByFacilities</compClass>
				<linkableFacilities>
					<li>CookingTools</li>
				</linkableFacilities>
			</li>
		</comps>
		<researchPrerequisite>ElectricSmelting</researchPrerequisite>
	</ThingDef><!--added prerequisite-->

	<ThingDef ParentName="BuildingBase">
		<DefName>CandyTable</DefName>
		<label>Candy Table</label>
		<ThingClass>Building_WorkTable</ThingClass>
		<Description>Bakes tasty pastries.</Description>
		<graphicData>
			<texPath>Things/Building/Candytable</texPath>
			<graphicClass>Graphic_Multi</graphicClass>
			<drawSize>(2.33,1.5)</drawSize>
		</graphicData>
		<costList>
			<Steel>60</Steel>
		</costList>
		<AltitudeLayer>Waist</AltitudeLayer>
		<useHitPoints>True</useHitPoints>
		<statBases>
			<WorkToMake>4500</WorkToMake>
			<MaxHitPoints>300</MaxHitPoints>
			<Flammability>0</Flammability>
		</statBases>
		<Size>(2,1)</Size>
		<DesignationCategory>FoodProduction</DesignationCategory> <!-- changed from Production-->
		<fillPercent>1</fillPercent>
		<Passability>Impassable</Passability>
		<hasInteractionCell>True</hasInteractionCell>
		<interactionCellOffset>(0,0,-1)</interactionCellOffset>
		<staticSunShadowHeight>0.3</staticSunShadowHeight>
		<surfaceType>Item</surfaceType>
		<recipes>

			<li>MakeHardcandy</li>
			<li>MakeCaramel</li>
			<li>MakeTaffy</li>
		</recipes>
		<inspectorTabs>
			<li>ITab_Bills</li>
		</inspectorTabs>
		<comps>
			<li>
				<compClass>CompPowerTrader</compClass>
				<basePowerConsumption>250</basePowerConsumption>
				<startElectricalFires>true</startElectricalFires>
				<soundPowerOn>PowerOnSmall</soundPowerOn>
				<soundPowerOff>PowerOffSmall</soundPowerOff>
			</li>
			<li>
				<compClass>CompAffectedByFacilities</compClass>
				<linkableFacilities>
					<li>CookingTools</li>
				</linkableFacilities>
			</li>
		</comps>
		<building>
			<spawnedConceptLearnOpportunity>BillsTab</spawnedConceptLearnOpportunity>

		</building>
		<researchPrerequisite>CandyMaking</researchPrerequisite>

	</ThingDef>

	<ThingDef ParentName="BuildingBase">
		<defName>CookingTools</defName>
		<label>Cooking tools</label>
		<graphicData>
			<texPath>Things/Building/CookingTools</texPath>
			<graphicClass>Graphic_Single</graphicClass>
			<drawSize>(1,1)</drawSize>
		</graphicData>
		<altitudeLayer>Waist</altitudeLayer>
		<passability>Impassable</passability>
		<castEdgeShadows>true</castEdgeShadows>
		<fillPercent>1.0</fillPercent>
		<statBases>
			<MaxHitPoints>100</MaxHitPoints>
			<WorkToMake>1800</WorkToMake>
			<Flammability>1.0</Flammability>
		</statBases>
		<description>Increases work speed 15%. Needs to be placed near cooking tops. Will boost the cook speed of all tables near by.</description>
		<size>(1,1)</size>
		<costList>
			<Steel>250</Steel>
		</costList>
		<DesignationCategory>FoodProduction</DesignationCategory> <!-- changed from Production-->
		<minifiedDef>MinifiedFurniture</minifiedDef>
		<comps>
			<li>
				<compClass>CompFacility</compClass>
				<statOffsets>
					<WorkTableWorkSpeedFactor>0.15</WorkTableWorkSpeedFactor>
				</statOffsets>
				<maxSimultaneous>1</maxSimultaneous>
			</li>
		</comps>
		<placeWorkers>
			<li>PlaceWorker_ShowFacilitiesConnections</li>
		</placeWorkers>
		<researchPrerequisite>CraftingI</researchPrerequisite>
	</ThingDef><!--added prerequisite-->

	<ThingDef ParentName="BuildingBase">
		<defName>Campfire</defName>
		<label>campfire</label>
		<description>Cooks meals and produces heat. Burns out after a few days. As with all heat sources, it must be placed indoors so it has a closed space to heat.</description>    
		<thingClass>Building_Campfire</thingClass>
		<category>Building</category>
		<graphicData>
			<texPath>Things/Building/Misc/Campfire</texPath>
			<graphicClass>Graphic_Single</graphicClass>
			<drawRotated>false</drawRotated>
		</graphicData>
		<altitudeLayer>Waist</altitudeLayer>
		<passability>PassThroughOnly</passability>
		<pathCost>50</pathCost>
		<tickerType>Normal</tickerType>
		<drawerType>RealtimeOnly</drawerType>
		<statBases>
			<MaxHitPoints>80</MaxHitPoints>
			<WorkToMake>200</WorkToMake>
			<Flammability>0</Flammability>
		</statBases>
		<selectable>true</selectable>
		<stuffCategories>
			<li>Woody</li>
		</stuffCategories>
		<costStuffCount>30</costStuffCount>

		<soundImpactDefault>BulletImpactGround</soundImpactDefault>
		<leaveResourcesWhenKilled>false</leaveResourcesWhenKilled>
		<placeWorkers>
			<li>PlaceWorker_Heater</li>
		</placeWorkers>
		<drawPlaceWorkersWhileSelected>true</drawPlaceWorkersWhileSelected>
		<comps>
			<li>
				<compClass>CompGlower</compClass>
				<glowRadius>10</glowRadius>
				<glowColor>(252,187,113,0)</glowColor>
			</li>
			<li>
				<compClass>CompHeatPusher</compClass>
				<heatPerSecond>21</heatPerSecond>
				<heatPushMaxTemperature>28</heatPushMaxTemperature>
			</li>
			<li>
				<compClass>CompGatherSpot</compClass>
			</li>
			<li>
				<compClass>CompLifespan</compClass>
				<lifespanTicks>120000</lifespanTicks>
			</li>
		</comps>
		<designationCategory>Temperature</designationCategory>
		<designationHotKey>I</designationHotKey>
		<hasInteractionCell>True</hasInteractionCell>
		<interactionCellOffset>(0,0,-1)</interactionCellOffset>
		<recipes>
			<li>CookMealSimpleCampfire</li>
		</recipes>
		<inspectorTabs>
			<li>ITab_Bills</li>
		</inspectorTabs>
		<building>
			<isMealSource>true</isMealSource>
			<spawnedConceptLearnOpportunity>BillsTab</spawnedConceptLearnOpportunity>
			<deconstructible>false</deconstructible>
		</building>
	</ThingDef>


	<ThingDef ParentName="BenchBase">
		<defName>CookStove</defName>
		<label>cook stove</label>
		<ThingClass>Building_WorkTable_HeatPush</ThingClass>
		<Description>A simple stove and attached countertop for preparing meals.</Description>
		<graphicData>
			<texPath>Things/Building/Production/TableCookStove</texPath>
			<graphicClass>Graphic_Multi</graphicClass>
			<drawSize>(3.5,1.5)</drawSize>
		</graphicData>
		<constructEffect>ConstructMetal</constructEffect>
		<CostList>
			<WoodLog>60</WoodLog>
			<Steel>30</Steel>
		</CostList>
		<AltitudeLayer>Waist</AltitudeLayer>
		<fillPercent>0.5</fillPercent>
		<useHitPoints>True</useHitPoints>
		<statBases>
			<WorkToMake>2000</WorkToMake>
			<MaxHitPoints>180</MaxHitPoints>
			<Flammability>1.0</Flammability>
		</statBases>
		<Size>(3,1)</Size>
		<DesignationCategory>FoodProduction</DesignationCategory> <!-- changed from Production-->
		<Passability>PassThroughOnly</Passability>
		<pathCost>70</pathCost>
		<hasInteractionCell>True</hasInteractionCell>
		<interactionCellOffset>(0,0,-1)</interactionCellOffset>
		<surfaceType>Item</surfaceType>
		<recipes>
			<li>CookMealSimple</li>
			<li>CookMealFine</li>
			<li>CookMealLavish</li>
			<li>CookMealSimple_Bulk</li>
			<li>CookMealFine_Bulk</li>
			<li>CookMealLavish_Bulk</li>
		</recipes>
		<inspectorTabs>
			<li>ITab_Bills</li>
		</inspectorTabs>
		<comps>
			<li>
				<compClass>CompPowerTrader</compClass>
				<startElectricalFires>true</startElectricalFires>
				<basePowerConsumption>350</basePowerConsumption>
				<soundPowerOn>PowerOnSmall</soundPowerOn>
				<soundPowerOff>PowerOffSmall</soundPowerOff>
			</li>
			<li>
				<compClass>CompAffectedByFacilities</compClass>
				<linkableFacilities>
					<li>CookingTools</li>
				</linkableFacilities>
			</li>
		</comps>
		<building>
			<isMealSource>true</isMealSource>
			<spawnedConceptLearnOpportunity>BillsTab</spawnedConceptLearnOpportunity>
			<heatPerTickWhileWorking>0.25</heatPerTickWhileWorking>
		</building>
		<designationHotKey>O</designationHotKey>
		<researchPrerequisite>PowerI</researchPrerequisite>
	</ThingDef> <!-- adjusted cost and prerequisites and added recipes from Superior Crafting-->


</ThingDefs>