<?xml version="1.0" encoding="utf-8" ?>
<Plants>

  <ThingDef Name="PlantBase" Abstract="True">
    <category>Plant</category>
    <thingClass>Plant</thingClass>
    <altitudeLayer>LowPlant</altitudeLayer>
    <useHitPoints>True</useHitPoints>
    <statBases>
      <Flammability>0.8</Flammability>
    </statBases>
    <tickerType>Long</tickerType>
    <selectable>False</selectable>
    <neverMultiSelect>True</neverMultiSelect>
    <drawerType>MapMeshOnly</drawerType>
    <graphicData>
      <shaderType>CutoutPlant</shaderType>
    </graphicData>
    <plant>
      <harvestDestroys>true</harvestDestroys>
      <soundHarvesting>Harvest_Standard</soundHarvesting>
      <soundHarvestFinish>Harvest_Standard_Finish</soundHarvestFinish>
      <sowWork>150</sowWork>
      <fertilityMin>0.5</fertilityMin>
      <fertilityFactorGrowthRate>1.0</fertilityFactorGrowthRate>
      <topWindExposure>0.1</topWindExposure>
      <visualSizeRange>
        <min>0.3</min>
        <max>1.00</max>
      </visualSizeRange>
    </plant>
  </ThingDef>
	


  <ThingDef ParentName="PlantBase">
    <defName>PlantGrass</defName>
    <label>grass</label>
    <description>Wild grass. Grows anywhere there is a little light and minimally fertile ground.</description>
    <statBases>
      <MaxHitPoints>85</MaxHitPoints>
      <Beauty>2</Beauty>
    </statBases>
    <graphicData>
      <texPath>Things/Plant/Grass</texPath>
      <graphicClass>Graphic_Random</graphicClass>
    </graphicData>
    <hideAtSnowDepth>0.5</hideAtSnowDepth>
    <ingestible>
      <preferability>Plant</preferability>
      <nutrition>0.15</nutrition>
    </ingestible>
    <plant>
      <leaflessGraphicPath>Things/Plant/Grass_Leafless</leaflessGraphicPath>
      <harvestWork>40</harvestWork>
      <fertilityMin>0.05</fertilityMin>
      <maxMeshCount>9</maxMeshCount>
      <visualSizeRange>
        <min>0.4</min>
        <max>0.6</max>
      </visualSizeRange>
      <growDays>4</growDays>
      <sowTags>
        <li>Ground</li>
      </sowTags>

      <topWindExposure>0.4</topWindExposure>
      <seedEmitMTBDays>7</seedEmitMTBDays>
      <fertilityFactorGrowthRate>0.90</fertilityFactorGrowthRate>
      <fertilityFactorPlantChance>0.90</fertilityFactorPlantChance>
    </plant>
  </ThingDef>



</Plants>