<?xml version="1.0" encoding="utf-8" ?>
<Defs>

  <ThingDef Name="PlantWithSeedsBase" Abstract="True">
    <category>Plant</category>
    <thingClass>SK_Enviro.Seeds.PlantWithSeeds</thingClass>
    <altitudeLayer>LowPlant</altitudeLayer>
    <useHitPoints>True</useHitPoints>
    <statBases>
      <Flammability>0.8</Flammability>
    </statBases>
    <tickerType>Long</tickerType>
    <selectable>False</selectable>
    <neverMultiSelect>True</neverMultiSelect>
    <drawerType>MapMeshOnly</drawerType>
    <graphicData>
      <shaderType>CutoutPlant</shaderType>
    </graphicData>
    <plant>
      <harvestDestroys>true</harvestDestroys>
      <soundHarvesting>Harvest_Standard</soundHarvesting>
      <soundHarvestFinish>Harvest_Standard_Finish</soundHarvestFinish>
      <sowWork>150</sowWork>
      <fertilityMin>0.5</fertilityMin>
      <fertilityFactorGrowthRate>1.0</fertilityFactorGrowthRate>
      <topWindExposure>0.1</topWindExposure>
      <visualSizeRange>
        <min>0.3</min>
        <max>1.00</max>
      </visualSizeRange>
    </plant>
    <genome>
      <growSpeedMult>
        <min>0.5</min>
        <max>2</max>
      </growSpeedMult>
      <harvestAmountMult>
        <min>0.5</min>
        <max>2</max>
      </harvestAmountMult>
      <baseSeedChance>
        <min>0.9</min>
        <max>1.0</max>
      </baseSeedChance>
      <addSeedChance>
        <min>0.5</min>
        <max>1.0</max>
      </addSeedChance>
    </genome>
  </ThingDef>


 

<ThingDef ParentName="PlantWithSeedsBase" Name="TreeBase" Abstract="True">
    <statBases>
      <MaxHitPoints>300</MaxHitPoints>
    </statBases>
    <description>A tree.</description>
    <altitudeLayer>BuildingTall</altitudeLayer>
    <selectable>true</selectable>
    <fillPercent>0.35</fillPercent>
    <graphicData>
	<shadowData>
        <volume>(0.3, 0.3, 0.3)</volume>
      </shadowData>
    </graphicData>
    <passability>PassThroughOnly</passability>
    <pathCost>130</pathCost>
    <ingestible>
      <preferability>Plant</preferability>
      <nutrition>0.50</nutrition>
    </ingestible>
    <plant>
      <soundHarvesting>Harvest_Tree</soundHarvesting>
      <soundHarvestFinish>Harvest_Tree_Finish</soundHarvestFinish>
      <sowWork>1500</sowWork>
      <harvestWork>800</harvestWork>
      <harvestDestroys>true</harvestDestroys>
      <harvestTag>Standard</harvestTag>
      <harvestMinGrowth>0.40</harvestMinGrowth>
      <blockAdjacentSow>true</blockAdjacentSow>
      <sowTags>
        <li>Ground</li>
      </sowTags>
      <visualSizeRange>
        <min>1.3</min>
        <max>2.0</max>
      </visualSizeRange>
      <fertilityMin>0.3</fertilityMin>
      <topWindExposure>0.25</topWindExposure>
      <fertilityFactorGrowthRate>0.5</fertilityFactorGrowthRate>
      <wildClusterSizeRange>
        <min>8</min>
        <max>30</max>
      </wildClusterSizeRange>
      <wildClusterRadius>8</wildClusterRadius>
    </plant>
  </ThingDef>



  <ThingDef Class="SK_Enviro.Seeds.ThingDef_PlantWithSeeds" ParentName="TreeBase">
    <defName>PlantAppletree</defName>
    <label>apple tree</label>
    <description>A fruit bearing tree that grows apples and is not destroyed when picked.</description>
    <graphicData>
      <texPath>Things/Plants/appleTree</texPath>
      <graphicClass>Graphic_Single</graphicClass>
    </graphicData>
    <statBases>
      <Beauty>5</Beauty>
    </statBases>
    <plant>
      
      <growDays>15</growDays>
      <harvestWork>800</harvestWork>
      <harvestDestroys>true</harvestDestroys>
      <harvestedThingDef>Rawapple</harvestedThingDef>
<harvestYield>50</harvestYield>
<sowTags>
        <li>Ground</li>
           </sowTags>

      <visualSizeRange>
        <min>.75</min>
        <max>1.5</max>
      </visualSizeRange>
    </plant>
    <SeedDef>AppleSeeds</SeedDef>

  </ThingDef>
  
  <ThingDef Class="SK_Enviro.Seeds.ThingDef_PlantWithSeeds" ParentName="TreeBase">
    <defName>PlantBananaTree</defName>
    <label>banana tree</label>
    <description>A fruit bearing tree that grows banana and is not destroyed when picked.</description>
    <graphicData>
      <texPath>Things/Plants/bananaTree</texPath>
      <graphicClass>Graphic_Single</graphicClass>
    </graphicData>

    <statBases>
      <Beauty>5</Beauty>
    </statBases>
    <plant>
      
      <growDays>13</growDays>
      <harvestWork>800</harvestWork>
      <harvestDestroys>true</harvestDestroys>
      <harvestedThingDef>Rawbanana</harvestedThingDef>
      <harvestYield>50</harvestYield>

<sowTags>
        <li>Ground</li>
           </sowTags>

      <visualSizeRange>
        <min>.75</min>
        <max>1.5</max>
      </visualSizeRange>
    </plant>
    <SeedDef>PlantBananaTreeSeeds</SeedDef>

  </ThingDef>

  <ThingDef Class="SK_Enviro.Seeds.ThingDef_PlantWithSeeds" ParentName="TreeBase">
    <defName>PlantorangeTree</defName>
    <label>orange tree</label>
    <description>A fruit bearing tree that grows oranges and is not destroyed when picked.</description>
    <graphicData>
      <texPath>Things/Plants/orangeTree</texPath>
      <graphicClass>Graphic_Single</graphicClass>
    </graphicData>

    <statBases>
      <Beauty>5</Beauty>
    </statBases>
    <plant>
      
      <growDays>15</growDays>
      <harvestWork>800</harvestWork>
      <harvestDestroys>true</harvestDestroys>
      <harvestedThingDef>Raworange</harvestedThingDef>
<harvestYield>50</harvestYield>
<sowTags>
        <li>Ground</li>
           </sowTags>

      <visualSizeRange>
        <min>.75</min>
        <max>1.5</max>
      </visualSizeRange>
    </plant>
    <SeedDef>PlantorangeTreeSeeds</SeedDef>

  </ThingDef>

  <ThingDef Class="SK_Enviro.Seeds.ThingDef_PlantWithSeeds" ParentName="TreeBase">
    <defName>PlantPeachTree</defName>
    <label>peach tree</label>
    <description>A fruit bearing tree that grows peaches and is not destroyed when picked.</description>
    <graphicData>
      <texPath>Things/Plants/peachTree</texPath>
      <graphicClass>Graphic_Single</graphicClass>
    </graphicData>

    <statBases>
      <Beauty>5</Beauty>
    </statBases>
    <plant>
      
      <growDays>13</growDays>
      <harvestWork>800</harvestWork>
      <harvestDestroys>true</harvestDestroys>
      <harvestedThingDef>Rawpeach</harvestedThingDef>
<harvestYield>50</harvestYield>
<sowTags>
        <li>Ground</li>
           </sowTags>

      <visualSizeRange>
        <min>.75</min>
        <max>1.5</max>
      </visualSizeRange>
    </plant>
    <SeedDef>PlantPeachTreeSeeds</SeedDef>

  </ThingDef>



  <ThingDef Class="SK_Enviro.Seeds.ThingDef_PlantWithSeeds" ParentName="TreeBase">
    <defName>DateTree</defName>
    <label>date palm tree</label>
    <description>A fruit bearing tree that grows dates and is not destroyed when picked.</description>
    <graphicData>
      <texPath>Things/Plants/DateTree</texPath>
      <graphicClass>Graphic_Single</graphicClass>
    </graphicData>
    <statBases>
      <Beauty>5</Beauty>
    </statBases>
    <plant>
      <growDays>15</growDays>
      <harvestWork>800</harvestWork>
      <harvestDestroys>true</harvestDestroys>
      <harvestedThingDef>Rawdate</harvestedThingDef>
	<harvestYield>50</harvestYield>
	<sowTags>
        <li>Ground</li>
           </sowTags>
      <visualSizeRange>
        <min>1</min>
        <max>1.5</max>
      </visualSizeRange>
    </plant>
    <SeedDef>DateTreeSeeds</SeedDef>

  </ThingDef>

  <ThingDef Class="SK_Enviro.Seeds.ThingDef_PlantWithSeeds" ParentName="TreeBase">
    <defName>FigTree</defName>
    <label>fig tree</label>
    <description>A fruit bearing tree that grows figs and is not destroyed when picked.</description>
    <graphicData>
      <texPath>Things/Plants/FigTree</texPath>
      <graphicClass>Graphic_Single</graphicClass>
    </graphicData>
    <statBases>
      <Beauty>5</Beauty>
    </statBases>
    <plant>
      <growDays>15</growDays>
      <harvestWork>800</harvestWork>
      <harvestDestroys>true</harvestDestroys>
      <harvestedThingDef>Rawfig</harvestedThingDef>
	<harvestYield>50</harvestYield>
	<sowTags>
        <li>Ground</li>
           </sowTags>
      <visualSizeRange>
        <min>1</min>
        <max>1.5</max>
      </visualSizeRange>
    </plant>
    <SeedDef>FigTreeSeeds</SeedDef>

  </ThingDef>





</Defs>