<?xml version="1.0" encoding="UTF-8"?>
<GameData>

  <ThingDef Name="SeedItemBase" Abstract="True">
    <category>Item</category>
    <thingClass>SK_Enviro.Seeds.Thing_PlantSeedsItem</thingClass>
    <label>unspecified resource</label>
    <description>These are genetically engineered seeds capable of thriving in a wide range of alien environments over multiple generations.</description>
    <graphicData>
      <texPath>Things/Item/Seeds/GenericSeeds</texPath>
      <graphicClass>Graphic_Single</graphicClass>
    </graphicData>
    <resourceReadoutPriority>Middle</resourceReadoutPriority>
    <selectable>true</selectable>
    <altitudeLayer>Item</altitudeLayer>
    <stackLimit>100</stackLimit>
    <statBases>
      <MaxHitPoints>100</MaxHitPoints>
      <Flammability>1.0</Flammability>
      <DeteriorationRate>1</DeteriorationRate>
      <MarketValue>100</MarketValue>
      <SellPriceFactor>0.01</SellPriceFactor>
    </statBases>
    <comps>
      <li>
        <compClass>CompForbiddable</compClass>
      </li>
    </comps>
    <alwaysHaulable>true</alwaysHaulable>
    <drawGUIOverlay>true</drawGUIOverlay>
    <rotatable>false</rotatable>
    <pathCost>15</pathCost>
    <resourceReadoutPriority>Middle</resourceReadoutPriority>
    <soundInteract>Food_Drop</soundInteract>
    <soundDrop>Food_Drop</soundDrop>
    <useHitPoints>True</useHitPoints>
    <tradeability>Stockable</tradeability>
    <thingCategories>
      <li>SeedsCategory</li>
    </thingCategories>
    <tradeTags>
      <li>Seeds</li>
    </tradeTags>
  </ThingDef>
  
  
  <!-- Viable seeds -->
<ThingDef Class="SK_Enviro.Seeds.ThingDef_PlantSeedItem" ParentName="SeedItemBase">
    <defName>BlueberrySeeds</defName>
    <label>blueberry seeds</label>
    <statBases>
      <MarketValue>75</MarketValue>
    </statBases>
    <PlantProducedDef>Plantblueberry</PlantProducedDef>
  </ThingDef>

<ThingDef Class="SK_Enviro.Seeds.ThingDef_PlantSeedItem" ParentName="SeedItemBase">
    <defName>EggplantSeeds</defName>
    <label>eggplant seeds</label>
    <statBases>
      <MarketValue>70</MarketValue>
    </statBases>
    <PlantProducedDef>Planteggplant</PlantProducedDef>
  </ThingDef>

<ThingDef Class="SK_Enviro.Seeds.ThingDef_PlantSeedItem" ParentName="SeedItemBase">
    <defName>PumpkinSeeds</defName>
    <label>pumpkin seeds</label>
    <statBases>
      <MarketValue>73</MarketValue>
    </statBases>
    <PlantProducedDef>Plantpumpkin</PlantProducedDef>
  </ThingDef>

<ThingDef Class="SK_Enviro.Seeds.ThingDef_PlantSeedItem" ParentName="SeedItemBase">
    <defName>SquashSeeds</defName>
    <label>squash seeds</label>
    <statBases>
      <MarketValue>75</MarketValue>
    </statBases>
    <PlantProducedDef>Plantsquash</PlantProducedDef>
  </ThingDef>


<ThingDef Class="SK_Enviro.Seeds.ThingDef_PlantSeedItem" ParentName="SeedItemBase">
    <defName>BeanSeeds</defName>
    <label>bean seeds</label>
    <statBases>
      <MarketValue>80</MarketValue>
    </statBases>
    <PlantProducedDef>Plantbean</PlantProducedDef>
  </ThingDef>

<ThingDef Class="SK_Enviro.Seeds.ThingDef_PlantSeedItem" ParentName="SeedItemBase">
    <defName>WatermelonSeeds</defName>
    <label>watermelon seeds</label>
    <statBases>
      <MarketValue>80</MarketValue>
    </statBases>
    <PlantProducedDef>Plantwatermelon</PlantProducedDef>
  </ThingDef>

<ThingDef Class="SK_Enviro.Seeds.ThingDef_PlantSeedItem" ParentName="SeedItemBase">
    <defName>TomatoSeeds</defName>
    <label>tomato seeds</label>
    <statBases>
      <MarketValue>71</MarketValue>
    </statBases>
    <PlantProducedDef>PlantTomato</PlantProducedDef>
  </ThingDef>

<ThingDef Class="SK_Enviro.Seeds.ThingDef_PlantSeedItem" ParentName="SeedItemBase">
    <defName>CarrotSeeds</defName>
    <label>carrot seeds</label>
    <statBases>
      <MarketValue>73</MarketValue>
    </statBases>
    <PlantProducedDef>PlantCarrot</PlantProducedDef>
  </ThingDef>

<ThingDef Class="SK_Enviro.Seeds.ThingDef_PlantSeedItem" ParentName="SeedItemBase">
    <defName>WheatSeeds</defName>
    <label>wheat seeds</label>
    <statBases>
      <MarketValue>65</MarketValue>
    </statBases>
    <PlantProducedDef>Plantwheat</PlantProducedDef>
  </ThingDef>

<ThingDef Class="SK_Enviro.Seeds.ThingDef_PlantSeedItem" ParentName="SeedItemBase">
    <defName>CocoaSeeds</defName>
    <label>cocoa seeds</label>
    <statBases>
      <MarketValue>70</MarketValue>
    </statBases>
    <PlantProducedDef>Plantcocoa</PlantProducedDef>
  </ThingDef>

<ThingDef Class="SK_Enviro.Seeds.ThingDef_PlantSeedItem" ParentName="SeedItemBase">
    <defName>SugarcaneSeeds</defName>
    <label>sugarcane seeds</label>
    <statBases>
      <MarketValue>74</MarketValue>
    </statBases>
    <PlantProducedDef>Plantsugarcane</PlantProducedDef>
  </ThingDef>

<ThingDef Class="SK_Enviro.Seeds.ThingDef_PlantSeedItem" ParentName="SeedItemBase">
    <defName>AloeSeeds</defName>
    <label>aloe seeds</label>
    <statBases>
      <MarketValue>300</MarketValue>
    </statBases>
    <PlantProducedDef>Plantaloe</PlantProducedDef>
  </ThingDef>

<ThingDef Class="SK_Enviro.Seeds.ThingDef_PlantSeedItem" ParentName="SeedItemBase">
    <defName>MushroomSeeds</defName>
    <label>mushroom seeds</label>
    <statBases>
      <MarketValue>72</MarketValue>
    </statBases>
    <PlantProducedDef>Plantmushroom</PlantProducedDef>
  </ThingDef>

<ThingDef Class="SK_Enviro.Seeds.ThingDef_PlantSeedItem" ParentName="SeedItemBase">
    <defName>BambooSeeds</defName>
    <label>bamboo seeds</label>
    <statBases>
      <MarketValue>150</MarketValue>
    </statBases>
    <PlantProducedDef>Plantbamboo</PlantProducedDef>
  </ThingDef>

<ThingDef Class="SK_Enviro.Seeds.ThingDef_PlantSeedItem" ParentName="SeedItemBase">
    <defName>TeaSeeds</defName>
    <label>tea seeds</label>
    <statBases>
      <MarketValue>80</MarketValue>
    </statBases>
    <PlantProducedDef>PlantTea</PlantProducedDef>
  </ThingDef>

<ThingDef Class="SK_Enviro.Seeds.ThingDef_PlantSeedItem" ParentName="SeedItemBase">
    <defName>PineappleSeeds</defName>
    <label>pineapple seeds</label>
    <statBases>
      <MarketValue>78</MarketValue>
    </statBases>
    <PlantProducedDef>Plantpineapple</PlantProducedDef>
  </ThingDef>

<ThingDef Class="SK_Enviro.Seeds.ThingDef_PlantSeedItem" ParentName="SeedItemBase">
    <defName>GrapeSeeds</defName>
    <label>grape seeds</label>
    <statBases>
      <MarketValue>77</MarketValue>
    </statBases>
    <PlantProducedDef>Plantgrape</PlantProducedDef>
  </ThingDef>

<ThingDef Class="SK_Enviro.Seeds.ThingDef_PlantSeedItem" ParentName="SeedItemBase">
    <defName>OatsSeeds</defName>
    <label>oats seeds</label>
    <statBases>
      <MarketValue>72</MarketValue>
    </statBases>
    <PlantProducedDef>Plantoats</PlantProducedDef>
  </ThingDef>


<ThingDef Class="SK_Enviro.Seeds.ThingDef_PlantSeedItem" ParentName="SeedItemBase">
    <defName>CloudberrySeeds</defName>
    <label>cloudberry seeds</label>
    <statBases>
      <MarketValue>80</MarketValue>
    </statBases>
    <PlantProducedDef>Plantcloudberry</PlantProducedDef>
  </ThingDef>

<ThingDef Class="SK_Enviro.Seeds.ThingDef_PlantSeedItem" ParentName="SeedItemBase">
    <defName>GooseberrySeeds</defName>
    <label>gooseberry seeds</label>
    <statBases>
      <MarketValue>80</MarketValue>
    </statBases>
    <PlantProducedDef>Plantgooseberry</PlantProducedDef>
  </ThingDef>

<ThingDef Class="SK_Enviro.Seeds.ThingDef_PlantSeedItem" ParentName="SeedItemBase">
    <defName>AppleSeeds</defName>
    <label>apple tree seeds</label>
    <statBases>
      <MarketValue>80</MarketValue>
    </statBases>
    <PlantProducedDef>PlantAppletree</PlantProducedDef>
  </ThingDef>

<ThingDef Class="SK_Enviro.Seeds.ThingDef_PlantSeedItem" ParentName="SeedItemBase">
    <defName>PlantBananaTreeSeeds</defName>
    <label>Banana Tree seeds</label>
    <statBases>
      <MarketValue>80</MarketValue>
    </statBases>
    <PlantProducedDef>PlantBananaTree</PlantProducedDef>
  </ThingDef>

<ThingDef Class="SK_Enviro.Seeds.ThingDef_PlantSeedItem" ParentName="SeedItemBase">
    <defName>PlantorangeTreeSeeds</defName>
    <label>orange tree seeds</label>
    <statBases>
      <MarketValue>80</MarketValue>
    </statBases>
    <PlantProducedDef>PlantorangeTree</PlantProducedDef>
  </ThingDef>

<ThingDef Class="SK_Enviro.Seeds.ThingDef_PlantSeedItem" ParentName="SeedItemBase">
    <defName>PlantPeachTreeSeeds</defName>
    <label>Peach seeds</label>
    <statBases>
      <MarketValue>80</MarketValue>
    </statBases>
    <PlantProducedDef>PlantPeachTree</PlantProducedDef>
  </ThingDef>

<ThingDef Class="SK_Enviro.Seeds.ThingDef_PlantSeedItem" ParentName="SeedItemBase">
    <defName>DateTreeSeeds</defName>
    <label>Date tree seeds</label>
    <statBases>
      <MarketValue>80</MarketValue>
    </statBases>
    <PlantProducedDef>DateTree</PlantProducedDef>
  </ThingDef>

<ThingDef Class="SK_Enviro.Seeds.ThingDef_PlantSeedItem" ParentName="SeedItemBase">
    <defName>FigTreeSeeds</defName>
    <label>Fig tree seeds</label>
    <statBases>
      <MarketValue>80</MarketValue>
    </statBases>
    <PlantProducedDef>FigTree</PlantProducedDef>
  </ThingDef>


</GameData>