<?xml version="1.0" encoding="utf-8" ?>
<Defs>

  <ThingDef Abstract="True" Name="ResourceBase" >
    <thingClass>ThingWithComps</thingClass>
    <label>unspecified resource</label>
    <category>Item</category>
    <resourceReadoutPriority>Middle</resourceReadoutPriority>
    <useHitPoints>true</useHitPoints>
    <selectable>true</selectable>
    <altitudeLayer>Item</altitudeLayer>
    <stackLimit>75</stackLimit>
    <comps>
      <li>
        <compClass>CompForbiddable</compClass>
      </li>
    </comps>
    <alwaysHaulable>true</alwaysHaulable>
    <drawGUIOverlay>true</drawGUIOverlay>
    <rotatable>false</rotatable>
    <pathCost>15</pathCost>
  </ThingDef>

  <ThingDef Abstract="True" Name="OrganicProductBase" ParentName="ResourceBase">
    <graphicData>
      <graphicClass>Graphic_Single</graphicClass>
    </graphicData>
    <socialPropernessMatters>true</socialPropernessMatters>
    <statBases>
      <MaxHitPoints>100</MaxHitPoints>
      <Flammability>1.0</Flammability>
      <DeteriorationRate>5</DeteriorationRate>
    </statBases>
    <tickerType>Rare</tickerType>
  </ThingDef>

  <ThingDef Abstract="True" Name="PlantFoodRawBase" ParentName="OrganicProductBase">
    <ingestible>
      <preferability>Raw</preferability>
      <nutrition>0.05</nutrition>
      <eatEffect>EatVegetarian</eatEffect>
      <soundEat>RawVegetable_Eat</soundEat>
    </ingestible>
  </ThingDef>

  <ThingDef ParentName="PlantFoodRawBase">
    <defName>RawRice</defName>
    <label>rice</label>
    <description>Raw rice.</description>
    <soundInteract>Grain_Drop</soundInteract>
    <soundDrop>Grain_Drop</soundDrop>
    <graphicData>
      <texPath>Things/Veg/Rice</texPath>
    </graphicData>
    <statBases>
      <MarketValue>1.9</MarketValue>
    </statBases>
    <ingestible>
      <ingestedDirectThought>AteRawFood</ingestedDirectThought>
    </ingestible>
    <thingCategories>
      <li>GrainsAndResourcePlants</li><!--changed from PlantFoodRaw-->
    </thingCategories>
    <comps>
      <li Class="CompProperties_Rottable">
        <daysToRotStart>40</daysToRotStart>
      </li>
    </comps>
  </ThingDef>

  <ThingDef ParentName="PlantFoodRawBase">
    <defName>RawAgave</defName>
    <label>agave fruit</label>
    <description>Raw agave fruit.</description>
    <graphicData>
      <texPath>Things/Veg/AgaveFruit</texPath>
    </graphicData>
    <statBases>
      <MarketValue>2.1</MarketValue>
    </statBases>
    <ingestible>
      <ingestedDirectThought>AteRawFood</ingestedDirectThought>
    </ingestible>
    <thingCategories>
      <li>GrainsAndResourcePlants</li><!--changed from PlantFoodRaw-->
    </thingCategories>
    <comps>
      <li Class="CompProperties_Rottable">
        <daysToRotStart>25</daysToRotStart>
      </li>
    </comps>
  </ThingDef>

</Defs>