﻿<?xml version="1.0" encoding="utf-8"?>
<DefPackage-TraderKindDef>

  <TraderKindDef>
    <defName>DeepSpaceMiningShip</defName>
    <label>deep space mining ship</label>
    <stockGenerators>
      <li Class="StockGenerator_SingleDef">
        <thingDef>Silver</thingDef>
        <countRange>
          <min>2400</min>
          <max>3000</max>
        </countRange>
      </li>
      <li Class="StockGenerator_SingleDef">
        <thingDef>Copper</thingDef>
        <countRange>
          <min>200</min>
          <max>600</max>
        </countRange>
      </li>
      <li Class="StockGenerator_SingleDef">
        <thingDef>Steel</thingDef>
        <price>Cheap</price>
        <countRange>
          <min>800</min>
          <max>1500</max>
        </countRange>
      </li>
      <li Class="StockGenerator_SingleDef">
        <thingDef>Aluminium</thingDef>
        <price>Cheap</price>
        <countRange>
          <min>200</min>
          <max>600</max>
        </countRange>
      </li>
      <li Class="StockGenerator_SingleDef">
        <thingDef>Uranium</thingDef>
        <countRange>
          <min>100</min>
          <max>300</max>
        </countRange>
      </li>
      <li Class="StockGenerator_SingleDef">
        <thingDef>Plasteel</thingDef>
        <countRange>
          <min>100</min>
          <max>300</max>
        </countRange>
      </li>
      <li Class="StockGenerator_SingleDef">
        <thingDef>MealSurvivalPack</thingDef>
        <countRange>
          <min>20</min>
          <max>50</max>
        </countRange>
      </li>
      <li Class="StockGenerator_SingleDef">
        <thingDef>WoodLog</thingDef>
        <countRange>
          <min>200</min>
          <max>600</max>
        </countRange>
      </li>
      <li Class="StockGenerator_SingleDef">
        <thingDef>Medicine</thingDef>
        <price>Expensive</price>
        <countRange>
          <min>10</min>
          <max>30</max>
        </countRange>
    </li>
  <li Class="StockGenerator_SingleDef">
        <thingDef>DrillHead</thingDef>
        <countRange>
          <min>24</min>
          <max>48</max>
        </countRange>
    </li>
  <li Class="StockGenerator_SingleDef">
        <thingDef>SkyDriller</thingDef>
        <countRange>
          <min>-1</min>
          <max>1</max>
        </countRange>
    </li>
    </stockGenerators>
  </TraderKindDef>


</DefPackage-TraderKindDef>