<?xml version="1.0" encoding="UTF-8"?>
<ThingDefs>


  <ThingDef Name="BuildingBase" Abstract="True">
    <category>Building</category>
    <thingClass>Building</thingClass>
    <soundImpactDefault>BulletImpactMetal</soundImpactDefault>
    <selectable>true</selectable>
    <drawerType>MapMeshAndRealTime</drawerType>
    <terrainAffordanceNeeded>Light</terrainAffordanceNeeded>
    <repairEffect>Repair</repairEffect>
    <leaveResourcesWhenKilled>true</leaveResourcesWhenKilled>
    <filthLeaving>BuildingRubble</filthLeaving>
  </ThingDef>

  <ThingDef Name="FurnitureBase" ParentName="BuildingBase" Abstract="True">
    <comps>
      <li>
        <compClass>CompQuality</compClass>
      </li>
    </comps>
    <!-- <DesignationCategory>Furniture</DesignationCategory> moved as not used -->
    <minifiedDef>MinifiedFurniture</minifiedDef>
  </ThingDef>

  <ThingDef Name="BenchBase" ParentName="BuildingBase" Abstract="True">
    <castEdgeShadows>true</castEdgeShadows>
    <staticSunShadowHeight>0.20</staticSunShadowHeight>
  </ThingDef>
  




<ThingDef ParentName="BuildingBase">
	<DefName>Drinkmachine</DefName>
	<label>Dispener</label>
	<ThingClass>Building_WorkTable_HeatPush</ThingClass>
	<Description>A dispensing machine.</Description>
	<graphicData>
      <texPath>Things/Drinkmachine</texPath>
      <graphicClass>Graphic_Single</graphicClass>
      <drawSize>(1,1)</drawSize>
    	</graphicData>

	  <CostList>
            <Steel>60</Steel>
          </CostList>
	<AltitudeLayer>Waist</AltitudeLayer>
	<fillPercent>0.5</fillPercent>
	<useHitPoints>True</useHitPoints>
	<statBases>
	  <WorkToMake>2000</WorkToMake>
	  <MaxHitPoints>180</MaxHitPoints>
	  <Flammability>1.0</Flammability>
	</statBases>
	<Size>(1,1)</Size>
	<DesignationCategory>FoodProduction</DesignationCategory><!--changed from Production-->
	<Passability>PassThroughOnly</Passability>
	<pathCost>70</pathCost>
	<hasInteractionCell>True</hasInteractionCell>
	<interactionCellOffset>(0,0,-1)</interactionCellOffset>
   <staticSunShadowHeight>0.3</staticSunShadowHeight>
	<surfaceType>Item</surfaceType>
	<recipes>
			<li>MakeIcecream</li>
			<li>MakeYogurt</li>
			<li>MakeSmoothie</li>	
	</recipes>
	<inspectorTabs>
		<li>ITab_Bills</li>
	</inspectorTabs>
	<building>
	  <isMealSource>true</isMealSource>
	  <spawnedConceptLearnOpportunity>BillsTab</spawnedConceptLearnOpportunity>
	</building>
		<comps>
			<li>
				<compClass>CompPowerTrader</compClass>
				<startElectricalFires>true</startElectricalFires>
				<basePowerConsumption>70</basePowerConsumption>
				<soundPowerOn>PowerOnSmall</soundPowerOn>
				<soundPowerOff>PowerOffSmall</soundPowerOff>
			</li>
     
			<li>
				<compClass>CompAffectedByFacilities</compClass>
				<linkableFacilities>
					<li>CookingTools</li>
				</linkableFacilities>
			</li>
		</comps>

		<researchPrerequisite>ElectricSmelting</researchPrerequisite>
	</ThingDef><!--added prerequisite-->

	<ThingDef ParentName="BuildingBase">
		<defName>GrindStone</defName>
		<label>Milling Stone</label>
		<ThingClass>Building_WorkTable</ThingClass>
		<Description>A small muscle-powered grinding stone for quickly grinding raw plants.</Description>
		<graphicData>
		<texPath>Things/GrindingStone</texPath>
		<graphicClass>Graphic_Single</graphicClass>
		<drawSize>(1,1)</drawSize>
		</graphicData>
		<constructEffect>ConstructWood</constructEffect>
			<CostList>
				<WoodLog>30</WoodLog>
				<Steel>10</Steel>
			</CostList>
		<AltitudeLayer>Waist</AltitudeLayer>
		<fillPercent>0.5</fillPercent>
		<useHitPoints>True</useHitPoints>
		<statBases>
			<WorkToMake>500</WorkToMake>
			<MaxHitPoints>120</MaxHitPoints>
			<Flammability>1.0</Flammability>
		</statBases>
		<Size>(1,1)</Size>
		<Passability>PassThroughOnly</Passability>
		<pathCost>60</pathCost>
		<hasInteractionCell>True</hasInteractionCell>
		<interactionCellOffset>(0,0,-1)</interactionCellOffset>
		<surfaceType>Item</surfaceType>
		<recipes>
			<li>CraftFlour</li>
			<li>GroundSugar</li>
			<li>CraftCornmeal</li>
			<li>CraftBulkFlour</li>
			<li>CraftBulkSugar</li>
			<li>CraftBulkCornMeal</li>
		</recipes>
		<inspectorTabs>
			<li>ITab_Bills</li>
		</inspectorTabs>
		<DesignationCategory>FoodProduction</DesignationCategory><!--changed from Production-->

		<building>
			<spawnedConceptLearnOpportunity>BillsTab</spawnedConceptLearnOpportunity>
		</building>
		<comps>
			<li>
				<compClass>CompAffectedByFacilities</compClass>
				<linkableFacilities>
					<li>CookingTools</li>
				</linkableFacilities>
			</li>
		</comps>

			<researchPrerequisite>CraftingI</researchPrerequisite>
	</ThingDef><!--added prerequisite-->

</ThingDefs>