<?xml version="1.0" encoding="UTF-8"?>

<ThingDefs>
   
   <ThingDef Name="MealBase" Abstract="True">
      <label>meal</label>
      <thingClass>Meal</thingClass>
      <category>Item</category>
      <useHitPoints>true</useHitPoints>
      <selectable>true</selectable>
      <statBases>
         <MaxHitPoints>50</MaxHitPoints>
         <Flammability>1.0</Flammability>
      </statBases>
      <altitudeLayer>Item</altitudeLayer>
      <stackLimit>75</stackLimit>
      <tickerType>Rare</tickerType>
      <description>"Meal lacks desc."</description>
      <socialPropernessMatters>true</socialPropernessMatters>
      <!-- <thingCategories>
         <li>FoodMeals</li>
      </thingCategories> moved lower and modified for some-->
      <alwaysHaulable>true</alwaysHaulable>
      <comps>
         <li>
            <compClass>CompForbiddable</compClass>
         </li>
      </comps>
      <pathCost>15</pathCost>
      <resourceReadoutPriority>Last</resourceReadoutPriority>
      <drawGUIOverlay>true</drawGUIOverlay>
      <ingestible>
         <maxNumToIngestAtOnce>1</maxNumToIngestAtOnce>
      </ingestible>
   </ThingDef>
   
   <ThingDef ParentName="MealBase" Name="MealRottable" Abstract="True">
      <comps>
         <li Class="CompProperties_Rottable">
            <compClass>CompRottable</compClass>
            <daysToRotStart>4</daysToRotStart>
            <rotDestroys>true</rotDestroys>
         </li>
      </comps>
   </ThingDef>
   
   
   <ThingDef ParentName="MealRottable">
      <defName>Bread</defName>
      <label>bread</label>
      <description>A very simple baked good. Since thousands of years humans bake and eat these tasty loafs.</description>
      <graphicData>
      <texPath>Things/Item/Meal/bread</texPath>
      <graphicClass>Graphic_Single</graphicClass>
    </graphicData>
      <statBases>
         <DeteriorationRate>10</DeteriorationRate>
         <MarketValue>15</MarketValue>
        <WorkToMake>500</WorkToMake>
      </statBases>
      <ingestible>
         <preferability>Awful</preferability>
         <nutrition>0.25</nutrition>
         <joy>0.045</joy>
         <ingestedDirectThought>AteBread</ingestedDirectThought>
         <eatEffect>EatVegetarian</eatEffect>
         <soundEat>Meal_Eat</soundEat>
      </ingestible>
	  <thingCategories>
         <li>FoodMeals</li>
      </thingCategories>
   </ThingDef>

<ThingDef ParentName="MealRottable">
      <defName>cheese</defName>
      <label>cheese</label>
      <description>A block of cheese.</description>
      <graphicData>
      <texPath>Things/Item/cheese</texPath>
      <graphicClass>Graphic_Single</graphicClass>
    </graphicData>
      <statBases>
         <DeteriorationRate>10</DeteriorationRate>
         <MarketValue>15</MarketValue>
         
      </statBases>
      <ingestible>
         <preferability>Awful</preferability>
         <nutrition>0.3</nutrition>
         <joy>0.2</joy>
         <eatEffect>EatVegetarian</eatEffect>
         <soundEat>Meal_Eat</soundEat>
      </ingestible>
	  <thingCategories>
         <li>FoodMeals</li>
      </thingCategories>
   </ThingDef>

<ThingDef ParentName="MealRottable">
      <defName>Chocomilk</defName>
      <label>chocolate milk</label>
      <description>Chocolate added to milk.</description>
      <graphicData>
      <texPath>Things/Item/chocomilk</texPath>
      <graphicClass>Graphic_Single</graphicClass>
    </graphicData>
      <statBases>
         <DeteriorationRate>10</DeteriorationRate>
         <MarketValue>15</MarketValue>
         
      </statBases>
      <ingestible>
         <preferability>Simple</preferability>
         <nutrition>0.4</nutrition>
         <joy>0.3</joy>
         <eatEffect>EatVegetarian</eatEffect>
         <soundEat>Meal_Eat</soundEat>
      </ingestible>
	  <thingCategories>
         <li>SweetsFood</li><!--changed from FoodMeals-->
      </thingCategories>
   </ThingDef>

<ThingDef ParentName="MealRottable">
      <defName>soymilk</defName>
      <label>soy milk</label>
      <description>Soy milk.</description>
      <graphicData>
      <texPath>Things/Item/soymilk</texPath>
      <graphicClass>Graphic_Single</graphicClass>
    </graphicData>
      <statBases>
         <DeteriorationRate>10</DeteriorationRate>
         <MarketValue>10</MarketValue>
      </statBases>
      <ingestible>
         <preferability>Simple</preferability>
         <nutrition>0.4</nutrition>
         <joy>0.2</joy>
         <eatEffect>EatVegetarian</eatEffect>
         <soundEat>Meal_Eat</soundEat>
      </ingestible>
	  <thingCategories>
         <li>FoodMeals</li>
      </thingCategories>
   </ThingDef>
   
<ThingDef ParentName="MealRottable">
      <defName>sweetbun</defName>
      <label>sweet bun</label>
      <description>A sweet roll covered in sugary icying.</description>
      <graphicData>
      <texPath>Things/Item/sweetbun</texPath>
      <graphicClass>Graphic_Single</graphicClass>
    </graphicData>
      <statBases>
         <DeteriorationRate>10</DeteriorationRate>
         <MarketValue>25</MarketValue>
         <WorkToMake>750</WorkToMake>
      </statBases>
      <ingestible>
         <preferability>Simple</preferability>
         <nutrition>0.4</nutrition>
         <joy>0.45</joy>
      <ingestedDirectThought>AteFineMeal</ingestedDirectThought>
         <eatEffect>EatVegetarian</eatEffect>
         <soundEat>Meal_Eat</soundEat>
      </ingestible>
	  <thingCategories>
         <li>SweetsFood</li><!--changed from FoodMeals-->
      </thingCategories>
   </ThingDef>

<ThingDef ParentName="MealRottable">
      <defName>bowlstew</defName>
      <label>bowl of stew</label>
      <description>A bowl of slow cooking stew.</description>
      <graphicData>
      <texPath>Things/Item/Meal/bowlstew</texPath>
      <graphicClass>Graphic_Single</graphicClass>
    </graphicData>
      <statBases>
         <DeteriorationRate>10</DeteriorationRate>
         <MarketValue>25</MarketValue>
         <WorkToMake>1500</WorkToMake>
      </statBases>
      <ingestible>
       <preferability>Lavish</preferability>
      <nutrition>1.00</nutrition>
        <joy>0.065</joy>
      <ingestedDirectThought>AteLavishMeal</ingestedDirectThought>
         <eatEffect>EatVegetarian</eatEffect>
         <soundEat>Meal_Eat</soundEat>
      </ingestible>
	  <thingCategories>
         <li>FoodMeals</li>
      </thingCategories>
   </ThingDef>

<ThingDef ParentName="MealRottable">
      <defName>grilledcheese</defName>
      <label>grilled cheese sandwich</label>
      <description>Two slices of bread grilled with cheese melt in the middle.</description>
      <graphicData>
      <texPath>Things/Item/Meal/grilledcheese</texPath>
      <graphicClass>Graphic_Single</graphicClass>
    </graphicData>
      <statBases>
         <DeteriorationRate>10</DeteriorationRate>
         <MarketValue>20</MarketValue>
         
      </statBases>
      <ingestible>
         <preferability>Simple</preferability>
      <nutrition>0.85</nutrition>
         <joy>0.2</joy>
         <eatEffect>EatVegetarian</eatEffect>
         <soundEat>Meal_Eat</soundEat>
      </ingestible>
	  <thingCategories>
         <li>FoodMeals</li>
      </thingCategories>
   </ThingDef>

<ThingDef ParentName="MealRottable">
      <defName>grilledmeat</defName>
      <label>grilled meat sandwich</label>
      <description>Two slices of bread with grilled meat and cheese melt.</description>
      <graphicData>
      <texPath>Things/Item/Meal/grilledmeat</texPath>
      <graphicClass>Graphic_Single</graphicClass>
    </graphicData>
      <statBases>
         <DeteriorationRate>10</DeteriorationRate>
         <MarketValue>25</MarketValue>
         
      </statBases>
      <ingestible>
        <preferability>Fine</preferability>
  	    <nutrition>0.90</nutrition>
         <joy>0.045</joy>
      <ingestedDirectThought>AteFineMeal</ingestedDirectThought>
         <eatEffect>EatVegetarian</eatEffect>
         <soundEat>Meal_Eat</soundEat>
      </ingestible>
	  <thingCategories>
         <li>FoodMeals</li>
      </thingCategories>
   </ThingDef>

<ThingDef ParentName="MealRottable">
      <defName>pizza</defName>
      <label>pizza</label>
      <description>Pizza in 30 minutes or less!</description>
      <graphicData>
      <texPath>Things/Item/Meal/pizza</texPath>
      <graphicClass>Graphic_Single</graphicClass>
    </graphicData>
      <statBases>
         <DeteriorationRate>10</DeteriorationRate>
         <MarketValue>25</MarketValue>
         <WorkToMake>500</WorkToMake>
      </statBases>
      <ingestible>
       <preferability>Lavish</preferability>
      <nutrition>1.00</nutrition>
         <joy>0.1</joy>
      <ingestedDirectThought>AteLavishMeal</ingestedDirectThought>
         <eatEffect>EatVegetarian</eatEffect>
         <soundEat>Meal_Eat</soundEat>
      </ingestible>
	  <thingCategories>
         <li>FoodMeals</li>
      </thingCategories>
   </ThingDef>

<ThingDef ParentName="MealRottable">
      <defName>stirfry</defName>
      <label>stirfry</label>
      <description>Cooking technique in which ingredients are fried in a small amount of very hot oil.!</description>
      <graphicData>
      <texPath>Things/Item/Meal/stirfry</texPath>
      <graphicClass>Graphic_Single</graphicClass>
    </graphicData>
      <statBases>
         <DeteriorationRate>10</DeteriorationRate>
         <MarketValue>25</MarketValue>
         <WorkToMake>10000</WorkToMake>
      </statBases>
      <ingestible>
      <preferability>Fine</preferability>
      <nutrition>0.90</nutrition>
         <joy>0.045</joy>
      <ingestedDirectThought>AteFineMeal</ingestedDirectThought>
         <eatEffect>EatVegetarian</eatEffect>
         <soundEat>Meal_Eat</soundEat>
      </ingestible>
	  <thingCategories>
         <li>FoodMeals</li>
      </thingCategories>
   </ThingDef>

  <ThingDef ParentName="MealRottable">
    <defName>Porridge</defName>
    <label>Porridge</label>
    <description>A simple porridge cooked from grains.</description>
    <graphicData>
      <texPath>Things/Item/Meal/Porridge</texPath>
      <graphicClass>Graphic_Single</graphicClass>
    </graphicData>
    <statBases>
      <DeteriorationRate>10</DeteriorationRate>
      <MarketValue>16</MarketValue>
      <WorkToMake>500</WorkToMake>
    </statBases>
    <ingestible>
      <preferability>Simple</preferability>
      <nutrition>0.85</nutrition>
      <joy>0.02</joy>
      <eatEffect>EatVegetarian</eatEffect>
      <soundEat>Meal_Eat</soundEat>
    </ingestible>
	<thingCategories>
         <li>FoodMeals</li>
      </thingCategories>
  </ThingDef>

<ThingDef ParentName="MealRottable">
      <defName>yogurt</defName>
      <label>yogurt</label>
      <description>A sweet treat made from milk.</description>
      <graphicData>
      <texPath>Things/Item/Meal/Yogurt</texPath>
      <graphicClass>Graphic_Single</graphicClass>
    </graphicData>
      <statBases>
         <DeteriorationRate>10</DeteriorationRate>
         <MarketValue>25</MarketValue>
         <WorkToMake>750</WorkToMake>
      </statBases>
      <ingestible>
         <preferability>Simple</preferability>
         <nutrition>0.4</nutrition>
         <joy>0.45</joy>
      <ingestedDirectThought>AteFineMeal</ingestedDirectThought>
         <eatEffect>EatVegetarian</eatEffect>
         <soundEat>Meal_Eat</soundEat>
      </ingestible>
	  <thingCategories>
         <li>FoodMeals</li>
      </thingCategories>
   </ThingDef>

<ThingDef ParentName="MealRottable">
      <defName>icecream</defName>
      <label>ice cream</label>
      <description>A sweet frozen treat made from milk.</description>
      <graphicData>
      <texPath>Things/Item/Meal/Icecream</texPath>
      <graphicClass>Graphic_Single</graphicClass>
    </graphicData>
      <statBases>
         <DeteriorationRate>10</DeteriorationRate>
         <MarketValue>25</MarketValue>
         <WorkToMake>750</WorkToMake>
      </statBases>
      <ingestible>
         <preferability>Simple</preferability>
         <nutrition>0.6</nutrition>
         <joy>0.45</joy>
         <ingestedDirectThought>AteIceCream</ingestedDirectThought>
         <eatEffect>EatVegetarian</eatEffect>
         <soundEat>Meal_Eat</soundEat>
	  <hediffGivers>
		<li>
		<chance>1</chance>
		<hediffDef>BrainFreeze</hediffDef>
		</li>
	  </hediffGivers>

      </ingestible>
	  <thingCategories>
         <li>SweetsFood</li><!--changed from FoodMeals-->
      </thingCategories>
   </ThingDef>

<ThingDef ParentName="MealRottable">
      <defName>smoothie</defName>
      <label>smoothie</label>
      <description>A sweet drink made from fruit and milk.</description>
      <graphicData>
      <texPath>Things/Item/Meal/Smoothie</texPath>
      <graphicClass>Graphic_Single</graphicClass>
    </graphicData>
      <statBases>
         <DeteriorationRate>10</DeteriorationRate>
         <MarketValue>25</MarketValue>
         <WorkToMake>750</WorkToMake>
      </statBases>
      <ingestible>
         <preferability>Simple</preferability>
         <nutrition>0.4</nutrition>
         <joy>0.45</joy>
      <ingestedDirectThought>AteFineMeal</ingestedDirectThought>
         <eatEffect>EatVegetarian</eatEffect>
         <soundEat>Meal_Eat</soundEat>
      </ingestible>
	  <thingCategories>
         <li>SweetsFood</li><!--changed from FoodMeals-->
      </thingCategories>
   </ThingDef>

<ThingDef ParentName="MealRottable">
      <defName>Tacos</defName>
      <label>Taocs</label>
      <description>Meat and Cheese in a Corn shell.</description>
      <graphicData>
      <texPath>Things/Item/Meal/Tacos</texPath>
      <graphicClass>Graphic_Single</graphicClass>
    </graphicData>
      <statBases>
         <DeteriorationRate>10</DeteriorationRate>
         <MarketValue>15</MarketValue>
      </statBases>
      <ingestible>
         <preferability>Simple</preferability>
         <nutrition>0.60</nutrition>
         <joy>0.2</joy>
         <eatEffect>EatVegetarian</eatEffect>
         <soundEat>Meal_Eat</soundEat>
      </ingestible>
	  <thingCategories>
         <li>FoodMeals</li>
      </thingCategories>
   </ThingDef>


</ThingDefs>