﻿<?xml version="1.0" encoding="utf-8" ?>
<TerrainDefs>
	
  <TerrainDef Name="FloorBaseCarpet" Abstract="True">
    <layerable>true</layerable>
    <affordances>
      <li>Light</li>
      <li>Heavy</li>
      <li>SmoothHard</li>
    </affordances>
    <statBases>
      <WorkToMake>135</WorkToMake>
      <Beauty>2</Beauty>
    </statBases>
    <CostList>
      <Cloth>7</Cloth>
    </CostList>
    <designationCategory>CarpetedFloors</designationCategory><!--changed from Misc-->
    <Fertility>0</Fertility>
	  <constructEffect>ConstructDirt</constructEffect>
    <AcceptTerrainSourceFilth>True</AcceptTerrainSourceFilth>
    <terrainAffordanceNeeded>Light</terrainAffordanceNeeded>
    <ResearchPrerequisite>CarpetMaking</ResearchPrerequisite>
  </TerrainDef>
  
  <TerrainDef ParentName="FloorBaseCarpet" Name="FloorBaseCarpetPlain" Abstract="True">
    <texturePath>Terrain/Surfaces/Carpet</texturePath>
  </TerrainDef>
  
  <TerrainDef ParentName="FloorBaseCarpet" Name="FloorBaseCarpetCheck" Abstract="True">
    <texturePath>Terrain/Surfaces/CheckCarpet</texturePath>
  </TerrainDef>



	<TerrainDef ParentName="FloorBaseCarpetPlain">
		<DefName>CarpetOrange</DefName>
		<Label>orange carpet</Label>
		<RenderPrecedence>199</RenderPrecedence>
		<Description>Soft carpet with a vivid marigold tint.</Description>
    <color>(155,95,80)</color>
	</TerrainDef>
	
	<TerrainDef ParentName="FloorBaseCarpetPlain">
		<DefName>CarpetYellow</DefName>
		<Label>yellow carpet</Label>
		<RenderPrecedence>198</RenderPrecedence>
		<Description>A summery yellow-coloured carpet.</Description>
    <color>(170,160,90)</color>
	</TerrainDef>

	<TerrainDef ParentName="FloorBaseCarpetPlain">
		<DefName>CarpetTurquoise</DefName>
		<Label>turquoise carpet</Label>
		<RenderPrecedence>197</RenderPrecedence>
		<Description>A soothing blue-green carpet.</Description>
    <color>(60,105,105)</color>
	</TerrainDef>

	<TerrainDef ParentName="FloorBaseCarpetPlain">
		<DefName>CarpetPurple</DefName>
		<Label>purple carpet</Label>
		<RenderPrecedence>196</RenderPrecedence>
		<Description>Carpet in a majestic purple shade.</Description>
    <color>(75,55,115)</color>
	</TerrainDef>
	
	<TerrainDef ParentName="FloorBaseCarpetPlain">
		<DefName>CarpetWhite</DefName>
		<Label>white carpet</Label>
		<RenderPrecedence>195</RenderPrecedence>
		<Description>Undyed white carpet. Comfortable underfoot but stains easily.</Description>
    <color>(240,240,240)</color>
	</TerrainDef>
	
	<TerrainDef ParentName="FloorBaseCarpetPlain">
		<DefName>CarpetBlack</DefName>
		<Label>black carpet</Label>
		<RenderPrecedence>194</RenderPrecedence>
		<Description>A carpet in brooding black.</Description>
    <color>(35,35,35)</color>
	</TerrainDef>
	
	
	
	<TerrainDef ParentName="FloorBaseCarpetCheck">
		<DefName>CheckCarpetRed</DefName>
		<Label>red check carpet</Label>
		<RenderPrecedence>190</RenderPrecedence>
		<Description>Checkered carpet in a lovely rose hue.</Description>
    <color>(125,50,60)</color>
	</TerrainDef>
	
	<TerrainDef ParentName="FloorBaseCarpetCheck">
		<DefName>CheckCarpetOrange</DefName>
		<Label>orange check carpet</Label>
		<RenderPrecedence>189</RenderPrecedence>
		<Description>Carpeting with a checkered pattern in a vivid marigold tint.</Description>
    <color>(155,95,80)</color>
	</TerrainDef>
	
	<TerrainDef ParentName="FloorBaseCarpetCheck">
		<DefName>CheckCarpetYellow</DefName>
		<Label>yellow check carpet</Label>
		<RenderPrecedence>188</RenderPrecedence>
		<Description>Summery yellow-coloured check carpet.</Description>
    <color>(170,160,90)</color>
	</TerrainDef>
  
	<TerrainDef ParentName="FloorBaseCarpetCheck">
		<DefName>CheckCarpetCream</DefName>
		<Label>cream check carpet</Label>
		<RenderPrecedence>187</RenderPrecedence>
		<Description>Check carpet in a creamy off-white shade.</Description>
    <color>(220,215,200)</color>
	</TerrainDef>

	<TerrainDef ParentName="FloorBaseCarpetCheck">
		<DefName>CheckCarpetGreen</DefName>
		<Label>green check carpet</Label>
		<RenderPrecedence>186</RenderPrecedence>
		<Description>Naturalistic-feeling green check carpet.</Description>
    <color>(95,110,65)</color>
	</TerrainDef>
	
	<TerrainDef ParentName="FloorBaseCarpetCheck">
		<DefName>CheckCarpetTurquoise</DefName>
		<Label>turquoise check carpet</Label>
		<RenderPrecedence>185</RenderPrecedence>
		<Description>A soothing blue-green check carpet.</Description>
    <color>(60,105,105)</color>
	</TerrainDef>

	<TerrainDef ParentName="FloorBaseCarpetCheck">
		<DefName>CheckCarpetBlue</DefName>
		<Label>blue check carpet</Label>
		<RenderPrecedence>184</RenderPrecedence>
		<Description>Toe-hugging plush check carpet in a cool blue color.</Description>
    <color>(30,70,130)</color>
	</TerrainDef>
	
	<TerrainDef ParentName="FloorBaseCarpetCheck">
		<DefName>CheckCarpetPurple</DefName>
		<Label>purple check carpet</Label>
		<RenderPrecedence>183</RenderPrecedence>
		<Description>Check carpet in a majestic purple shade.</Description>
    <color>(75,55,115)</color>
	</TerrainDef>
	
	<TerrainDef ParentName="FloorBaseCarpetCheck">
		<DefName>CheckCarpetWhite</DefName>
		<Label>white check carpet</Label>
		<RenderPrecedence>182</RenderPrecedence>
		<Description>Undyed white check carpet. Comfortable underfoot but stains easily.</Description>
    <color>(240,240,240)</color>
	</TerrainDef>
  
	<TerrainDef ParentName="FloorBaseCarpetCheck">
		<DefName>CheckCarpetDark</DefName>
		<Label>dark check carpet</Label>
		<RenderPrecedence>181</RenderPrecedence>
		<Description>Checkered carpet in light black - or is dark white?</Description>
    <color>(85,85,85)</color>
	</TerrainDef>
	
	<TerrainDef ParentName="FloorBaseCarpetCheck">
		<DefName>CheckCarpetBlack</DefName>
		<Label>black check carpet</Label>
		<RenderPrecedence>180</RenderPrecedence>
		<Description>A check carpet in brooding black.</Description>
    <color>(35,35,35)</color>
	</TerrainDef>

</TerrainDefs>