﻿<?xml version="1.0" encoding="utf-8" ?>
<TerrainDefs>

  <TerrainDef Name="FloorBaseWood" Abstract="True">
    <layerable>true</layerable>
    <affordances>
      <li>Light</li>
      <li>Heavy</li>
      <li>SmoothHard</li>
    </affordances>
    <statBases>
      <WorkToMake>85</WorkToMake>
    </statBases>
    <CostList>
      <WoodLog>3</WoodLog>
    </CostList>
    <designationCategory>Floors</designationCategory>
    <Fertility>0</Fertility>
	  <constructEffect>ConstructWood</constructEffect>
    <AcceptTerrainSourceFilth>True</AcceptTerrainSourceFilth>
    <terrainAffordanceNeeded>Light</terrainAffordanceNeeded>
	<ResearchPrerequisite>CraftingI</ResearchPrerequisite>
  </TerrainDef>
  
  
	
	<TerrainDef ParentName="FloorBaseWood">
		<defName>FloorWood1</defName>
		<Label>wooden floorboards</Label>
		<RenderPrecedence>250</RenderPrecedence>
		<Description>Rustic wooden floorboards.</Description>
		<texturePath>Terrain/Surfaces/WoodFloor1</texturePath>
	</TerrainDef>
	
	<TerrainDef ParentName="FloorBaseWood">
		<defName>FloorWood2</defName>
		<Label>wide wooden floorboards</Label>
		<RenderPrecedence>249</RenderPrecedence>
		<Description>Wide wooden floorboards for that minimalistic feel.</Description>
		<texturePath>Terrain/Surfaces/WoodFloor2</texturePath>
	</TerrainDef>

	<TerrainDef ParentName="FloorBaseWood">
		<defName>FloorWood3</defName>
		<Label>light wood floor</Label>
		<RenderPrecedence>248</RenderPrecedence>
		<Description>Light-coloured wooden floorboards.</Description>
		<texturePath>Terrain/Surfaces/WoodFloor3</texturePath>
	</TerrainDef>
	
	<TerrainDef ParentName="FloorBaseWood">
		<defName>FloorWood4</defName>
		<Label>mosaic wood floor</Label>
		<RenderPrecedence>247</RenderPrecedence>
		<Description>Wooden parquet floor in a mosaic pattern.</Description>
		<texturePath>Terrain/Surfaces/WoodFloor4</texturePath>
	</TerrainDef>

	<TerrainDef ParentName="FloorBaseWood">
		<defName>FloorWood5</defName>
		<Label>vertical wood floor</Label>
		<RenderPrecedence>246</RenderPrecedence>
		<Description>Dark polished wooden floorboards.</Description>
		<texturePath>Terrain/Surfaces/WoodFloor5</texturePath>
	</TerrainDef>

</TerrainDefs>