<?xml version="1.0" encoding="utf-8" ?>
<Defs>


  <ThoughtDef>
    <defName>HadCoffee</defName>
    <workerClass>ThoughtWorker_Hediff</workerClass>
    <hediff>Coffee</hediff>
    <stages>
      <li>
        <label>Had an energizing cup of joe.</label>
        <description>I feel ready to go.</description>
        <baseMoodEffect>3.5</baseMoodEffect>
      </li>
      <li>
        <label>Had a strong cup of coffee</label>
        <description>Whoa, that's some strong coffee!</description>
        <baseMoodEffect>7</baseMoodEffect>
      </li>
    </stages>
  </ThoughtDef>

</Defs>