<?xml version="1.0" encoding="utf-8" ?>

<ThoughtDefs>

  <ThoughtDef>
    <defName>AteCandy</defName>
    <durationDays>1</durationDays>
    <stackLimit>5</stackLimit>
    <stages>
      <li>
        <label>ate candy</label>
        <description>I ate a really tasty candy. Now i'm sugar buzzed.</description>
        <baseMoodEffect>6</baseMoodEffect>
      </li>
    </stages>
  </ThoughtDef>

  <ThoughtDef>
    <defName>Hotdrink</defName>
    <durationDays>1</durationDays>
    <stackLimit>5</stackLimit>
    <stages>
      <li>
        <label>hot drink</label>
        <description>I drank a really nice hot drink, now I feel better.</description>
        <baseMoodEffect>6</baseMoodEffect>
      </li>
    </stages>
  </ThoughtDef>
  
<ThoughtDef>
    <defName>SomethingGood</defName>
    <durationDays>1</durationDays>
    <stackLimit>5</stackLimit>
    <stages>
      <li>
        <label>Something Good</label>
        <description>I had something really good! Now I'm all warm and fuzzy inside.</description>
        <baseMoodEffect>6</baseMoodEffect>
      </li>
    </stages>
  </ThoughtDef>


</ThoughtDefs>