﻿<?xml version="1.0" encoding="utf-8" ?>
<Buildings>
  <ThingDef Name="BuildingBase" Abstract="True">
    <category>Building</category>
    <thingClass>Building</thingClass>
    <soundImpactDefault>BulletImpactMetal</soundImpactDefault>
    <selectable>true</selectable>
    <drawerType>MapMeshAndRealTime</drawerType>
    <terrainAffordanceNeeded>Light</terrainAffordanceNeeded>
    <repairEffect>Repair</repairEffect>
    <leaveResourcesWhenKilled>true</leaveResourcesWhenKilled>
    <filthLeaving>BuildingRubble</filthLeaving>
  </ThingDef>
  
  <ThingDef ParentName="BuildingBase">
    <defName>RefrigeratedTrayRack</defName>
    <label>Refrigerated Tray rack</label>
    <thingClass>BeanTek.Building_RefrigeratedStorage</thingClass>
    <graphicData>
      <texPath>Things/Building/Furniture/TrayRack</texPath>
      <graphicClass>Graphic_Single</graphicClass>
      <drawSize>(4,3)</drawSize>
    </graphicData>
    <altitudeLayer>Waist</altitudeLayer>
    <passability>PassThroughOnly</passability>
    <fillPercent>0.4</fillPercent>
    <castEdgeShadows>true</castEdgeShadows>
    <stuffCategories>
      <li>Metallic</li>
      <li>Woody</li>
      <li>Stony</li>
    </stuffCategories>
    <costStuffCount>30</costStuffCount>
    <statBases>
      <MaxHitPoints>150</MaxHitPoints>
      <WorkToMake>850</WorkToMake>
      <Flammability>1.0</Flammability>
      <Beauty>7</Beauty>
    </statBases>
    <description>Haulers carry trays here for storage.</description>
    <size>(2,1)</size>
    <building>
      <preventDeterioration>true</preventDeterioration>
      <fixedStorageSettings>
        <filter>
          <categories>
            <li>FoodMeals</li>
          </categories>
        </filter>
      </fixedStorageSettings>
      <defaultStorageSettings>
        <priority>Important</priority>
        <filter>
          <categories>
            <li>FoodMeals</li>
          </categories>
        </filter>
      </defaultStorageSettings>
    </building>
    <inspectorTabs>
      <li>ITab_Storage</li>
    </inspectorTabs>
    <designationCategory>Storage</designationCategory><!--changed from Furniture-->
    <staticSunShadowHeight>0.5</staticSunShadowHeight>
    <surfaceType>Item</surfaceType>
    <tickerType>Rare</tickerType>
    <comps>
      <li>
        <compClass>CompPowerTrader</compClass>
        <startElectricalFires>true</startElectricalFires>
        <basePowerConsumption>50</basePowerConsumption>
        <soundPowerOn>PowerOnSmall</soundPowerOn>
        <soundPowerOff>PowerOffSmall</soundPowerOff>
      </li>
    </comps>
	<researchPrerequisite>PowerI</researchPrerequisite>
  </ThingDef><!--added prerequisite-->
</Buildings>