<?xml version="1.0" encoding="utf-8" ?>
<Defs>
  
	<ThingDef Name="BuildingBase" Abstract="True">
		<category>Building</category>
		<soundImpactDefault>BulletImpactMetal</soundImpactDefault>
		<selectable>true</selectable>
		<drawerType>MapMeshAndRealTime</drawerType>
		<terrainAffordanceNeeded>Light</terrainAffordanceNeeded>
		<repairEffect>Repair</repairEffect>
		<leaveResourcesWhenKilled>true</leaveResourcesWhenKilled>
		<filthLeaving>BuildingRubble</filthLeaving>
	</ThingDef>




	<ThingDef ParentName="BuildingBase">
		<defName>Heater</defName>
		<label>heater</label>
		<thingClass>Building_Heater</thingClass>
		<graphicData>
		<texPath>Things/Building/Misc/TempControl/Heater</texPath>
		<graphicClass>Graphic_Single</graphicClass>
		<shadowData>
        <volume>(0.3, 0.6, 0.3)</volume>
		</shadowData>
		</graphicData>
		<minifiedDef>MinifiedFurniture</minifiedDef>
		<altitudeLayer>BuildingTall</altitudeLayer>
		<passability>PassThroughOnly</passability>
		<pathCost>40</pathCost>
		<castEdgeShadows>false</castEdgeShadows>
		<rotatable>false</rotatable>
		<fillPercent>0.4</fillPercent>
		<statBases>
			<WorkToMake>1500</WorkToMake>
			<MaxHitPoints>100</MaxHitPoints>
			<Flammability>1.0</Flammability>
		</statBases>
		<tickerType>Rare</tickerType>
		<description>An electrical device that converts electricity into heat. It can automatically turn itself on or off to reach a specific target temperature.</description>
		<size>(1,1)</size>
		<costList>
			<Steel>75</Steel>
		</costList>
		<terrainAffordanceNeeded>Heavy</terrainAffordanceNeeded>
		<placeWorkers>
			<li>PlaceWorker_Heater</li>
		</placeWorkers>
		<drawPlaceWorkersWhileSelected>true</drawPlaceWorkersWhileSelected>
		<comps>
			<li>
				<compClass>CompPowerTrader</compClass>
				<startElectricalFires>true</startElectricalFires>
				<soundPowerOn>PowerOnSmall</soundPowerOn>
				<soundPowerOff>PowerOffSmall</soundPowerOff>
				<basePowerConsumption>150</basePowerConsumption>
			</li>
			<li>
				<compClass>CompTempControl</compClass>
				<energyPerSecond>21</energyPerSecond>
			</li>
			<li>
				<compClass>CompGlower</compClass>
				<glowRadius>3</glowRadius>
				<glowColor>(255,150,100,0)</glowColor>
			</li>
			<li>
				<compClass>CompQuality</compClass>
			</li>
		</comps>
		<designationCategory>Temperature</designationCategory>
		<researchPrerequisite>PowerI</researchPrerequisite>

	</ThingDef>

  
	<ThingDef ParentName="BuildingBase">
		<defName>Cooler</defName>
		<label>cooler</label>
		<thingClass>Building_Cooler</thingClass>
		<graphicData>
		<texPath>Things/Building/Misc/TempControl/Cooler</texPath>
		<graphicClass>Graphic_Multi</graphicClass>
		<shadowData>
        <volume>(0.3, 0.6, 0.3)</volume>
		</shadowData>
		</graphicData>
		<altitudeLayer>BuildingTall</altitudeLayer>
		<passability>Impassable</passability>
		<fillPercent>1</fillPercent>
		<coversFloor>true</coversFloor>
		<blockLight>true</blockLight>
		<statBases>
			<WorkToMake>2100</WorkToMake>
			<MaxHitPoints>100</MaxHitPoints>
			<Flammability>1.0</Flammability>
		</statBases>
		<tickerType>Rare</tickerType>
		<description>An electrical device that fits into a wall and pushes cold air into a room. Its exhaust port generates a lot of heat. Can be used to cool down rooms during the summer months, or to create a walk-in freezer. </description>
		<size>(1,1)</size>
		<costList>
			<Steel>100</Steel>
		</costList>
		<terrainAffordanceNeeded>Heavy</terrainAffordanceNeeded>
		<placeWorkers>
			<li>PlaceWorker_Cooler</li>
		</placeWorkers>
		<drawPlaceWorkersWhileSelected>true</drawPlaceWorkersWhileSelected>
		<building>
			<canPlaceOverWall>true</canPlaceOverWall>
		</building>
		<comps>
			<li>
				<compClass>CompPowerTrader</compClass>
				<soundPowerOn>PowerOnSmall</soundPowerOn>
				<soundPowerOff>PowerOffSmall</soundPowerOff>
				<basePowerConsumption>200</basePowerConsumption>
			</li>
			<li>
				<compClass>CompTempControl</compClass>
				<energyPerSecond>-21</energyPerSecond>
			</li>
		</comps>
		<designationCategory>Temperature</designationCategory>
		<researchPrerequisite>PowerI</researchPrerequisite>

	</ThingDef>
	

		
		<ThingDef ParentName="BuildingBase">
				<defName>RedistHeat_IndustrialHeater</defName>
				<label>industrial heater</label>
				<thingClass>Building_Heater</thingClass>
				<graphicData>
				<texPath>Things/Building/SCTemperature/IndustrialHeater</texPath>
				<graphicClass>Graphic_Single</graphicClass>
				<drawSize>(2,2)</drawSize>
				</graphicData>
				<altitudeLayer>BuildingTall</altitudeLayer>
				<passability>PassThroughOnly</passability>
				<pathCost>40</pathCost>
				<castEdgeShadows>false</castEdgeShadows>
				<rotatable>false</rotatable>
				<fillPercent>0.5</fillPercent>
				<statBases>
						<WorkToMake>5000</WorkToMake>
						<MaxHitPoints>250</MaxHitPoints>
						<Flammability>1.0</Flammability>
						<Beauty>-20</Beauty>
				</statBases>
				<tickerType>Rare</tickerType>
				<description>A massive industrial heater, can efficiently heat large rooms and bases. It can automatically turn itself on or off to reach a specific target temperature.</description>
				<size>(2,2)</size>
				<costList>
						<Steel>250</Steel>
				</costList>
				<terrainAffordanceNeeded>Heavy</terrainAffordanceNeeded>
				<placeWorkers>
						<li>PlaceWorker_Heater</li>
				</placeWorkers>
				<drawPlaceWorkersWhileSelected>true</drawPlaceWorkersWhileSelected>
				<comps>
						<li>
								<compClass>CompPowerTrader</compClass>
								<soundPowerOn>PowerOnSmall</soundPowerOn>
								<soundPowerOff>PowerOffSmall</soundPowerOff>
								<basePowerConsumption>450</basePowerConsumption>
						</li>
						<li>
								<compClass>CompTempControl</compClass>
								<energyPerSecond>125</energyPerSecond>
						</li>
						<li>
								<compClass>CompGlower</compClass>
								<glowColor>(255,150,100,0)</glowColor>
								<glowRadius>6</glowRadius>
						</li>
				</comps>
				<designationCategory>Temperature</designationCategory>
		<researchPrerequisite>ConstructionII</researchPrerequisite>

		</ThingDef>
		
		
		<ThingDef ParentName="BuildingBase">
				<defName>RedistHeat_IndustrialCooler</defName>
				<label>industrial cooler</label>
				<thingClass>Building_Cooler</thingClass>
				<graphicData>
				<texPath>Things/Building/SCTemperature/IndustrialCooler</texPath>
				<graphicClass>Graphic_Multi</graphicClass>
				<drawSize>(3,1)</drawSize>
				</graphicData>
				<altitudeLayer>BuildingTall</altitudeLayer>
				<passability>Impassable</passability>
				<castEdgeShadows>true</castEdgeShadows>
				<fillPercent>1</fillPercent>
				<statBases>
						<WorkToMake>7000</WorkToMake>
						<MaxHitPoints>250</MaxHitPoints>
						<Flammability>1.0</Flammability>
						<Beauty>-30</Beauty>
				</statBases>
				<tickerType>Rare</tickerType>
				<description>A massive electrical device that pushes cold air into a room. It needs at least one extenal exhaust port.</description>
				<size>(3,1)</size>
				<costList>
						<Steel>150</Steel>
				</costList>
				<terrainAffordanceNeeded>Heavy</terrainAffordanceNeeded>
				<placeWorkers>
						<li>PlaceWorker_Cooler</li>
				</placeWorkers>
				<drawPlaceWorkersWhileSelected>true</drawPlaceWorkersWhileSelected>
				<building>
						<canPlaceOverWall>true</canPlaceOverWall>
				</building>
				<holdsRoof>true</holdsRoof>
				<blockLight>true</blockLight>
				<comps>
						<li>
								<compClass>CompPowerTrader</compClass>
								<soundPowerOn>PowerOnSmall</soundPowerOn>
								<soundAmbientPowered>GeothermalPlant_Ambience</soundAmbientPowered>
								<soundPowerOff>PowerOffSmall</soundPowerOff>
								<basePowerConsumption>500</basePowerConsumption>
								<transmitsPower>true</transmitsPower>
						</li>
						<li>
								<compClass>CompTempControl</compClass>
								<energyPerSecond>-125</energyPerSecond>
						</li>
				</comps>
				<designationCategory>Temperature</designationCategory>
		<researchPrerequisite>ConstructionII</researchPrerequisite>

		</ThingDef>
	
	
</Defs>