<?xml version="1.0" encoding="utf-8" ?>
<ThingDefs>

	<ThingDef Name="BuildingBase" Abstract="True">
		<category>Building</category>
		<soundImpactDefault>BulletImpactMetal</soundImpactDefault>
		<selectable>true</selectable>
		<drawerType>MapMeshAndRealTime</drawerType>
		<terrainAffordanceNeeded>Light</terrainAffordanceNeeded>
		<repairEffect>Repair</repairEffect>
		<leaveResourcesWhenKilled>true</leaveResourcesWhenKilled>
		<filthLeaving>BuildingRubble</filthLeaving>
	</ThingDef>
	
	
	<!--========================= Sandbags =============================-->


	<ThingDef ParentName="BuildingBase">
		<defName>Sandbags</defName>
		<label>sandbags</label>
		<thingClass>Building</thingClass>
		<category>Building</category>
		<graphicData>
			<texPath>Things/Building/Linked/Sandbags_Atlas</texPath>
			<graphicClass>Graphic_Single</graphicClass>
			<linkType>Basic</linkType>
			<linkFlags>
				<li>Sandbags</li>
			</linkFlags>
		</graphicData>
		<blueprintGraphicData>
			<texPath>Things/Building/Linked/Sandbags_Blueprint_Atlas</texPath>
		</blueprintGraphicData>
		<uiIconPath>Things/Building/Linked/Sandbags_MenuIcon</uiIconPath>
		<altitudeLayer>Waist</altitudeLayer>
		<pathCost>40</pathCost>
		<passability>PassThroughOnly</passability>
		<castEdgeShadows>true</castEdgeShadows>
		<fillPercent>0.65</fillPercent>
		<statBases>
			<MaxHitPoints>300</MaxHitPoints>
			<Beauty>-10</Beauty>
			<WorkToMake>125</WorkToMake>
			<Flammability>0</Flammability>
		</statBases>
		<description>A sandbag barrier that provides cover from gunfire.</description>
		<placingDraggableDimensions>1</placingDraggableDimensions>
		<costList>
			<Sand>5</Sand>
		</costList>
		<filthLeaving>SandbagRubble</filthLeaving>
		<rotatable>false</rotatable>
		<selectable>true</selectable>
		<neverMultiSelect>true</neverMultiSelect>
		<terrainAffordanceNeeded>Light</terrainAffordanceNeeded>
		<designationCategory>Security</designationCategory>
		<staticSunShadowHeight>0.20</staticSunShadowHeight>
		<constructEffect>ConstructDirt</constructEffect>
		<repairEffect>ConstructDirt</repairEffect>
	</ThingDef>
  
  
	<!--========================= Embrasures =============================-->
	
	
	<ThingDef ParentName="BuildingBase">
		<defName>StoneEmbrasure</defName>
		<label>embrasure</label>
		<thingClass>Building</thingClass>
		<category>Building</category>
		<graphicData>
			<texPath>Things/Building/SCSecurity/StoneEmbrasure_Atlas</texPath>
			<graphicClass>Graphic_Single</graphicClass>
			<linkType>Basic</linkType>
			<linkFlags>
				<li>Custom2</li>
			</linkFlags>
		</graphicData>
		<blueprintGraphicData>
			<texPath>Things/Building/Linked/Sandbags_Blueprint_Atlas</texPath>
		</blueprintGraphicData>
		<uiIconPath>Things/Building/SCSecurity/StoneEmbrasure_MenuIcon</uiIconPath>
		<altitudeLayer>Waist</altitudeLayer>
		<passability>Impassable</passability>
		<castEdgeShadows>true</castEdgeShadows>
		<fillPercent>0.9</fillPercent>
		<holdsRoof>true</holdsRoof>
		<statBases>
			<MaxHitPoints>350</MaxHitPoints>
			<Beauty>-10</Beauty>
			<WorkToMake>250</WorkToMake>
			<Flammability>0</Flammability>
		</statBases>
		<description>A stone embrasure that provides exceptional cover from gunfire.</description>
		<placingDraggableDimensions>1</placingDraggableDimensions>
		<costStuffCount>10</costStuffCount>
	    <stuffCategories>
			<li>Stony</li>
		</stuffCategories>
		<filthLeaving>SandbagRubble</filthLeaving>
		<rotatable>false</rotatable>
		<selectable>true</selectable>
		<neverMultiSelect>true</neverMultiSelect>
		<terrainAffordanceNeeded>Light</terrainAffordanceNeeded>
		<designationCategory>Security</designationCategory>
		<staticSunShadowHeight>0.20</staticSunShadowHeight>
		<repairEffect>ConstructDirt</repairEffect>
		<researchPrerequisite>Embrasures</researchPrerequisite>
	</ThingDef>
	

	<!--=============== Manned turrets ===============-->
	
	
	<ThingDef ParentName="BuildingBase">
		<defName>TurretGunManned</defName>
		<label>manned turret</label>
		<thingClass>Building_TurretGun</thingClass>
		<graphicData>
			<texPath>Things/Building/SCSecurity/MannedGun_bottom</texPath>
			<graphicClass>Graphic_Single</graphicClass>
			<drawSize>(3,3)</drawSize>
		</graphicData>
		<uiIconPath>Things/Building/SCSecurity/MannedGunIco</uiIconPath>
		<altitudeLayer>Waist</altitudeLayer>
		<hasInteractionCell>True</hasInteractionCell>
		<interactionCellOffset>(0,0,-1)</interactionCellOffset>
		<statBases>
			<MaxHitPoints>500</MaxHitPoints>
			<Flammability>1.0</Flammability>
			<WorkToMake>6250</WorkToMake>
			<Beauty>-60</Beauty>
		</statBases>
		<tickerType>Normal</tickerType>
		<comps>
			<li>
				<compClass>CompExplosive</compClass>
				<explosiveRadius>3.9</explosiveRadius>
				<explosiveDamageType>Bomb</explosiveDamageType>
			</li>
			<li>
				<compClass>CompForbiddable</compClass>
			</li>
			<li>
				<compClass>CompMannable</compClass>
			</li>
		</comps>
		<description>A simple turret that can be manned to fire at nearby enemies. Explodes when damaged.
Range:	 35
Damage:   7
Burst:	  3</description>
		<size>(1,1)</size>
		<passability>Impassable</passability>
		<castEdgeShadows>true</castEdgeShadows>
		<fillPercent>0.4</fillPercent>
		<hasTooltip>true</hasTooltip>
		<costList>
			<Steel>250</Steel>
		</costList>
		<combatTargetBuilding>true</combatTargetBuilding>
		<terrainAffordanceNeeded>Light</terrainAffordanceNeeded>
		<designationCategory>Security</designationCategory>
		<specialDisplayRadius>34.9</specialDisplayRadius>
		<building>
			<ai_combatDangerous>true</ai_combatDangerous>
			<turretGunDef>Gun_TurretImprovised</turretGunDef>
			<turretBurstCooldownTicks>400</turretBurstCooldownTicks>
			<turretTopgraphicPath>Things/Building/SCSecurity/SentryGun_Top</turretTopgraphicPath>
		</building>
		<researchPrerequisite>SecurityI</researchPrerequisite>
	</ThingDef>
	
	
	<ThingDef ParentName="BuildingBase">
		<defName>TurretGunMannedGatling</defName>
		<label>manned gatling turret</label>
		<thingClass>Building_TurretGun</thingClass>
		<graphicData>
			<texPath>Things/Building/SCSecurity/MannedGun_bottom</texPath>
			<graphicClass>Graphic_Single</graphicClass>
			<drawSize>(3,3)</drawSize>
		</graphicData>
		<uiIconPath>Things/Building/SCSecurity/MannedGunGatlingIco</uiIconPath>
		<altitudeLayer>Waist</altitudeLayer>
		<hasInteractionCell>True</hasInteractionCell>
		<interactionCellOffset>(0,0,-1)</interactionCellOffset>
		<statBases>
			<MaxHitPoints>500</MaxHitPoints>
			<Flammability>1.0</Flammability>
			<WorkToMake>6250</WorkToMake>
			<Beauty>-60</Beauty>
		</statBases>
		<tickerType>Normal</tickerType>
		<comps>
			<li>
				<compClass>CompExplosive</compClass>
				<explosiveRadius>3.9</explosiveRadius>
				<explosiveDamageType>Bomb</explosiveDamageType>
			</li>
			<li>
				<compClass>CompForbiddable</compClass>
			</li>
			<li>
				<compClass>CompMannable</compClass>
			</li>
		</comps>
		<description>A gatling turret that can be manned to fire at nearby enemies. Explodes when damaged.
Range:	 32
Damage:   8
Burst:	 30</description>
		<size>(1,1)</size>
		<passability>Impassable</passability>
		<castEdgeShadows>true</castEdgeShadows>
		<fillPercent>0.4</fillPercent>
		<hasTooltip>true</hasTooltip>
		<costList>
			<Steel>250</Steel>
		</costList>
		<combatTargetBuilding>true</combatTargetBuilding>
		<terrainAffordanceNeeded>Light</terrainAffordanceNeeded>
		<designationCategory>Security</designationCategory>
		<specialDisplayRadius>31.9</specialDisplayRadius>
		<building>
			<ai_combatDangerous>true</ai_combatDangerous>
			<turretGunDef>Gun_TurretGatling</turretGunDef>
			<turretBurstCooldownTicks>300</turretBurstCooldownTicks>
			<turretTopgraphicPath>Things/Building/SCSecurity/SentryGunGatling_Top</turretTopgraphicPath>
		</building>
		<researchPrerequisite>SpecializedMannedTurrets</researchPrerequisite>
	</ThingDef>
	
	
	<ThingDef ParentName="BuildingBase">
		<defName>TurretGunMannedShotgun</defName>
		<label>manned shotgun turret</label>
		<thingClass>Building_TurretGun</thingClass>
		<graphicData>
			<texPath>Things/Building/SCSecurity/MannedGun_bottom</texPath>
			<graphicClass>Graphic_Single</graphicClass>
			<drawSize>(3,3)</drawSize>
		</graphicData>
		<uiIconPath>Things/Building/SCSecurity/MannedGunShotgunIco</uiIconPath>
		<altitudeLayer>Waist</altitudeLayer>
		<hasInteractionCell>True</hasInteractionCell>
		<interactionCellOffset>(0,0,-1)</interactionCellOffset>
		<statBases>
			<MaxHitPoints>500</MaxHitPoints>
			<Flammability>1.0</Flammability>
			<WorkToMake>6250</WorkToMake>
			<Beauty>-60</Beauty>
		</statBases>
		<tickerType>Normal</tickerType>
		<comps>
			<li>
				<compClass>CompExplosive</compClass>
				<explosiveRadius>3.9</explosiveRadius>
				<explosiveDamageType>Bomb</explosiveDamageType>
			</li>
			<li>
				<compClass>CompForbiddable</compClass>
			</li>
			<li>
				<compClass>CompMannable</compClass>
			</li>
		</comps>
		<description>A shotgun turret that can be manned to fire at nearby enemies. Explodes when damaged.
Range:	 16
Damage:  20
Burst:	  1</description>
		<size>(1,1)</size>
		<passability>Impassable</passability>
		<castEdgeShadows>true</castEdgeShadows>
		<fillPercent>0.4</fillPercent>
		<hasTooltip>true</hasTooltip>
		<costList>
			<Steel>250</Steel>
		</costList>
		<combatTargetBuilding>true</combatTargetBuilding>
		<terrainAffordanceNeeded>Light</terrainAffordanceNeeded>
		<designationCategory>Security</designationCategory>
		<specialDisplayRadius>15.9</specialDisplayRadius>
		<building>
			<ai_combatDangerous>true</ai_combatDangerous>
			<turretGunDef>Gun_TurretShotgun</turretGunDef>
			<turretBurstCooldownTicks>240</turretBurstCooldownTicks>
			<turretTopgraphicPath>Things/Building/SCSecurity/SentryGunShotgun_Top</turretTopgraphicPath>
		</building>
		<researchPrerequisite>SpecializedMannedTurrets</researchPrerequisite>
	</ThingDef>
	
	
	<ThingDef ParentName="BuildingBase">
		<defName>TurretGunMannedSniper</defName>
		<label>manned sniper turret</label>
		<thingClass>Building_TurretGun</thingClass>
		<graphicData>
			<texPath>Things/Building/SCSecurity/MannedGun_bottom</texPath>
			<graphicClass>Graphic_Single</graphicClass>
			<drawSize>(3,3)</drawSize>
		</graphicData>
		<uiIconPath>Things/Building/SCSecurity/MannedGunSniperIco</uiIconPath>
		<altitudeLayer>Waist</altitudeLayer>
		<hasInteractionCell>True</hasInteractionCell>
		<interactionCellOffset>(0,0,-1)</interactionCellOffset>
		<statBases>
			<MaxHitPoints>500</MaxHitPoints>
			<Flammability>1.0</Flammability>
			<WorkToMake>6250</WorkToMake>
			<Beauty>-60</Beauty>
		</statBases>
		<tickerType>Normal</tickerType>
		<comps>
			<li>
				<compClass>CompExplosive</compClass>
				<explosiveRadius>3.9</explosiveRadius>
				<explosiveDamageType>Bomb</explosiveDamageType>
			</li>
			<li>
				<compClass>CompForbiddable</compClass>
			</li>
			<li>
				<compClass>CompMannable</compClass>
			</li>
		</comps>
		<description>A sniper turret that can be manned to fire at nearby enemies. Explodes when damaged.
Range:	 45
Damage:  40
Burst:	  1</description>
		<size>(1,1)</size>
		<passability>Impassable</passability>
		<castEdgeShadows>true</castEdgeShadows>
		<fillPercent>0.4</fillPercent>
		<hasTooltip>true</hasTooltip>
		<costList>
			<Steel>250</Steel>
		</costList>
		<combatTargetBuilding>true</combatTargetBuilding>
		<terrainAffordanceNeeded>Light</terrainAffordanceNeeded>
		<designationCategory>Security</designationCategory>
		<specialDisplayRadius>44.9</specialDisplayRadius>
		<building>
			<ai_combatDangerous>true</ai_combatDangerous>
			<turretGunDef>Gun_TurretSniper</turretGunDef>
			<turretBurstWarmupTicks>240</turretBurstWarmupTicks>
			<turretburstCooldownTicks>240</turretburstCooldownTicks>
			<turretTopgraphicPath>Things/Building/SCSecurity/SentryGunSniper_Top</turretTopgraphicPath>
		</building>
		<researchPrerequisite>SpecializedMannedTurrets</researchPrerequisite>
	</ThingDef>
	
	
	<!--=============== AI turrets ===============-->
  
  
	<ThingDef ParentName="BuildingBase">
		<defName>TurretGun</defName>
		<label>sentry turret</label>
		<thingClass>Building_TurretGun</thingClass>
		<graphicData>
			<texPath>Things/Building/SCSecurity/SentryGun_bottom</texPath>
			<graphicClass>Graphic_Single</graphicClass>
			<drawSize>(3,3)</drawSize>
		</graphicData>
		<uiIconPath>Things/Building/SCSecurity/SentryGunIco</uiIconPath>
		<altitudeLayer>Waist</altitudeLayer>
		<statBases>
			<MaxHitPoints>550</MaxHitPoints>
			<Flammability>1.0</Flammability>
			<WorkToMake>6875</WorkToMake>
			<Beauty>-60</Beauty>
		</statBases>
		<tickerType>Normal</tickerType>
		<comps>
			<li>
				<compClass>CompExplosive</compClass>
				<explosiveRadius>3.9</explosiveRadius>
				<explosiveDamageType>Bomb</explosiveDamageType>
			</li>
			<li>
				<compClass>CompForbiddable</compClass>
			</li>
			<li>
				<compClass>CompPowerTrader</compClass>
				<basePowerConsumption>350</basePowerConsumption>
			</li>
		</comps>
		<description>A simple auto-turret that can fire at nearby enemies. Explodes when damaged.
Range:	 35
Damage:   7
Burst:	  3</description>
		<size>(1,1)</size>
		<passability>Impassable</passability>
		<castEdgeShadows>true</castEdgeShadows>
		<fillPercent>0.4</fillPercent>
		<hasTooltip>true</hasTooltip>
		<costList>
			<Steel>250</Steel>
			<Electronics>50</Electronics>
		</costList>
		<combatTargetBuilding>true</combatTargetBuilding>
		<terrainAffordanceNeeded>Light</terrainAffordanceNeeded>
		<designationCategory>Security</designationCategory>
		<specialDisplayRadius>34.9</specialDisplayRadius>
		<building>
			<ai_combatDangerous>true</ai_combatDangerous>
			<turretGunDef>Gun_TurretImprovised</turretGunDef>
			<turretBurstCooldownTicks>400</turretBurstCooldownTicks>
			<turretTopgraphicPath>Things/Building/SCSecurity/SentryGun_Top</turretTopgraphicPath>
		</building>
		<researchPrerequisite>GunTurretCooling</researchPrerequisite>
	</ThingDef>
	
	
	<ThingDef ParentName="BuildingBase">
		<defName>TurretGunGatling</defName>
		<label>gatling sentry turret</label>
		<thingClass>Building_TurretGun</thingClass>
		<graphicData>
			<texPath>Things/Building/SCSecurity/SentryGun_bottom</texPath>
			<graphicClass>Graphic_Single</graphicClass>
			<drawSize>(3,3)</drawSize>
		</graphicData>
		<uiIconPath>Things/Building/SCSecurity/SentryGunGatlingIco</uiIconPath>
		<altitudeLayer>Waist</altitudeLayer>
		<statBases>
			<MaxHitPoints>550</MaxHitPoints>
			<Flammability>1.0</Flammability>
			<WorkToMake>6875</WorkToMake>
			<Beauty>-60</Beauty>
		</statBases>
		<tickerType>Normal</tickerType>
		<comps>
			<li>
				<compClass>CompExplosive</compClass>
				<explosiveRadius>3.9</explosiveRadius>
				<explosiveDamageType>Bomb</explosiveDamageType>
			</li>
			<li>
				<compClass>CompForbiddable</compClass>
			</li>
			<li>
				<compClass>CompPowerTrader</compClass>
				<basePowerConsumption>350</basePowerConsumption>
			</li>
		</comps>
		<description>A gatling sentry turret that can be manned to fire at nearby enemies. Explodes when damaged.
Range:	 32
Damage:   8
Burst:	 30</description>
		<size>(1,1)</size>
		<passability>Impassable</passability>
		<castEdgeShadows>true</castEdgeShadows>
		<fillPercent>0.4</fillPercent>
		<hasTooltip>true</hasTooltip>
		<costList>
			<Steel>250</Steel>
			<Electronics>50</Electronics>
		</costList>
		<combatTargetBuilding>true</combatTargetBuilding>
		<terrainAffordanceNeeded>Light</terrainAffordanceNeeded>
		<designationCategory>Security</designationCategory>
		<specialDisplayRadius>31.9</specialDisplayRadius>
		<building>
			<ai_combatDangerous>true</ai_combatDangerous>
			<turretGunDef>Gun_TurretGatling</turretGunDef>
			<turretBurstCooldownTicks>300</turretBurstCooldownTicks>
			<turretTopgraphicPath>Things/Building/SCSecurity/SentryGunGatling_Top</turretTopgraphicPath>
		</building>
		<researchPrerequisite>SpecializedAITurrets</researchPrerequisite>
	</ThingDef>
	
	
	<ThingDef ParentName="BuildingBase">
		<defName>TurretGunShotgun</defName>
		<label>shotgun sentry turret</label>
		<thingClass>Building_TurretGun</thingClass>
		<graphicData>
			<texPath>Things/Building/SCSecurity/SentryGun_bottom</texPath>
			<graphicClass>Graphic_Single</graphicClass>
			<drawSize>(3,3)</drawSize>
		</graphicData>
		<uiIconPath>Things/Building/SCSecurity/SentryGunShotgunIco</uiIconPath>
		<altitudeLayer>Waist</altitudeLayer>
		<statBases>
			<MaxHitPoints>550</MaxHitPoints>
			<Flammability>1.0</Flammability>
			<WorkToMake>6875</WorkToMake>
			<Beauty>-60</Beauty>
		</statBases>
		<tickerType>Normal</tickerType>
		<comps>
			<li>
				<compClass>CompExplosive</compClass>
				<explosiveRadius>3.9</explosiveRadius>
				<explosiveDamageType>Bomb</explosiveDamageType>
			</li>
			<li>
				<compClass>CompForbiddable</compClass>
			</li>
			<li>
				<compClass>CompPowerTrader</compClass>
				<basePowerConsumption>350</basePowerConsumption>
			</li>
		</comps>
		<description>A shotgun turret that can be manned to fire at nearby enemies. Explodes when damaged.
Range:	 16
Damage:  20
Burst:	  1</description>
		<size>(1,1)</size>
		<passability>Impassable</passability>
		<castEdgeShadows>true</castEdgeShadows>
		<fillPercent>0.4</fillPercent>
		<hasTooltip>true</hasTooltip>
		<costList>
			<Steel>250</Steel>
			<Electronics>50</Electronics>
		</costList>
		<combatTargetBuilding>true</combatTargetBuilding>
		<terrainAffordanceNeeded>Light</terrainAffordanceNeeded>
		<designationCategory>Security</designationCategory>
		<specialDisplayRadius>15.9</specialDisplayRadius>
		<building>
			<ai_combatDangerous>true</ai_combatDangerous>
			<turretGunDef>Gun_TurretShotgun</turretGunDef>
			<turretBurstCooldownTicks>240</turretBurstCooldownTicks>
			<turretTopgraphicPath>Things/Building/SCSecurity/SentryGunShotgun_Top</turretTopgraphicPath>
		</building>
		<researchPrerequisite>SpecializedAITurrets</researchPrerequisite>
	</ThingDef>
	
	
	<ThingDef ParentName="BuildingBase">
		<defName>TurretGunSniper</defName>
		<label>sniper sentry turret</label>
		<thingClass>Building_TurretGun</thingClass>
		<graphicData>
			<texPath>Things/Building/SCSecurity/SentryGun_bottom</texPath>
			<graphicClass>Graphic_Single</graphicClass>
			<drawSize>(3,3)</drawSize>
		</graphicData>
		<uiIconPath>Things/Building/SCSecurity/SentryGunSniperIco</uiIconPath>
		<altitudeLayer>Waist</altitudeLayer>
		<statBases>
			<MaxHitPoints>550</MaxHitPoints>
			<Flammability>1.0</Flammability>
			<WorkToMake>6875</WorkToMake>
			<Beauty>-60</Beauty>
		</statBases>
		<tickerType>Normal</tickerType>
		<comps>
			<li>
				<compClass>CompExplosive</compClass>
				<explosiveRadius>3.9</explosiveRadius>
				<explosiveDamageType>Bomb</explosiveDamageType>
			</li>
			<li>
				<compClass>CompForbiddable</compClass>
			</li>
			<li>
				<compClass>CompPowerTrader</compClass>
				<basePowerConsumption>350</basePowerConsumption>
			</li>
		</comps>
		<description>A sniper turret that can be manned to fire at nearby enemies. Explodes when damaged.
Range:	 45
Damage:  40
Burst:	  1</description>
		<size>(1,1)</size>
		<passability>Impassable</passability>
		<castEdgeShadows>true</castEdgeShadows>
		<fillPercent>0.4</fillPercent>
		<hasTooltip>true</hasTooltip>
		<costList>
			<Steel>250</Steel>
			<Electronics>50</Electronics>
		</costList>
		<combatTargetBuilding>true</combatTargetBuilding>
		<terrainAffordanceNeeded>Light</terrainAffordanceNeeded>
		<designationCategory>Security</designationCategory>
		<specialDisplayRadius>44.9</specialDisplayRadius>
		<building>
			<ai_combatDangerous>true</ai_combatDangerous>
			<turretGunDef>Gun_TurretSniper</turretGunDef>
			<turretBurstWarmupTicks>240</turretBurstWarmupTicks>
			<turretBurstCooldownTicks>240</turretBurstCooldownTicks>
			<turretTopgraphicPath>Things/Building/SCSecurity/SentryGunSniper_Top</turretTopgraphicPath>
		</building>
		<researchPrerequisite>SpecializedAITurrets</researchPrerequisite>
	</ThingDef>


	<!--=============== Mortar turret ===============-->
  
  
	<ThingDef ParentName="BuildingBase">
		<defName>Turret_MortarIncendiary</defName>
		<label>incendiary mortar</label>
		<thingClass>Building_TurretGun</thingClass>
		<graphicData>
			<texPath>Things/Building/Security/TurretMortarBase</texPath>
			<graphicClass>Graphic_Single</graphicClass>
			<drawSize>(4,4)</drawSize>
		</graphicData>
		<altitudeLayer>Waist</altitudeLayer>
		<hasInteractionCell>True</hasInteractionCell>
		<interactionCellOffset>(0,0,-1)</interactionCellOffset>
		<statBases>
			<MaxHitPoints>500</MaxHitPoints>
			<Flammability>1.0</Flammability>
			<WorkToMake>6250</WorkToMake>
			<Beauty>-60</Beauty>
		</statBases>
		<tickerType>Normal</tickerType>
		<comps>
			<li>
				<compClass>CompExplosive</compClass>
				<explosiveRadius>4.9</explosiveRadius>
				<explosiveDamageType>Flame</explosiveDamageType>
			</li>
			<li>
				<compClass>CompForbiddable</compClass>
			</li>
			<li>
				<compClass>CompMannable</compClass>
			</li>
		</comps>
		<description>A mortar that launches incendiary shells. Must be manned. Explodes when damaged.</description>
		<size>(2,2)</size>
		<passability>Impassable</passability>
		<castEdgeShadows>true</castEdgeShadows>
		<fillPercent>0.4</fillPercent>
		<stuffCategories>
			<li>Metallic</li>
		</stuffCategories>
		<costStuffCount>100</costStuffCount>
		<costList>
			<Steel>150</Steel>
		</costList>
		<combatTargetBuilding>true</combatTargetBuilding>
		<terrainAffordanceNeeded>Light</terrainAffordanceNeeded>
		<designationCategory>Security</designationCategory>
		<building>
			<turretGunDef>Artillery_MortarIncendiary</turretGunDef>
			<turretShellDef>ArtilleryShell</turretShellDef>
			<turretBurstWarmupTicks>300</turretBurstWarmupTicks>
			<turretBurstCooldownTicks>3000</turretBurstCooldownTicks>
			<turretTopgraphicPath>Things/Building/Security/TurretMortarIncendiary_Top</turretTopgraphicPath>
			<buildingTags>
				<li>Artillery</li>
				<li>Artillery_BaseDestroyer</li>
			</buildingTags>
		</building>
		<placeWorkers>
			<li>PlaceWorker_NotUnderRoof</li>
		</placeWorkers>
		<researchPrerequisite>Mortars</researchPrerequisite>
	</ThingDef>


	<ThingDef ParentName="BuildingBase">
		<defName>Turret_MortarBomb</defName>
		<label>mortar</label>
		<thingClass>Building_TurretGun</thingClass>
		<graphicData>
			<texPath>Things/Building/Security/TurretMortarBase</texPath>
			<graphicClass>Graphic_Single</graphicClass>
			<drawSize>(4,4)</drawSize>
		</graphicData>
		<altitudeLayer>Waist</altitudeLayer>
		<hasInteractionCell>True</hasInteractionCell>
		<interactionCellOffset>(0,0,-1)</interactionCellOffset>
		<statBases>
			<MaxHitPoints>500</MaxHitPoints>
			<Flammability>1.0</Flammability>
			<WorkToMake>6250</WorkToMake>
			<Beauty>-60</Beauty>
		</statBases>
		<tickerType>Normal</tickerType>
		<comps>
			<li>
				<compClass>CompExplosive</compClass>
				<explosiveRadius>4.9</explosiveRadius>
				<explosiveDamageType>Bomb</explosiveDamageType>
			</li>
			<li>
				<compClass>CompForbiddable</compClass>
			</li>
			<li>
				<compClass>CompMannable</compClass>
			</li>
		</comps>
		<description>A mortar that launches explosive shells. Must be manned. Explodes when damaged.</description>
		<size>(2,2)</size>
		<passability>Impassable</passability>
		<castEdgeShadows>true</castEdgeShadows>
		<fillPercent>0.4</fillPercent>
		<stuffCategories>
			<li>Metallic</li>
		</stuffCategories>
		<costStuffCount>100</costStuffCount>
		<costList>
			<Steel>150</Steel>
		</costList>
		<combatTargetBuilding>true</combatTargetBuilding>
		<terrainAffordanceNeeded>Light</terrainAffordanceNeeded>
		<designationCategory>Security</designationCategory>
		<building>
			<turretGunDef>Artillery_MortarBomb</turretGunDef>
			<turretShellDef>ArtilleryShell</turretShellDef>
			<turretBurstWarmupTicks>300</turretBurstWarmupTicks>
			<turretBurstCooldownTicks>3000</turretBurstCooldownTicks>
			<turretTopgraphicPath>Things/Building/Security/TurretMortarBomb_Top</turretTopgraphicPath>
			<buildingTags>
				<li>Artillery</li>
				<li>Artillery_BaseDestroyer</li>
			</buildingTags>
		</building>
		<placeWorkers>
			<li>PlaceWorker_NotUnderRoof</li>
		</placeWorkers>
		<researchPrerequisite>Mortars</researchPrerequisite>
	</ThingDef>


	<ThingDef ParentName="BuildingBase">
		<defName>Turret_MortarEMP</defName>
		<label>EMP mortar</label>
		<thingClass>Building_TurretGun</thingClass>
		<graphicData>
			<texPath>Things/Building/Security/TurretMortarBase</texPath>
			<graphicClass>Graphic_Single</graphicClass>
			<drawSize>(4,4)</drawSize>
		</graphicData>
		<altitudeLayer>Waist</altitudeLayer>
		<hasInteractionCell>True</hasInteractionCell>
		<interactionCellOffset>(0,0,-1)</interactionCellOffset>
		<statBases>
			<MaxHitPoints>500</MaxHitPoints>
			<Flammability>1.0</Flammability>
			<WorkToMake>6250</WorkToMake>
			<Beauty>-60</Beauty>
		</statBases>
		<tickerType>Normal</tickerType>
		<comps>
			<li>
				<compClass>CompExplosive</compClass>
				<explosiveRadius>4.9</explosiveRadius>
				<explosiveDamageType>EMP</explosiveDamageType>
			</li>
			<li>
				<compClass>CompForbiddable</compClass>
			</li>
			<li>
				<compClass>CompMannable</compClass>
			</li>
		</comps>
		<description>A mortar that launches EMP bombs. Must be manned. Explodes when damaged.</description>
		<size>(2,2)</size>
		<passability>Impassable</passability>
		<castEdgeShadows>true</castEdgeShadows>
		<fillPercent>0.4</fillPercent>
		<stuffCategories>
			<li>Metallic</li>
		</stuffCategories>
		<costStuffCount>100</costStuffCount>
		<costList>
			<Steel>150</Steel>
		</costList>
		<combatTargetBuilding>true</combatTargetBuilding>
		<terrainAffordanceNeeded>Light</terrainAffordanceNeeded>
		<designationCategory>Security</designationCategory>
		<building>
			<turretGunDef>Artillery_MortarEMP</turretGunDef>
			<turretShellDef>ArtilleryShell</turretShellDef>
			<turretBurstWarmupTicks>300</turretBurstWarmupTicks>
			<turretBurstCooldownTicks>3000</turretBurstCooldownTicks>
			<turretTopgraphicPath>Things/Building/Security/TurretMortarEMP_Top</turretTopgraphicPath>
			<buildingTags>
				<li>Artillery</li>
			</buildingTags>
		</building>
		<placeWorkers>
			<li>PlaceWorker_NotUnderRoof</li>
		</placeWorkers>
		<researchPrerequisite>Mortars</researchPrerequisite>
	</ThingDef>
	
	
	
	<!--==================== Traps ======================== -->
  

	<ThingDef ParentName="BuildingBase">
		<defName>TrapDeadfall</defName>
		<label>deadfall trap</label>
		<thingClass>Building_TrapRearmable</thingClass>
		<graphicData>
			<texPath>Things/Building/Security/DeadfallArmed</texPath>
			<graphicClass>Graphic_Single</graphicClass>
		</graphicData>
		<altitudeLayer>Waist</altitudeLayer>
		<drawerType>RealtimeOnly</drawerType>
		<rotatable>false</rotatable>
		<tickerType>Normal</tickerType>
		<statBases>
			<MaxHitPoints>40</MaxHitPoints>
			<WorkToMake>3000</WorkToMake>
			<Beauty>-4</Beauty>
			<TrapMeleeDamage>30</TrapMeleeDamage>
			<TrapSpringChance>0.8</TrapSpringChance>
		</statBases>
		<description>A suspended spiked weight held up by a delicate trigger. When the victim disturbs the trigger, the weight is released and falls on his head or torso.</description>
		<stuffCategories>
			<li>Metallic</li>
			<li>Woody</li>
			<li>Stony</li>
		</stuffCategories>
		<costStuffCount>50</costStuffCount>
		<designationCategory>Security</designationCategory>
		<designationHotKey>L</designationHotKey>
		<building>
			<isTrap>true</isTrap>
			<trapDamageCategory>Sharp</trapDamageCategory>
			<trapUnarmedGraphicData>
				<texPath>Things/Building/Security/DeadfallUnarmed</texPath>
				<graphicClass>Graphic_Single</graphicClass>
				<shaderType>Cutout</shaderType>
			</trapUnarmedGraphicData>
		</building>
	</ThingDef>
  

	<ThingDef ParentName="BuildingBase">
		<defName>TrapIEDBomb</defName>
		<label>IED trap</label>
		<thingClass>Building_TrapExplosive</thingClass>
		<graphicData>
			<texPath>Things/Building/Security/IEDBomb</texPath>
			<graphicClass>Graphic_Single</graphicClass>
		</graphicData>
		<altitudeLayer>Waist</altitudeLayer>
		<drawerType>RealtimeOnly</drawerType>
		<rotatable>false</rotatable>
		<tickerType>Normal</tickerType>
		<statBases>
			<MaxHitPoints>40</MaxHitPoints>
			<WorkToMake>5000</WorkToMake>
			<Beauty>-4</Beauty>
			<TrapSpringChance>0.8</TrapSpringChance>
		</statBases>
		<description>An artillery shell connected to a homemade trigger. When someone disturbs the trigger, the shell explodes. The improvised trigger has a random delay that might allow an nimble enemy to escape.</description>
		<costList>
			<ArtilleryShell>1</ArtilleryShell>
			<Steel>50</Steel>
		</costList>
		<designationCategory>Security</designationCategory>
		<designationHotKey>M</designationHotKey>
		<building>
			<isTrap>true</isTrap>
		</building>
		<comps>
			<li>
				<compClass>CompExplosive</compClass>
				<explosiveRadius>2.9</explosiveRadius>
				<explosiveDamageType>Bomb</explosiveDamageType>
				<startWickHitPointsPercent>0.2</startWickHitPointsPercent>
				<wickTicks>
					<min>20</min>
					<max>90</max>
				</wickTicks>
			</li>
		</comps>
		<researchPrerequisite>IEDBomb</researchPrerequisite>
	</ThingDef>
  

	<ThingDef ParentName="BuildingBase">
		<defName>TrapIEDIncendiary</defName>
		<label>IED incendiary trap</label>
		<thingClass>Building_TrapExplosive</thingClass>
		<graphicData>
			<texPath>Things/Building/Security/IEDIncendiary</texPath>
			<graphicClass>Graphic_Single</graphicClass>
		</graphicData>
		<altitudeLayer>Waist</altitudeLayer>
		<drawerType>RealtimeOnly</drawerType>
		<rotatable>false</rotatable>
		<tickerType>Normal</tickerType>
		<statBases>
			<MaxHitPoints>40</MaxHitPoints>
			<WorkToMake>5000</WorkToMake>
			<Beauty>-4</Beauty>
			<TrapSpringChance>0.8</TrapSpringChance>
		</statBases>
		<description>Explosives mixed into an incendiary paste with a chemical trigger for dispersal. When someone disturbs the chemical trigger, it ignites burning fuel sprays. Since it doesn't need to detonate high exposives, the chemical trigger is simpler and more reliable than some others.</description>
		<costList>
			<ArtilleryShell>1</ArtilleryShell>
			<Steel>50</Steel>
		</costList>
		<designationCategory>Security</designationCategory>
		<designationHotKey>N</designationHotKey>
		<building>
			<isTrap>true</isTrap>
		</building>
		<comps>
			<li>
				<compClass>CompExplosive</compClass>
				<explosiveRadius>2.9</explosiveRadius>
				<explosiveDamageType>Flame</explosiveDamageType>
				<startWickHitPointsPercent>0.2</startWickHitPointsPercent>
				<wickTicks>
					<min>10</min>
					<max>70</max>
				</wickTicks>
			</li>
		</comps>
		<researchPrerequisite>IEDIncendiary</researchPrerequisite>
	</ThingDef>


	<ThingDef Class="Enhanced_Development.Shields.ShieldBuildingThingDef" ParentName="BuildingBase" Name="ShieldBase" Abstract="True">
		<category>Building</category>
		<thingClass>Enhanced_Development.Shields.Building_Shield</thingClass>
		<altitudeLayer>BuildingTall</altitudeLayer>
		<leaveResourcesWhenKilled>true</leaveResourcesWhenKilled>
		<blockLight>true</blockLight>
		<drawerType>MapMeshAndRealTime</drawerType>
		<staticSunShadowHeight>1.0</staticSunShadowHeight>
		<fillPercent>1</fillPercent>
		<size>(1,1)</size>
		<rotatable>false</rotatable>
		<terrainAffordanceNeeded>Light</terrainAffordanceNeeded>
		<designationCategory>Security</designationCategory>
		<holdsRoof>false</holdsRoof>
		<specialDisplayRadius>8</specialDisplayRadius>
		<statBases>
			<MaxHitPoints>500</MaxHitPoints>
			<WorkToMake>2000</WorkToMake>
			<Flammability>1.0</Flammability>
			<Beauty>-2</Beauty>
		</statBases>
		<costList>
			<Steel>100</Steel>
			<Electronics>250</Electronics>
		</costList>
		<passability>Impassable</passability>
		<combatTargetBuilding>true</combatTargetBuilding>
		<selectable>true</selectable>
		<tickerType>Normal</tickerType>
	</ThingDef>

	<ThingDef Class="Enhanced_Development.Shields.ShieldBuildingThingDef" ParentName="ShieldBase">
		<defName>Building_ShieldStandard</defName>
		<label>Standard Shield</label>
		<description>Creates shield field to protect important infrastructure.</description>
		<researchPrerequisite>SecurityIV</researchPrerequisite>
		<graphicData>
			<texPath>Things/ShieldBuilding_Blue</texPath>
			<graphicClass>Graphic_Single</graphicClass>
			<drawSize>(1,1)</drawSize>
		</graphicData>
		<uiIconPath>Things/ShieldBuilding_Blue</uiIconPath>
		<comps>
			<li>
				<compClass>CompPowerTrader</compClass>
				<basePowerConsumption>1000</basePowerConsumption>
			</li>
		</comps>

		<shieldMaxShieldStrength>4000</shieldMaxShieldStrength>
		<shieldInitialShieldStrength>100</shieldInitialShieldStrength>
		<shieldShieldRadius>8</shieldShieldRadius>

		<shieldPowerRequiredCharging>-1500</shieldPowerRequiredCharging>
		<shieldPowerRequiredSustaining>-1000</shieldPowerRequiredSustaining>

		<shieldBlockIndirect>true</shieldBlockIndirect>
		<shieldBlockDirect>true</shieldBlockDirect>
		<shieldFireSupression>true</shieldFireSupression>
		<shieldInterceptDropPod>false</shieldInterceptDropPod>

		<shieldStructuralIntegrityMode>false</shieldStructuralIntegrityMode>

		<shieldRechargeTickDelay>15</shieldRechargeTickDelay>
		<shieldRecoverWarmup>900</shieldRecoverWarmup>

		<colourRed>0.0</colourRed>
		<colourGreen>0.3764705882352941</colourGreen>
		<colourBlue>0.7294117647058823</colourBlue>
	</ThingDef>

	<ThingDef Class="Enhanced_Development.Shields.ShieldBuildingThingDef" ParentName="ShieldBase">
		<defName>Building_ShieldSmall</defName>
		<label>Small shield</label>
		<description>Creates a smaller shield that allows people to stand on it.</description>
		<researchPrerequisite>SecurityIV</researchPrerequisite>
		<graphicData>
			<texPath>Things/ShieldBuilding_Small_Blue</texPath>
			<graphicClass>Graphic_Single</graphicClass>
			<drawSize>(1,1)</drawSize>
		</graphicData>
		<uiIconPath>Things/ShieldBuilding_Small_Blue</uiIconPath>
		<passability>Standable</passability>
		<costList>
			<Steel>100</Steel>
			<Electronics>175</Electronics>
		</costList>
		<comps>
			<li>
				<compClass>CompPowerTrader</compClass>
				<basePowerConsumption>1000</basePowerConsumption>
			</li>
		</comps>
		<specialDisplayRadius>2</specialDisplayRadius>

		<shieldMaxShieldStrength>2000</shieldMaxShieldStrength>
		<shieldInitialShieldStrength>100</shieldInitialShieldStrength>
		<shieldShieldRadius>2</shieldShieldRadius>

		<shieldPowerRequiredCharging>-1000</shieldPowerRequiredCharging>
		<shieldPowerRequiredSustaining>-500</shieldPowerRequiredSustaining>

		<shieldBlockIndirect>true</shieldBlockIndirect>
		<shieldBlockDirect>true</shieldBlockDirect>
		<shieldFireSupression>true</shieldFireSupression>
		<shieldInterceptDropPod>false</shieldInterceptDropPod>

		<shieldStructuralIntegrityMode>false</shieldStructuralIntegrityMode>

		<shieldRechargeTickDelay>15</shieldRechargeTickDelay>
		<shieldRecoverWarmup>900</shieldRecoverWarmup>

		<colourRed>0.0</colourRed>
		<colourGreen>0.3764705882352941</colourGreen>
		<colourBlue>0.7294117647058823</colourBlue>
	</ThingDef>

	<ThingDef Class="Enhanced_Development.Shields.ShieldBuildingThingDef" ParentName="ShieldBase">
		<defName>Building_Shield_Fortress</defName>
		<label>Fortress shield</label>
		<description>By refocusing the primary coil system into a vertical configuration the shields range can be extended, while lacking the flexability of the Fire Supression mode it does cover a large area and gain the ability to disrupt the avionic systems of DropPods, caulsing failure of their decent rockets and therefore a terminal velocity impact.</description>
		<researchPrerequisite>SecurityIV</researchPrerequisite>
		<graphicData>
			<texPath>Things/ShieldBuilding_Green</texPath>
			<graphicClass>Graphic_Single</graphicClass>
			<drawSize>(2,2)</drawSize>
		</graphicData>
		<uiIconPath>Things/ShieldBuilding_Green</uiIconPath>
		<comps>
			<li>
				<compClass>CompPowerTrader</compClass>
				<basePowerConsumption>1000</basePowerConsumption>
			</li>
		</comps>
		<costList>
			<Steel>200</Steel>
			<Electronics>250</Electronics>
		</costList>

		<size>(2,2)</size>
		<specialDisplayRadius>20</specialDisplayRadius>

		<shieldMaxShieldStrength>16000</shieldMaxShieldStrength>
		<shieldInitialShieldStrength>100</shieldInitialShieldStrength>
		<shieldShieldRadius>20</shieldShieldRadius>

		<shieldPowerRequiredCharging>-5000</shieldPowerRequiredCharging>
		<shieldPowerRequiredSustaining>-2500</shieldPowerRequiredSustaining>

		<shieldBlockIndirect>true</shieldBlockIndirect>
		<shieldBlockDirect>true</shieldBlockDirect>
		<shieldFireSupression>false</shieldFireSupression>
		<shieldInterceptDropPod>true</shieldInterceptDropPod>

		<shieldStructuralIntegrityMode>false</shieldStructuralIntegrityMode>

		<shieldRechargeTickDelay>15</shieldRechargeTickDelay>
		<shieldRecoverWarmup>900</shieldRecoverWarmup>

		<colourRed>0.0</colourRed>
		<colourGreen>1.0</colourGreen>
		<colourBlue>0.5</colourBlue>
	</ThingDef>

	<ThingDef Class="Enhanced_Development.Shields.ShieldBuildingThingDef" ParentName="ShieldBase">
		<defName>Building_ShieldSIF</defName>
		<label>SIF shield</label>
		<description>Rather than creating a large circular shield this generator will create an small individual shield over each wall/door object.</description>
		<researchPrerequisite>SecurityIV</researchPrerequisite>
		<graphicData>
			<texPath>Things/ShieldBuilding_Yellow</texPath>
			<graphicClass>Graphic_Single</graphicClass>
		</graphicData>
		<uiIconPath>Things/ShieldBuilding_Yellow</uiIconPath>
		<comps>
			<li>
				<compClass>CompPowerTrader</compClass>
				<basePowerConsumption>1000</basePowerConsumption>
			</li>
		</comps>	
		<shieldMaxShieldStrength>6000</shieldMaxShieldStrength>
		<shieldInitialShieldStrength>100</shieldInitialShieldStrength>
		<shieldShieldRadius>8</shieldShieldRadius>

		<shieldPowerRequiredCharging>-2500</shieldPowerRequiredCharging>
		<shieldPowerRequiredSustaining>-1500</shieldPowerRequiredSustaining>

		<shieldBlockIndirect>false</shieldBlockIndirect>
		<shieldBlockDirect>true</shieldBlockDirect>
		<shieldFireSupression>true</shieldFireSupression>
		<shieldInterceptDropPod>false</shieldInterceptDropPod>

		<shieldStructuralIntegrityMode>true</shieldStructuralIntegrityMode>

		<shieldRechargeTickDelay>15</shieldRechargeTickDelay>
		<shieldRecoverWarmup>900</shieldRecoverWarmup>

		<colourRed>0.0</colourRed>
		<colourGreen>0.3764705882352941</colourGreen>
		<colourBlue>0.7294117647058823</colourBlue>

		<SIFBuildings>
			<li>Sandbags</li>
			<li>Wall</li>
			<li>Door</li>
			<li>Autodoor</li>
			<li>Embrasure</li>
		</SIFBuildings>
	</ThingDef>

  

</ThingDefs>