<?xml version="1.0" encoding="utf-8" ?>
<Buildings>

  <ThingDef>
    <defName>Building_RTMakeshiftFuse</defName>
    <label>makeshift fuse</label>
    <description>A single fuse. Can take a lot of abuse, but will melt if overused.</description>
    <designationCategory>Power</designationCategory>

    <category>Building</category>
    <thingClass>Building</thingClass>
    <minifiedDef>MinifiedFurniture</minifiedDef>

    <graphicData>
      <texPath>RT_Buildings/RTMakeshiftFuse</texPath>
      <graphicClass>Graphic_Single</graphicClass>
    </graphicData>
    <drawerType>MapMeshAndRealTime</drawerType>
    <repairEffect>Repair</repairEffect>
    <constructEffect>ConstructMetal</constructEffect>
    <soundImpactDefault>BulletImpactMetal</soundImpactDefault>
    <filthLeaving>BuildingRubble</filthLeaving>

    <researchPrerequisite>RTFusebox_BasicFuses</researchPrerequisite>
    <leaveResourcesWhenKilled>True</leaveResourcesWhenKilled>
    <terrainAffordanceNeeded>Light</terrainAffordanceNeeded>
    <altitudeLayer>Waist</altitudeLayer>
    <passability>PassThroughOnly</passability>
    <building>
      <ignoreNeedsPower>True</ignoreNeedsPower>
    </building>
    <selectable>True</selectable>
    <rotatable>False</rotatable>
    <fillPercent>0.3</fillPercent>
    <pathCost>30</pathCost>
    <statBases>
      <MaxHitPoints>100</MaxHitPoints>
      <WorkToMake>500</WorkToMake>
      <Flammability>1.0</Flammability>
      <Beauty>-10</Beauty>
    </statBases>
    <costList>
      <Steel>25</Steel>
    </costList>

    <comps>
      <li>
        <compClass>CompPowerTransmitter</compClass>
        <transmitsPower>True</transmitsPower>
      </li>
      <li Class="RTFusebox.CompProperties_RTFusebox">
        <compClass>RTFusebox.CompRTSurgeProtector</compClass>
        <surgeMitigation>2500</surgeMitigation>
        <reserveHealthPercent>0.0</reserveHealthPercent>
      </li>
    </comps>
  </ThingDef>

</Buildings>