<?xml version="1.0" encoding="utf-8" ?>
<ThingDefs>



	<ThingDef Name="BuildingBase" Abstract="True">
		<category>Building</category>
		<soundImpactDefault>BulletImpactMetal</soundImpactDefault>
		<selectable>true</selectable>
		<drawerType>MapMeshAndRealTime</drawerType>
		<terrainAffordanceNeeded>Light</terrainAffordanceNeeded>
		<repairEffect>Repair</repairEffect>
		<leaveResourcesWhenKilled>true</leaveResourcesWhenKilled>
		<designationCategory>Production</designationCategory>
		<comps>
      <li>
        <compClass>CompAffectedByFacilities</compClass>
        <linkableFacilities>
          <li>ToolCabinet</li>
        </linkableFacilities>
      </li>
</comps>

		<filthLeaving>BuildingRubble</filthLeaving>
	</ThingDef>
	
	<!--=============== Basic Work tables (No research required) ====================-->
	
	
	<ThingDef ParentName="BuildingBase">
		<defName>TableSawmillHand</defName>
		<label>hand sawmill</label>
		<ThingClass>Building_WorkTable</ThingClass>
		<Description>A small muscle-powered hand saw for cutting logs into kindling.</Description>
		<graphicData>
		<texPath>Things/Building/SCProduction/TableHandsaw3x1</texPath>
		<graphicClass>Graphic_Single</graphicClass>
		<drawSize>(3,1)</drawSize>
		</graphicData>
		<constructEffect>ConstructWood</constructEffect>
			<CostList>
				<WoodLog>50</WoodLog>
				<Steel>10</Steel>
			</CostList>
		<AltitudeLayer>Waist</AltitudeLayer>
		<fillPercent>0.5</fillPercent>
		<useHitPoints>True</useHitPoints>
		<statBases>
			<WorkToMake>1500</WorkToMake>
			<MaxHitPoints>120</MaxHitPoints>
			<Flammability>1.0</Flammability>
		</statBases>
		<Size>(3,1)</Size>
		<Passability>PassThroughOnly</Passability>
		<pathCost>60</pathCost>
		<hasInteractionCell>True</hasInteractionCell>
		<interactionCellOffset>(0,0,-1)</interactionCellOffset>
		<surfaceType>Item</surfaceType>
		<recipes>
			<!--<li>MakeWoodPlanks_Hand</li>-->
    		  <li>MakeKindling_Hand</li>

		</recipes>
		<inspectorTabs>
			<li>ITab_Bills</li>
		</inspectorTabs>
		<designationCategory>Production</designationCategory>

		<building>
			<spawnedConceptLearnOpportunity>BillsTab</spawnedConceptLearnOpportunity>
		</building>
	</ThingDef>

	
	<ThingDef ParentName="BuildingBase">
		<DefName>TableStonecutter</DefName>
		<label>craftsman's table</label>
		<ThingClass>Building_WorkTable_HeatPush</ThingClass>
		<Description>A work table equipped to cut rough stone into usable blocks and grind stone to sand.</Description>
		<graphicData>
		<texPath>Things/Building/SCProduction/TableWorkbench3x1</texPath>
		<graphicClass>Graphic_Single</graphicClass>
		<drawSize>(3,1)</drawSize>
		</graphicData>
		<constructEffect>ConstructMetal</constructEffect>
		<CostList>
			<WoodLog>30</WoodLog>
			<Steel>30</Steel>
		</CostList>
		<AltitudeLayer>Waist</AltitudeLayer>
		<fillPercent>0.5</fillPercent>
		<useHitPoints>True</useHitPoints>
		<statBases>
			<WorkToMake>1500</WorkToMake>
			<MaxHitPoints>120</MaxHitPoints>
			<Flammability>1.0</Flammability>
		</statBases>
		<Size>(3,1)</Size>
		<Passability>PassThroughOnly</Passability>
		<pathCost>60</pathCost>
		<hasInteractionCell>True</hasInteractionCell>
		<interactionCellOffset>(0,0,-1)</interactionCellOffset>
		<surfaceType>Item</surfaceType>
		<recipes>
			<li>MakeStoneBlocks</li>
			<li>MakeSand_Hand</li>
		</recipes>
		<designationCategory>Production</designationCategory>
		<researchPrerequisite>Stonecutting</researchPrerequisite>

		<inspectorTabs>
			<li>ITab_Bills</li>
		</inspectorTabs>
		<building>
			<spawnedConceptLearnOpportunity>BillsTab</spawnedConceptLearnOpportunity>
		</building>
	</ThingDef>
	
	
	<!--<ThingDef ParentName="BuildingBase">
		<defName>TableFurnace</defName>
		<label>smelting furnace</label>
		<ThingClass>Building_WorkTable</ThingClass>
		<Description>A wood-fired furnace used for smelting steel into steel bars.</Description>
		<graphicData>
		<texPath>Things/Building/SCProduction/TableFurnace3x1</texPath>
		<graphicClass>Graphic_Single</graphicClass>
		<shaderType>CutoutComplex</shaderType>
		<drawSize>(3,1)</drawSize>
		</graphicData>
		<CostList>
			<WoodLog>10</WoodLog>
		</CostList>
		<stuffCategories>
			<li>Stony</li>
		</stuffCategories>
		<costStuffCount>50</costStuffCount>
		<AltitudeLayer>Waist</AltitudeLayer>
		<fillPercent>0.5</fillPercent>
		<useHitPoints>True</useHitPoints>
		<statBases>
			<WorkToMake>1500</WorkToMake>
			<MaxHitPoints>120</MaxHitPoints>
			<Flammability>1.0</Flammability>
		</statBases>
		<Size>(3,1)</Size>
		<Passability>PassThroughOnly</Passability>
		<pathCost>60</pathCost>
		<hasInteractionCell>True</hasInteractionCell>
		<interactionCellOffset>(0,0,-1)</interactionCellOffset>
		<surfaceType>Item</surfaceType>
		<recipes>
			<li>MakeSteelBars_Hand</li>
		</recipes>
		<inspectorTabs>
			<li>ITab_Bills</li>
		</inspectorTabs>
		<designationCategory>Production</designationCategory>

		<comps>
			<li>
				<compClass>CompGlower</compClass>
				<glowRadius>3</glowRadius>
				<glowColor>(217,112,33,0)</glowColor>
			</li>
			<li>
				<compClass>CompHeatPusherPowered</compClass>
				<heatPerSecond>12</heatPerSecond>
				<heatPushMaxTemperature>9999</heatPushMaxTemperature>
			</li>
		</comps>
		<building>
			<spawnedConceptLearnOpportunity>BillsTab</spawnedConceptLearnOpportunity>
		</building>
	</ThingDef>-->
	
	
	<!--=============== Advanced Work tables ====================-->
	
	
	<ThingDef ParentName="BuildingBase">
		<DefName>TableMachining</DefName>
		<label>powered crafting table</label>
		<ThingClass>Building_WorkTable</ThingClass>
		<Description>An electrically-powered table for quickly cutting logs and stone blocks, making sand, and for butchering mechanoids.  Simple prosthetics can also be made here.</Description>
		<graphicData>
		<texPath>Things/Building/SCProduction/PoweredCrafting3x1</texPath>
		<graphicClass>Graphic_Single</graphicClass>
		<drawSize>(3,1)</drawSize>
		</graphicData>
		<CostList>
			<WoodLog>20</WoodLog>
			<Steel>100</Steel>
		</CostList>
		<constructEffect>ConstructWood</constructEffect>
		<AltitudeLayer>Waist</AltitudeLayer>
		<fillPercent>0.5</fillPercent>
		<useHitPoints>True</useHitPoints>
		<statBases>
			<WorkToMake>3000</WorkToMake>
			<MaxHitPoints>240</MaxHitPoints>
			<Flammability>1.0</Flammability>
		</statBases>
		<Size>(3,1)</Size>
		<Passability>PassThroughOnly</Passability>
		<pathCost>60</pathCost>
		<hasInteractionCell>True</hasInteractionCell>
		<interactionCellOffset>(0,0,-1)</interactionCellOffset>
		<surfaceType>Item</surfaceType>
		<recipes>
			<!--<li>MakeWoodPlanks_Electric</li>-->
			<li>MakeStoneBlocks_Electric</li>
			<li>MakeSand_Electric</li>
			<li>ButcherCorpseMechanoid</li>
			<li>MakeSimpleProstheticArm</li>
			<li>MakeSteelDenture</li>
			<li>MakeSimpleProstheticLeg</li>
			<li>MakePowerClaw</li>
			<li>MakeKindling_Electric</li>
		</recipes>
		<inspectorTabs>
			<li>ITab_Bills</li>
		</inspectorTabs>
		<building>
			<spawnedConceptLearnOpportunity>BillsTab</spawnedConceptLearnOpportunity>
		</building>
		<comps>
			<li>
				<compClass>CompPowerTrader</compClass>
				<startElectricalFires>true</startElectricalFires>
				<basePowerConsumption>350</basePowerConsumption>
				<soundPowerOn>PowerOnSmall</soundPowerOn>
				<soundPowerOff>PowerOffSmall</soundPowerOff>
			</li>
		</comps>
		<researchPrerequisite>ElectricSmelting</researchPrerequisite>

	</ThingDef>
	
  <ThingDef ParentName="BuildingBase">
    <DefName>Brewery</DefName>
    <label>brewery</label>
    <ThingClass>Building_WorkTable</ThingClass>
    <Description>A work station with all the equipment needed to brew beer.</Description>
    <graphicData>
      <texPath>Things/Building/Production/TableBrewery</texPath>
      <graphicClass>Graphic_Multi</graphicClass>
      <drawSize>(3.5,1.5)</drawSize>
    </graphicData>
    <constructEffect>ConstructWood</constructEffect>
    <CostList>
      <WoodLog>100</WoodLog>
      <Steel>30</Steel>
    </CostList>
    <AltitudeLayer>Waist</AltitudeLayer>
    <fillPercent>0.5</fillPercent>
    <useHitPoints>True</useHitPoints>
    <statBases>
      <WorkToMake>2000</WorkToMake>
      <MaxHitPoints>180</MaxHitPoints>
      <Flammability>1.0</Flammability>
    </statBases>
    <Size>(3,1)</Size>
    <DesignationCategory>Production</DesignationCategory>
    <Passability>PassThroughOnly</Passability>
    <pathCost>70</pathCost>
    <hasInteractionCell>True</hasInteractionCell>
    <interactionCellOffset>(0,0,-1)</interactionCellOffset>
    <surfaceType>Item</surfaceType>
    <recipes>
      <li>BrewBeer</li>
      <li>MakeEthanolFuel</li>

    </recipes>
    <inspectorTabs>
      <li>ITab_Bills</li>
    </inspectorTabs>
    <building>
      <spawnedConceptLearnOpportunity>BillsTab</spawnedConceptLearnOpportunity>
    </building>
    <researchPrerequisite>Brewing</researchPrerequisite>
  </ThingDef>


	
	<ThingDef ParentName="BuildingBase">
		<DefName>ElectricSmelter</DefName>
		<label>electric smelter</label>
		<ThingClass>Building_WorkTable_HeatPush</ThingClass>
		<Description>An electric smelter that quickly slag and weapons into metal. Consumes a lot of power.</Description>
		<graphicData>
		<texPath>Things/Building/SCProduction/TableSmelter3x1</texPath>
		<graphicClass>Graphic_Single</graphicClass>
		<drawSize>(3,1)</drawSize>
		</graphicData>
		<constructEffect>ConstructMetal</constructEffect>
		<CostList>
			<Steel>120</Steel>
		</CostList>
		<AltitudeLayer>Waist</AltitudeLayer>
		<fillPercent>0.5</fillPercent>
		<useHitPoints>True</useHitPoints>
		<statBases>
			<WorkToMake>3000</WorkToMake>
			<MaxHitPoints>240</MaxHitPoints>
			<Flammability>1.0</Flammability>
		</statBases>
		<Size>(3,1)</Size>
		<Passability>PassThroughOnly</Passability>
		<pathCost>60</pathCost>
		<hasInteractionCell>True</hasInteractionCell>
		<interactionCellOffset>(0,0,-1)</interactionCellOffset>
		<surfaceType>Item</surfaceType>
		<recipes>
			<!--<li>MakeSteelBars_Electric</li>
			<li>MakePlasteelBars_Electric</li>-->
			<li>ExtractMetalFromSlag</li>
			<li>SmeltWeapon</li>
		</recipes>
		<inspectorTabs>
			<li>ITab_Bills</li>
		</inspectorTabs>
		<comps>
			<li>
				<compClass>CompPowerTrader</compClass>
				<basePowerConsumption>700</basePowerConsumption>
				<startElectricalFires>true</startElectricalFires>
			</li>
			<li>
				<compClass>CompGlower</compClass>
				<glowRadius>6</glowRadius>
				<glowColor>(217,112,33,0)</glowColor>
			</li>
			<li>
				<compClass>CompHeatPusherPowered</compClass>
				<heatPerSecond>12</heatPerSecond>
				<heatPushMaxTemperature>9999</heatPushMaxTemperature>
			</li>
		</comps>
		<building>
			<spawnedConceptLearnOpportunity>BillsTab</spawnedConceptLearnOpportunity>
			<heatPerTickWhileWorking>0.5</heatPerTickWhileWorking>
		</building>
		<researchPrerequisite>ElectricSmelting</researchPrerequisite>

	</ThingDef>
	
	
	<ThingDef ParentName="BuildingBase">
		<DefName>TableSmithing</DefName>
		<label>smithing table</label>
		<ThingClass>Building_WorkTable</ThingClass>
		<Description>A table with tools for crafting, weapons, armor, and artillery shells.</Description>
		<graphicData>
		<texPath>Things/Building/SCProduction/TableSmithing3x1</texPath>
		<graphicClass>Graphic_Single</graphicClass>
		<drawSize>(3,1)</drawSize>
		</graphicData>
		<CostList>
			<Steel>100</Steel>
			<WoodLog>50</WoodLog>
		</CostList>
		<constructEffect>ConstructWood</constructEffect>
		<AltitudeLayer>Waist</AltitudeLayer>
		<fillPercent>0.5</fillPercent>
		<useHitPoints>True</useHitPoints>
		<statBases>
			<WorkToMake>3750</WorkToMake>
			<MaxHitPoints>300</MaxHitPoints>
			<Flammability>1.0</Flammability>
		</statBases>
		<Size>(3,1)</Size>
		<Passability>PassThroughOnly</Passability>
		<pathCost>60</pathCost>
		<hasInteractionCell>True</hasInteractionCell>
		<interactionCellOffset>(0,0,-1)</interactionCellOffset>
		<surfaceType>Item</surfaceType>
		<recipes>
			<li>MakeElectronics</li>
			<li>MakeArmorVest</li>
			<li>MakePersonalShield</li>
			<li>MakePsychicFoilHelmet</li>
			<li>MakeMilitaryHelmet</li>
			<li>MakeKevlarHelmet</li>
			<li>MakePowerArmorHelmet</li>
			<li>MakePowerArmorVest</li>
			<li>MakeArtificialBone</li>
			<li>MakeAdvancedProstheticArm</li>
			<li>MakeAdvancedProstheticLeg</li>
			<li>MakePlasteelDenture</li>
			<li>MakeArtilleryShell</li>
		</recipes>
		<inspectorTabs>
			<li>ITab_Bills</li>
		</inspectorTabs>
		<building>
			<spawnedConceptLearnOpportunity>BillsTab</spawnedConceptLearnOpportunity>
		</building>
		<comps>
			<li>
				<compClass>CompPowerTrader</compClass>
				<startElectricalFires>true</startElectricalFires>
				<basePowerConsumption>500</basePowerConsumption>
				<soundPowerOn>PowerOnSmall</soundPowerOn>
				<soundPowerOff>PowerOffSmall</soundPowerOff>
			</li>
      <li>
        <compClass>CompAffectedByFacilities</compClass>
        <linkableFacilities>
          <li>ToolCabinet</li>
        </linkableFacilities>
      </li>
		</comps>
		<researchPrerequisite>Machining</researchPrerequisite>

	</ThingDef>

	
	<ThingDef ParentName="BuildingBase">
		<DefName>TableGlassworks</DefName>
		<label>Glassworks</label>
		<ThingClass>Building_WorkTable_HeatPush</ThingClass>
		<Description>A table with tools for creating raw glass out of sand.</Description>
		<graphicData>
		<texPath>Things/Building/SCProduction/Glassworks3x1</texPath>
		<graphicClass>Graphic_Single</graphicClass>
		<drawSize>(3,1)</drawSize>
		</graphicData>
		<constructEffect>ConstructMetal</constructEffect>
		<CostList>
			<Steel>90</Steel>
		</CostList>
		<AltitudeLayer>Waist</AltitudeLayer>
		<fillPercent>0.5</fillPercent>
		<useHitPoints>True</useHitPoints>
		<statBases>
			<WorkToMake>2250</WorkToMake>
			<MaxHitPoints>180</MaxHitPoints>
			<Flammability>1.0</Flammability>
		</statBases>
		<Size>(3,1)</Size>
		<Passability>PassThroughOnly</Passability>
		<pathCost>60</pathCost>
		<hasInteractionCell>True</hasInteractionCell>
		<interactionCellOffset>(0,0,-1)</interactionCellOffset>
		<surfaceType>Item</surfaceType>
		<recipes>
			<li>MakeGlass</li>
		</recipes>
		<inspectorTabs>
			<li>ITab_Bills</li>
		</inspectorTabs>
		<comps>
			<li>
				<compClass>CompPowerTrader</compClass>
				<basePowerConsumption>100</basePowerConsumption>
				<startElectricalFires>true</startElectricalFires>
			</li>
			<li>
				<compClass>CompGlower</compClass>
				<glowRadius>6</glowRadius>
				<glowColor>(217,112,33,0)</glowColor>
			</li>
			<li>
				<compClass>CompHeatPusherPowered</compClass>
				<heatPerSecond>12</heatPerSecond>
				<heatPushMaxTemperature>9999</heatPushMaxTemperature>
			</li>
		</comps>
		<building>
			<spawnedConceptLearnOpportunity>BillsTab</spawnedConceptLearnOpportunity>
			<heatPerTickWhileWorking>0.5</heatPerTickWhileWorking>
		</building>
		<researchPrerequisite>PowerI</researchPrerequisite>

	</ThingDef>
	
	
	
	
	<ThingDef ParentName="BuildingBase">
		<DefName>TableSculpting</DefName>
		<label>sculptor's table</label>
		<ThingClass>Building_WorkTable</ThingClass>
		<Description>A workbench equipped for artistic sculpting.</Description>
		<graphicData>
		<texPath>Things/Building/SCProduction/SewingTable2x1</texPath>
		<graphicClass>Graphic_Single</graphicClass>
		<drawSize>(3,1)</drawSize>
		</graphicData>
		<CostList>
			<WoodLog>40</WoodLog>
			<Steel>80</Steel>
		</CostList>
		<constructEffect>ConstructWood</constructEffect>
		<AltitudeLayer>Waist</AltitudeLayer>
		<fillPercent>0.5</fillPercent>
		<useHitPoints>True</useHitPoints>
		<statBases>
			<WorkToMake>3000</WorkToMake>
			<MaxHitPoints>240</MaxHitPoints>
			<Flammability>1.0</Flammability>
		</statBases>
		<Size>(3,1)</Size>
		<Passability>PassThroughOnly</Passability>
		<pathCost>60</pathCost>
		<hasInteractionCell>True</hasInteractionCell>
		<interactionCellOffset>(0,0,-1)</interactionCellOffset>
		<surfaceType>Item</surfaceType>
		<inspectorTabs>
			<li>ITab_Bills</li>
		</inspectorTabs>
		<building>
			<spawnedConceptLearnOpportunity>BillsTab</spawnedConceptLearnOpportunity>
		</building>
		<researchPrerequisite>Stonecutting</researchPrerequisite>

	</ThingDef>
	
	
	<ThingDef ParentName="BuildingBase">
		<DefName>TableButcher</DefName>
		<label>food prep table</label>
		<ThingClass>Building_WorkTable</ThingClass>
		<Description>A heavy table used for butchering dead creatures into pieces of raw meat.</Description>
		<graphicData>
		<texPath>Things/Building/SCProduction/PrepTable3x1</texPath>
		<graphicClass>Graphic_Single</graphicClass>
		<drawSize>(3,1)</drawSize>
		</graphicData>
		<CostList>
			<WoodLog>50</WoodLog>
			<Steel>10</Steel>
		</CostList>
		<constructEffect>ConstructWood</constructEffect>
		<AltitudeLayer>Waist</AltitudeLayer>
		<fillPercent>0.5</fillPercent>
		<useHitPoints>True</useHitPoints>
		<statBases>
			<WorkToMake>1500</WorkToMake>
			<MaxHitPoints>120</MaxHitPoints>
			<Flammability>1.0</Flammability>
		</statBases>
		<Size>(3,1)</Size>
		<Passability>PassThroughOnly</Passability>
		<pathCost>60</pathCost>
		<hasInteractionCell>True</hasInteractionCell>
		<interactionCellOffset>(0,0,-1)</interactionCellOffset>
		<surfaceType>Item</surfaceType>
		<recipes>
			<li>ButcherCorpseFlesh</li>
		</recipes>
		<inspectorTabs>
			<li>ITab_Bills</li>
		</inspectorTabs>
		<building>
			<spawnedConceptLearnOpportunity>BillsTab</spawnedConceptLearnOpportunity>
		</building>
	</ThingDef>
	
	
	<ThingDef ParentName="BuildingBase">
		<DefName>TableGrill</DefName>
		<label>simple grill</label>
		<ThingClass>Building_WorkTable</ThingClass>
		<Description>A small grill used to cook meat into simple jerky.</Description>
		<graphicData>
			<texPath>Things/Building/SCProduction/TableGrill1x1</texPath>
			<graphicClass>Graphic_Single</graphicClass>
		</graphicData>
		<CostList>
			<Steel>60</Steel>
		</CostList>
		<constructEffect>ConstructWood</constructEffect>
		<AltitudeLayer>Waist</AltitudeLayer>
		<fillPercent>0.5</fillPercent>
		<useHitPoints>True</useHitPoints>
		<statBases>
			<WorkToMake>1500</WorkToMake>
			<MaxHitPoints>120</MaxHitPoints>
			<Flammability>1.0</Flammability>
		</statBases>
		<Size>(1,1)</Size>
		<DesignationCategory>Production</DesignationCategory>
		<Passability>Impassable</Passability>
		<hasInteractionCell>True</hasInteractionCell>
		<interactionCellOffset>(0,0,-1)</interactionCellOffset>
		<recipes>
			<li>CookMealJerky</li>
		</recipes>
		<surfaceType>Item</surfaceType>
		<inspectorTabs>
			<li>ITab_Bills</li>
		</inspectorTabs>
		<comps>
			<li>
				<compClass>CompGlower</compClass>
				<glowRadius>3</glowRadius>
				<glowColor>(217,112,33,0)</glowColor>
			</li>
		</comps>
		<building>
			<isMealSource>true</isMealSource>
			<spawnedConceptLearnOpportunity>BillsTab</spawnedConceptLearnOpportunity>
		</building>
	</ThingDef>
	<ThingDef ParentName="BuildingBase">
		<defName>CookStove</defName>
		<label>cook stove</label>
		<ThingClass>Building_WorkTable_HeatPush</ThingClass>
		<Description>A simple stove and attached countertop for preparing meals.</Description>
		<graphicData>
			<texPath>Things/Building/SCProduction/CookStove3x1</texPath>
			<graphicClass>Graphic_Single</graphicClass>
			<drawSize>(3,1)</drawSize>
		</graphicData>
		<constructEffect>ConstructMetal</constructEffect>
		<CostList>
			<WoodLog>60</WoodLog>
			<Steel>30</Steel>
		</CostList>
		<AltitudeLayer>Waist</AltitudeLayer>
		<fillPercent>0.5</fillPercent>
		<useHitPoints>True</useHitPoints>
		<statBases>
			<WorkToMake>2250</WorkToMake>
			<MaxHitPoints>180</MaxHitPoints>
			<Flammability>1.0</Flammability>
		</statBases>
		<Size>(3,1)</Size>
		<DesignationCategory>Production</DesignationCategory>
		<Passability>Impassable</Passability>
		<hasInteractionCell>True</hasInteractionCell>
		<interactionCellOffset>(0,0,-1)</interactionCellOffset>
		<recipes>
			<li>CookMealSimple</li>
			<li>CookMealFine</li>
			<li>CookMealLavish</li>
			<li>CookMealSimple_Bulk</li>
			<li>CookMealFine_Bulk</li>
			<li>CookMealLavish_Bulk</li>
		</recipes>
		<surfaceType>Item</surfaceType>
		<inspectorTabs>
			<li>ITab_Bills</li>
		</inspectorTabs>
		<comps>
			<li>
				<compClass>CompPowerTrader</compClass>
				<startElectricalFires>true</startElectricalFires>
				<basePowerConsumption>350</basePowerConsumption>
				<soundPowerOn>PowerOnSmall</soundPowerOn>
				<soundPowerOff>PowerOffSmall</soundPowerOff>
			</li>
		</comps>
		<building>
			<isMealSource>true</isMealSource>
			<spawnedConceptLearnOpportunity>BillsTab</spawnedConceptLearnOpportunity>
			<heatPerTickWhileWorking>0.25</heatPerTickWhileWorking>
		</building>
		<researchPrerequisite>PowerI</researchPrerequisite>
	</ThingDef>
	
	
	
	
	
	<ThingDef ParentName="BuildingBase">
		<DefName>TableComposter</DefName>
		<label>composter</label>
		<ThingClass>Building_WorkTable</ThingClass>
		<Description>A composter used to turn wood logs into mulch.</Description>
		<graphicData>
		<texPath>Things/Building/SCProduction/TableComposter1x2</texPath>
		<graphicClass>Graphic_Single</graphicClass>
		<drawSize>(1,2)</drawSize>
		</graphicData>
		<CostList>
			<Steel>90</Steel>
		</CostList>
		<constructEffect>ConstructWood</constructEffect>
		<AltitudeLayer>Waist</AltitudeLayer>
		<fillPercent>0.5</fillPercent>
		<useHitPoints>True</useHitPoints>
		<statBases>
			<WorkToMake>2250</WorkToMake>
			<MaxHitPoints>180</MaxHitPoints>
			<Flammability>1.0</Flammability>
		</statBases>
		<Size>(1,2)</Size>
		<Passability>PassThroughOnly</Passability>
		<pathCost>60</pathCost>
		<hasInteractionCell>True</hasInteractionCell>
		<interactionCellOffset>(0,0,-1)</interactionCellOffset>
		<surfaceType>Item</surfaceType>
		<recipes>
			<li>MakeMulch</li>
		</recipes>
		<inspectorTabs>
			<li>ITab_Bills</li>
		</inspectorTabs>
		<comps>
			<li>
				<compClass>CompPowerTrader</compClass>
				<startElectricalFires>true</startElectricalFires>
				<basePowerConsumption>150</basePowerConsumption>
				<soundPowerOn>PowerOnSmall</soundPowerOn>
				<soundPowerOff>PowerOffSmall</soundPowerOff>
			</li>
		</comps>
		<building>
			<spawnedConceptLearnOpportunity>BillsTab</spawnedConceptLearnOpportunity>
		</building>
		<researchPrerequisite>AgricultureII</researchPrerequisite>

	</ThingDef>

	<ThingDef ParentName="BuildingBase">
		<defName>HydroponicsBasin</defName>
		<label>hydroponics basin</label>
    <thingClass>Building_PlantGrower</thingClass>
		<graphicData>
			<texPath>Things/Building/SCProduction/Hydroponics_Atlas</texPath>
			<graphicClass>Graphic_Single</graphicClass>
			<linkType>Basic</linkType>
			<linkFlags>
				<li>Custom1</li>
			</linkFlags>
		</graphicData>
		<blueprintGraphicData>
			<texPath>Things/Building/Linked/Wall_Blueprint_Atlas</texPath>
		</blueprintGraphicData>
		<uiIconPath>Things/Building/SCProduction/Hydroponics_Ico</uiIconPath>
		<altitudeLayer>FloorEmplacement</altitudeLayer>
		<passability>PassThroughOnly</passability>
		<pathCost>60</pathCost>
		<castEdgeShadows>true</castEdgeShadows>
		<constructEffect>ConstructMetal</constructEffect>
		<statBases>
			<WorkToMake>1500</WorkToMake>
			<MaxHitPoints>120</MaxHitPoints>
			<Flammability>1.0</Flammability>
		</statBases>
		<description>For growing food. Hydroponics basins grow plants quickly. The basin requires power to work, provides their own light source, but plants will die if power is cut.</description>
		<costList>
			<Steel>20</Steel>
			<Glass>20</Glass>
			<Mulch>20</Mulch>
		</costList>
		<surfaceType>Item</surfaceType>
		<inspectorTabs>
			<li>ITab_Growing</li>
		</inspectorTabs>
		<fertility>4.0</fertility>
		<building>
			<ignoreNeedsPower>false</ignoreNeedsPower>
			<defaultPlantToGrow>PlantPotato</defaultPlantToGrow>
			<plantsDestroyWithMe>true</plantsDestroyWithMe>
			<sowTag>Hydroponic</sowTag>
		</building>
		<placingDraggableDimensions>1</placingDraggableDimensions>
		<tickerType>Rare</tickerType>
		<rotatable>false</rotatable>
		<selectable>true</selectable>
		<neverMultiSelect>true</neverMultiSelect>
		<comps>
			<li>
				<compClass>CompForbiddable</compClass>
			</li>
			<li>
				<compClass>CompPowerTrader</compClass>
				<transmitsPower>true</transmitsPower>
				<startElectricalFires>true</startElectricalFires>
				<soundPowerOn>PowerOnSmall</soundPowerOn>
				<soundPowerOff>PowerOffSmall</soundPowerOff>
				<basePowerConsumption>25</basePowerConsumption>
			</li>
			<li>
				<compClass>CompGlower</compClass>
				<overlightRadius>7.0</overlightRadius>
				<glowRadius>2</glowRadius>
				<glowColor>(370,370,370,0)</glowColor>
			</li>
		</comps>
		<researchPrerequisite>Hydroponics</researchPrerequisite>
		<terrainAffordanceNeeded>Heavy</terrainAffordanceNeeded>
		<designationCategory>Production</designationCategory>
		<staticSunShadowHeight>0.03</staticSunShadowHeight>
	</ThingDef>
	

	
		<ThingDef ParentName="BuildingBase">
		<defName>SunLamp</defName>
		<label>sun lamp</label>
		<thingClass>Building</thingClass>
		<category>Building</category>
		<graphicData>
			<texPath>Things/Building/SCMisc/SunLamp1x1</texPath>
			<graphicClass>Graphic_Single</graphicClass>
		</graphicData>
		<altitudeLayer>BuildingTall</altitudeLayer>
		<passability>PassThroughOnly</passability>
		<statBases>
			<MaxHitPoints>50</MaxHitPoints>
			<WorkToMake>330</WorkToMake>
			<Flammability>1.0</Flammability>
		</statBases>
		<selectable>true</selectable>
		<description>Lights an area brightly enough to grow crops.</description>
		<size>(1,1)</size>
		<costList>
			<Steel>40</Steel>
			<Glass>10</Glass>
		</costList>
		<soundImpactDefault>BulletImpactMetal</soundImpactDefault>
		<leaveResourcesWhenKilled>false</leaveResourcesWhenKilled>
		<comps>
			<li>
				<compClass>CompGlower</compClass>
				<overlightRadius>7.0</overlightRadius>
				<glowRadius>14</glowRadius>
				<glowColor>(370,370,370,0)</glowColor>
			</li>
			<li>
				<compClass>CompPowerTrader</compClass>
				<startElectricalFires>true</startElectricalFires>
				<soundPowerOn>PowerOnSmall</soundPowerOn>
				<soundPowerOff>PowerOffSmall</soundPowerOff>
				<basePowerConsumption>300</basePowerConsumption>
			</li>
		</comps>
		<specialDisplayRadius>5.8</specialDisplayRadius>
		<designationCategory>Production</designationCategory>
		<rotatable>false</rotatable>
		<researchPrerequisite>PowerI</researchPrerequisite>
	</ThingDef>
  
  
</ThingDefs>