<?xml version="1.0" encoding="utf-8" ?>
<ThingDefs>

    <ThingDef Abstract="True" Name="BodyPartBase">
        <label>body part</label>
        <thingClass>ThingWithComps</thingClass>
        <category>Item</category>
        <useHitPoints>true</useHitPoints>
        <selectable>true</selectable>
        <statBases>
            <MaxHitPoints>50</MaxHitPoints>
            <Flammability>1.0</Flammability>
        </statBases>
        <altitudeLayer>Item</altitudeLayer>
        <tickerType>Never</tickerType>
        <alwaysHaulable>true</alwaysHaulable>
        <isBodyPartOrImplant>true</isBodyPartOrImplant>
        <tradeTags>
            <li>BodyPartOrImplant</li>
        </tradeTags>
        <comps>
            <li>
                <compClass>CompForbiddable</compClass>
            </li>
        </comps>
        <!--<thingCategories>
            <li>BodyPartsAndImplants</li>
        </thingCategories> moved below and expanded categories-->
        <pathCost>10</pathCost>
    </ThingDef>

    <ThingDef ParentName="BodyPartBase">
        <defName>BionicEyeAnimal</defName>
        <label>animal bionic eye</label>
        <description>Advanced piece of technology made not only to fully replace natural eye, but also to give supernatural vision abilities. Fits all kinds of animals except megascarabs.</description>
        <graphicData>
            <texPath>Things/Item/BodyPart/ArtificialOrgan</texPath>
            <graphicClass>Graphic_Single</graphicClass>
        </graphicData>
        <statBases>
            <MarketValue>750</MarketValue>
        </statBases>
        <techHediffsTags>
            <li>Advanced</li>
        </techHediffsTags>
    </ThingDef>

    <ThingDef ParentName="BodyPartBase">
        <defName>SimpleProstheticArmAnimal</defName>
        <label>simple prosthetic animal arm</label>
        <description>Simple but durable arm prosthesis. Fits monkeys.</description>
        <graphicData>
            <texPath>Things/Item/BodyPart/ArtificialOrgan</texPath>
            <graphicClass>Graphic_Single</graphicClass>
        </graphicData>
        <statBases>
            <MarketValue>200</MarketValue>
        </statBases>
        <techHediffsTags>
            <li>Simple</li>
        </techHediffsTags>
			<thingCategories>
            <li>BionicsAnimal</li><!--added-->
        </thingCategories>
    </ThingDef>

    <ThingDef ParentName="BodyPartBase">
        <defName>BionicArmAnimal</defName>
        <label>bionic animal arm</label>
        <description>One of the most sophisticated arm replacements. Gives extreme strength to its user. Fits monkeys.</description>
        <graphicData>
            <texPath>Things/Item/BodyPart/ArtificialOrgan</texPath>
            <graphicClass>Graphic_Single</graphicClass>
        </graphicData>
        <statBases>
            <MarketValue>750</MarketValue>
        </statBases>
        <techHediffsTags>
            <li>Advanced</li>
        </techHediffsTags>
		<thingCategories>
            <li>BionicsAnimal</li><!--added-->
        </thingCategories>
    </ThingDef>

    <ThingDef Abstract="True" Name="SimpleLegBase" ParentName="BodyPartBase">
        <graphicData>
            <texPath>Things/Item/BodyPart/ArtificialOrgan</texPath>
            <graphicClass>Graphic_Single</graphicClass>
        </graphicData>
        <techHediffsTags>
            <li>Simple</li>
        </techHediffsTags>
        <thingCategories>
            <li>ProsthesesAnimal</li><!--added-->
        </thingCategories>
    </ThingDef>

    <ThingDef ParentName="SimpleLegBase">
        <defName>SimpleProstheticLegAnimalSmall</defName>
        <label>simple prosthetic animal leg (small)</label>
        <description>Simple prosthesis made to replace missing leg. Not very comfortable but quite efficient. Fits boorats, chickens, chinchillas, cobras, hares, iguanas, megascarabs, monkeys, squirrels, tortoises and yorkshire terriers.</description>
        <statBases>
            <MarketValue>100</MarketValue>
        </statBases>
    </ThingDef>

    <ThingDef ParentName="SimpleLegBase">
        <defName>SimpleProstheticLegAnimalMedium</defName>
        <label>simple prosthetic animal leg (medium)</label>
        <description>Simple prosthesis made to replace missing leg. Not very comfortable but quite efficient. Fits alpacas, alpha beavers, capybaras, huskies, labrador retrievers, pigs, wargs and boars.</description>
        <statBases>
            <MarketValue>200</MarketValue>
        </statBases>
    </ThingDef>

    <ThingDef ParentName="SimpleLegBase">
        <defName>SimpleProstheticLegAnimalLarge</defName>
        <label>simple prosthetic animal leg (large)</label>
        <description>Simple prosthesis made to replace missing leg. Not very comfortable but quite efficient. Fits boomalopes, cows, deers, dromedaries and elks.</description>
        <statBases>
            <MarketValue>400</MarketValue>
        </statBases>
    </ThingDef>

    <ThingDef ParentName="SimpleLegBase">
        <defName>SimpleProstheticLegAnimalHuge</defName>
        <label>simple prosthetic animal leg (huge)</label>
        <description>Simple prosthesis made to replace missing leg. Not very comfortable but quite efficient. Fits elephants, muffaloes, rhinoceroses and thrumboes.</description>
        <statBases>
            <MarketValue>800</MarketValue>
        </statBases>
    </ThingDef>


    <ThingDef Abstract="True" Name="BionicLegBase" ParentName="BodyPartBase">
        <graphicData>
            <texPath>Things/Item/BodyPart/ArtificialOrgan</texPath>
            <graphicClass>Graphic_Single</graphicClass>
        </graphicData>
        <techHediffsTags>
            <li>Advanced</li>
        </techHediffsTags>
        <thingCategories>
            <li>BionicsAnimal</li><!--added-->
        </thingCategories>
    </ThingDef>

    <ThingDef ParentName="BionicLegBase">
        <defName>BionicLegAnimalSmall</defName>
        <label>bionic animal leg (small)</label>
        <description>Bionic leg uses cutting-edge technology to give its owner extreme walking comfort and strength. Fits boorats, chickens, chinchillas, cobras, hares, iguanas, megascarabs, monkeys, squirrels, tortoises and yorkshire terriers.</description>
        <statBases>
            <MarketValue>400</MarketValue>
        </statBases>
    </ThingDef>

    <ThingDef ParentName="BionicLegBase">
        <defName>BionicLegAnimalMedium</defName>
        <label>bionic animal leg (medium)</label>
        <description>Bionic leg uses cutting-edge technology to give its owner extreme walking comfort and strength. Fits alpacas, alpha beavers, capybaras, huskies, labrador retrievers, pigs, wargs and boars.</description>
        <statBases>
            <MarketValue>800</MarketValue>
        </statBases>
    </ThingDef>

    <ThingDef ParentName="BionicLegBase">
        <defName>BionicLegAnimalLarge</defName>
        <label>bionic animal leg (large)</label>
        <description>Bionic leg uses cutting-edge technology to give its owner extreme walking comfort and strength. Fits boomalopes, cows, deers, dromedaries and elks.</description>
        <statBases>
            <MarketValue>1600</MarketValue>
        </statBases>
    </ThingDef>

    <ThingDef ParentName="BionicLegBase">
        <defName>BionicLegAnimalHuge</defName>
        <label>bionic animal leg (huge)</label>
        <description>Bionic leg uses cutting-edge technology to give its owner extreme walking comfort and strength. Fits elephants, muffaloes, rhinoceroses and thrumboes.</description>
        <statBases>
            <MarketValue>3200</MarketValue>
        </statBases>
    </ThingDef>

</ThingDefs>
