﻿<?xml version="1.0" encoding="utf-8" ?>
<ThingDefs>



  <ThingDef Name="BuildingBase" Abstract="True">
    <category>Building</category>
    <soundImpactDefault>BulletImpactMetal</soundImpactDefault>
    <selectable>true</selectable>
    <drawerType>MapMeshAndRealTime</drawerType>
    <terrainAffordanceNeeded>Light</terrainAffordanceNeeded>
    <repairEffect>Repair</repairEffect>
    <leaveResourcesWhenKilled>true</leaveResourcesWhenKilled>
    <filthLeaving>BuildingRubble</filthLeaving>
  </ThingDef>

  <ThingDef Name="BuildingNaturalBase" Abstract="True">
    <category>Building</category>
    <selectable>true</selectable>
    <drawerType>MapMeshOnly</drawerType>
    <filthLeaving>RockRubble</filthLeaving>
  </ThingDef>


  <!-- ========================= Work tables ==========================-->


  <ThingDef ParentName="BuildingBase">
    <DefName>EAF</DefName>
    <label>electric arc furnace</label>
    <ThingClass>Building_WorkTable_HeatPush</ThingClass>
    <Description>A electric arc furnace for steel production, efficient but very power hungry.</Description>
<graphicData>
    <texPath>EAF</texPath>
    <graphicClass>Graphic_Multi</graphicClass>
<drawSize>(3,3)</drawSize>
</graphicData>
    <constructEffect>ConstructMetal</constructEffect>
		<castEdgeShadows>true</castEdgeShadows>
		<fillPercent>0.9</fillPercent>
    <CostList>
      <Steel>800</Steel>
    </CostList>
    <AltitudeLayer>BuildingTall</AltitudeLayer>
    <UseHitPoints>True</UseHitPoints>
    <rotatable>True</rotatable>
    <statBases>
      <WorkToMake>6000</WorkToMake>
      <MaxHitPoints>600</MaxHitPoints>
      <Flammability>0</Flammability>
      <Beauty>-60</Beauty>
    </statBases>
    <Size>(3,3)</Size>
    <DesignationCategory>Production</DesignationCategory>
    <Passability>Impassable</Passability>
    <hasInteractionCell>True</hasInteractionCell>
    <interactionCellOffset>(0,0,-2)</interactionCellOffset>
    <recipes>
      <li>MakeSteelxEAF</li>
      <li>ExtractMetalFromSlagEAF</li>
      <li>SmeltWeaponEAF</li>
    </recipes>
    <inspectorTabs>
      <li>ITab_Bills</li>
    </inspectorTabs>
    <comps>
      <li>
        <compClass>CompPowerTrader</compClass>
        <startElectricalFires>false</startElectricalFires>
        <basePowerConsumption>3600</basePowerConsumption>
        <soundPowerOn>PowerOnSmall</soundPowerOn>
        <soundPowerOff>PowerOffSmall</soundPowerOff>
      </li>
      <li>
        <compClass>CompGlower</compClass>
        <glowRadius>6</glowRadius>
        <glowColor>(217,112,33,0)</glowColor>
      </li>
    </comps>
    <building>
      <spawnedConceptLearnOpportunity>BillsTab</spawnedConceptLearnOpportunity>
      <heatPerTickWhileWorking>2</heatPerTickWhileWorking>   
    </building>
    <staticSunShadowHeight>1</staticSunShadowHeight>
    <researchPrerequisite>ElectricSmelting</researchPrerequisite>
  </ThingDef>




  <ThingDef ParentName="BuildingBase">
    <DefName>DeepMine</DefName>
    <label>deep mine</label>
    <ThingClass>Building_WorkTable</ThingClass>
    <Description>You can mining several kinds of resources from deep mine, it can only be built on a mining hole. (order a plasma drilling from skydriller, it will make a mining hole at drilling spot.)</Description>
<graphicData>
    <texPath>DeepMine</texPath>
    <graphicClass>Graphic_Single</graphicClass>
<drawSize>(5,5)</drawSize>
</graphicData>
    <constructEffect>ConstructMetal</constructEffect>
		<castEdgeShadows>true</castEdgeShadows>
		<fillPercent>0.4</fillPercent>
    <CostList>
      <Steelx>1200</Steelx>
      <Concrete>450</Concrete>
    </CostList>
    <AltitudeLayer>BuildingTall</AltitudeLayer>
    <UseHitPoints>True</UseHitPoints>
    <rotatable>True</rotatable>
    <statBases>
      <WorkToMake>8500</WorkToMake>
      <MaxHitPoints>800</MaxHitPoints>
      <Flammability>0</Flammability>
      <Beauty>-180</Beauty>
    </statBases>
    <Size>(5,5)</Size>
    <DesignationCategory>Production</DesignationCategory>
    <Passability>PassThroughOnly</Passability>
    <pathCost>70</pathCost>
    <hasInteractionCell>True</hasInteractionCell>
    <interactionCellOffset>(0,0,-3)</interactionCellOffset>
    <placeWorkers>
      <li>PlaceWorker_NotUnderRoof</li>
      <li>Industrialisation.PlaceWorker_OnMiningHole</li>
    </placeWorkers>
    <recipes>
      <li>MiningDeepSteel</li>
      <li>MiningDeepCopperOre</li>
      <li>MiningDeepAluminiumOre</li>
      <li>MiningDeepUraniumOre</li>
      <li>MiningDeepPlasteel</li>
      <li>MiningDeepSilverOre</li>
      <li>MiningDeepGoldOre</li>
      <li>MiningSandstone</li>
      <li>MiningGranite</li>
      <li>MiningLimestone</li>
      <li>MiningSlate</li>
      <li>MiningMarble</li>
    </recipes>
    <inspectorTabs>
      <li>ITab_Bills</li>
    </inspectorTabs>
    <comps>
      <li>
        <compClass>CompPowerTrader</compClass>
        <startElectricalFires>false</startElectricalFires>
        <basePowerConsumption>2400</basePowerConsumption>
        <soundPowerOn>PowerOnSmall</soundPowerOn>
        <soundPowerOff>PowerOffSmall</soundPowerOff>
      </li>
    </comps>
    <building>
      <spawnedConceptLearnOpportunity>BillsTab</spawnedConceptLearnOpportunity>
    </building>
  </ThingDef>

    <ThingDef ParentName="BuildingBase">
    <DefName>Lathe</DefName>
    <label>lathe</label>
    <ThingClass>Building_WorkTable</ThingClass>
    <Description>A lathe, can be used to make drill head.</Description>
<graphicData>
    <texPath>Lathe</texPath>
    <graphicClass>Graphic_Single</graphicClass>
<drawSize>(3,1)</drawSize>
</graphicData>
    <CostList>
      <Steel>250</Steel>
    </CostList>
    <AltitudeLayer>Waist</AltitudeLayer>
    <UseHitPoints>True</UseHitPoints>
    <statBases>
      <WorkToMake>3500</WorkToMake>
      <MaxHitPoints>180</MaxHitPoints>
      <Flammability>1.0</Flammability>
    </statBases>
    <Size>(3,1)</Size>
    <DesignationCategory>Production</DesignationCategory>
    <Passability>Impassable</Passability>
    <hasInteractionCell>True</hasInteractionCell>
    <interactionCellOffset>(0,0,-1)</interactionCellOffset>
    <recipes>
      <li>MakeDrillHead</li>
    </recipes>
    <inspectorTabs>
      <li>ITab_Bills</li>
    </inspectorTabs>
    <comps>
      <li>
        <compClass>CompPowerTrader</compClass>
        <startElectricalFires>true</startElectricalFires>
        <basePowerConsumption>350</basePowerConsumption>
        <soundPowerOn>PowerOnSmall</soundPowerOn>
        <soundPowerOff>PowerOffSmall</soundPowerOff>
      </li>
      <li>
        <compClass>CompGlower</compClass>
        <glowRadius>5</glowRadius>
        <glowColor>(240,240,230,0)</glowColor>
      </li>
    </comps>
    <building>
      <spawnedConceptLearnOpportunity>BillsTab</spawnedConceptLearnOpportunity>
    </building>
    <constructEffect>ConstructMetal</constructEffect>
    <researchPrerequisite>Machining</researchPrerequisite>
  </ThingDef>

<ThingDef ParentName="BuildingNaturalBase">
    <category>Ethereal</category>
    <label>mining hole</label>
    <defName>MiningHole</defName>
    <thingClass>Thing</thingClass>
<graphicData>
    <texPath>MH</texPath>
    <graphicClass>Graphic_Single</graphicClass>
    <shaderType>Transparent</shaderType>
   <drawSize>(3,3)</drawSize>
</graphicData>
    <altitudeLayer>Floor</altitudeLayer>
    <destroyable>false</destroyable>
    <useHitPoints>false</useHitPoints>
    <tickerType>Never</tickerType>
    <selectable>true</selectable>
    <description>A mining hole.</description>
    <size>(3,3)</size>
    <neverOverlapFloors>true</neverOverlapFloors>
    <blockPlants>true</blockPlants>
  </ThingDef>

<ThingDef ParentName="BuildingBase">
		
<defName>PlasmaDrillDeployed</defName>
				
<label>drilling spot</label>
		
<thingClass>Industrialisation.Building_PlasmaDrillDeployed</thingClass>
      
<graphicData>   
<texPath>Inv</texPath>
<graphicClass>Graphic_Single</graphicClass>
</graphicData>
<altitudeLayer>Waist</altitudeLayer>
<building>
<isEdifice>false</isEdifice>
</building>
<passability>PassThroughOnly</passability>
		
<useHitPoints>false</useHitPoints>
	
<selectable>false</selectable>
		
<tickerType>Normal</tickerType>
		
<description></description>
		
<size>(1,1)</size>
	 
</ThingDef>

<ThingDef ParentName="BuildingBase">
		
<defName>PlasmaDrillAction</defName>
			
<label>plasma drill in action</label>
		
<thingClass>Industrialisation.Building_PlasmaDrillAction</thingClass>
 
<graphicData>        
<texPath>Inv</texPath>
<graphicClass>Graphic_Single</graphicClass>
</graphicData>
<altitudeLayer>Waist</altitudeLayer>
<building>
<isEdifice>false</isEdifice>
</building>
<pathCost>15</pathCost>
<passability>PassThroughOnly</passability>
		
<useHitPoints>false</useHitPoints>
	
<selectable>false</selectable>
		
<tickerType>Normal</tickerType>
		
<description></description>
		
<size>(3,3)</size>
	
    <comps>
      <li>
        <compClass>CompHeatPusher</compClass>
        <heatPerSecond>2800</heatPerSecond>
      </li>
    </comps> 
</ThingDef>

</ThingDefs>