﻿<?xml version="1.0" encoding="utf-8" ?>
<ThingDefs>

  <ThingDef Name="BuildingBase" Abstract="True">
    <category>Building</category>
    <soundImpactDefault>BulletImpactMetal</soundImpactDefault>
    <selectable>true</selectable>
    <drawerType>MapMeshAndRealTime</drawerType>
    <terrainAffordanceNeeded>Light</terrainAffordanceNeeded>
    <repairEffect>Repair</repairEffect>
    <filthLeaving>BuildingRubble</filthLeaving>
  </ThingDef>

  <ThingDef ParentName="BuildingBase" Name="WallBase" Abstract="True">
    <category>Building</category>
    <uiIconPath>Things/Building/Linked/WallSmooth_MenuIcon</uiIconPath>
    <statBases>
      <MaxHitPoints>300</MaxHitPoints>
      <Flammability>0</Flammability>
    </statBases>
    <costStuffCount>50</costStuffCount>
    <altitudeLayer>BuildingTall</altitudeLayer>
    <passability>Impassable</passability>
    <castEdgeShadows>true</castEdgeShadows>
    <fillPercent>1</fillPercent>
    <coversFloor>true</coversFloor>
    <tickerType>Never</tickerType>
    <rotatable>false</rotatable>
    <selectable>true</selectable>
    <neverMultiSelect>false</neverMultiSelect>
    <terrainAffordanceNeeded>Heavy</terrainAffordanceNeeded>
    <holdsRoof>false</holdsRoof>
    <staticSunShadowHeight>1.0</staticSunShadowHeight>
    <blockLight>true</blockLight>
    <stuffCategories>
      <li>Metallic</li>
      <li>Woody</li>
      <li>Stony</li>
    </stuffCategories>
    <building>
      <ignoreNeedsPower>true</ignoreNeedsPower>
    </building>
    <damageMultipliers>
      <li>
        <damageDef>Bomb</damageDef>
        <multiplier>3</multiplier>
      </li>
    </damageMultipliers>
  </ThingDef>

  <ThingDef ParentName="WallBase">
    <defName>MD2MechEmbrasure</defName>
    <label>mechanical embrasure</label>
    <thingClass>MD2.Building_MechWallEmbrasure</thingClass>
    <description>A mechanical wall which has been opened to act as an embrasure.</description>
    <fillPercent>0.99</fillPercent>
    <uiIconPath>UI/Icons/Metal</uiIconPath>
    <graphicData>
      <texPath>Buildings/Embrasure/Embrasure</texPath>
      <graphicClass>Graphic_Single</graphicClass>
      <linkType>CornerFiller</linkType>
      <linkFlags>
        <li>Wall</li>
        <li>Rock</li>
      </linkFlags>
    </graphicData>
    <Comps>
      <li>
        <compClass>CompPowerTrader</compClass>
        <basePowerConsumption>15</basePowerConsumption>
        <transmitsPower>true</transmitsPower>
      </li>
    </Comps>
  </ThingDef>

</ThingDefs>