<?xml version="1.0" encoding="utf-8" ?>
<RecipeDefs>

 <RecipeDef Name="BaseShieldRecipe" Abstract="true">
    <jobString>Creating Shield.</jobString>
    <workAmount>5000</workAmount>
    <workSpeedStat>SmeltingSpeed</workSpeedStat>
    <effectWorking>Smelt</effectWorking>
    <soundWorking>Interact_ConstructMetal</soundWorking>
  </RecipeDef>

  <RecipeDef ParentName="BaseShieldRecipe">
	<defName>CraftShieldHeated</defName>
	<label>Make Cozy Shield</label>
	<description>Re-purpose a Shield by adding a heater</description>
	<ingredients>
		<li>
			<filter>
				<thingDefs>
					<li>Steel</li>
				</thingDefs>
			</filter>
			<count>50</count>
		</li>
		<li>
			<filter>
				<thingDefs>
					<li>Apparel_PersonalShield</li>
				</thingDefs>
			</filter>
			<count>1</count>
		</li>
		</ingredients>
		<products>
			<Apparel_PersonalShield_Heat>1</Apparel_PersonalShield_Heat>
		</products>
		<fixedIngredientFilter>
			<thingDefs>
				<li>Steel</li>
				<li>Apparel_PersonalShield</li>
			</thingDefs>
		</fixedIngredientFilter>
		<workSkill>Crafting</workSkill>
	</RecipeDef>
	
	  <RecipeDef ParentName="BaseShieldRecipe">
	<defName>CraftShieldCooled</defName>
	<label>Make Chilled Shield</label>
	<description>Re-purpose a Shield by adding an Air-conditioner</description>
	<ingredients>
		<li>
			<filter>
				<thingDefs>
					<li>Steel</li>
				</thingDefs>
			</filter>
			<count>50</count>
		</li>
		<li>
			<filter>
				<thingDefs>
					<li>Apparel_PersonalShield</li>
				</thingDefs>
			</filter>
			<count>1</count>
		</li>
		</ingredients>
		<products>
			<Apparel_PersonalShield_Cold>1</Apparel_PersonalShield_Cold>
		</products>
		<fixedIngredientFilter>
			<thingDefs>
				<li>Steel</li>
				<li>Apparel_PersonalShield</li>
			</thingDefs>
		</fixedIngredientFilter>
		<workSkill>Crafting</workSkill>
	</RecipeDef>
	
	  <RecipeDef ParentName="BaseShieldRecipe">
	<defName>CraftShieldCoolHaul</defName>
	<label>Make Chilled Speed Shield</label>
	<description>Re-purpose a Shield by adding an Air-conditioner...Also aids move speed by .40 and workspeed by .15</description>
	<ingredients>
		<li>
			<filter>
				<thingDefs>
					<li>Steel</li>
				</thingDefs>
			</filter>
			<count>50</count>
		</li>
		<li>
			<filter>
				<thingDefs>
					<li>Apparel_PersonalShield</li>
				</thingDefs>
			</filter>
			<count>1</count>
		</li>
		</ingredients>
		<products>
			<Apparel_PersonalShield_Cold_HaulR>1</Apparel_PersonalShield_Cold_HaulR>
		</products>
		<fixedIngredientFilter>
			<thingDefs>
				<li>Steel</li>
				<li>Apparel_PersonalShield</li>
			</thingDefs>
		</fixedIngredientFilter>
		<workSkill>Crafting</workSkill>
	</RecipeDef>
	
		  <RecipeDef ParentName="BaseShieldRecipe">
	<defName>CraftShieldCoolHeat</defName>
	<label>Make Cozy Speed Shield</label>
	<description>Re-purpose a Shield by adding a Heater...Also aids move speed by .40 and workspeed by .15</description>
	<ingredients>
		<li>
			<filter>
				<thingDefs>
					<li>Steel</li>
				</thingDefs>
			</filter>
			<count>50</count>
		</li>
		<li>
			<filter>
				<thingDefs>
					<li>Apparel_PersonalShield</li>
				</thingDefs>
			</filter>
			<count>1</count>
		</li>
		</ingredients>
		<products>
			<Apparel_PersonalShield_Heat_HaulR>1</Apparel_PersonalShield_Heat_HaulR>
		</products>
		<fixedIngredientFilter>
			<thingDefs>
				<li>Steel</li>
				<li>Apparel_PersonalShield</li>
			</thingDefs>
		</fixedIngredientFilter>
		<workSkill>Crafting</workSkill>
	</RecipeDef>


	  <RecipeDef ParentName="BaseShieldRecipe">
	<defName>CraftShieldHeatHaulRScratch</defName>
	<label>Build Cozy Speed Shield</label>
	<description>Create Heated Hauling helper Shield from scratch</description>
	<ingredients>
		<li>
			<filter>
				<thingDefs>
					<li>Steel</li>
				</thingDefs>
			</filter>
			<count>100</count>
		</li>
		<li>
			<filter>
				<thingDefs>
					<li>Plasteel</li>
				</thingDefs>
			</filter>
			<count>25</count>
		</li>
		<li>
			<filter>
				<thingDefs>
					<li>Cloth</li>
				</thingDefs>
			</filter>
			<count>10</count>
		</li>
		</ingredients>
		<products>
			<Apparel_PersonalShield_Heat_HaulR>1</Apparel_PersonalShield_Heat_HaulR>
		</products>
		<fixedIngredientFilter>
			<thingDefs>
				<li>Steel</li>
				<li>Plasteel</li>
				<li>Cloth</li>
			</thingDefs>
		</fixedIngredientFilter>
		<workSkill>Crafting</workSkill>
	</RecipeDef>
	
	  <RecipeDef ParentName="BaseShieldRecipe">
	<defName>CraftShieldCoolHaulRScratch</defName>
	<label>Build Chilled Speed Shield</label>
	<description>Create Cooled Hauling helper Shield from scratch</description>
	<ingredients>
		<li>
			<filter>
				<thingDefs>
					<li>Steel</li>
				</thingDefs>
			</filter>
			<count>100</count>
		</li>
		<li>
			<filter>
				<thingDefs>
					<li>Plasteel</li>
				</thingDefs>
			</filter>
			<count>25</count>
		</li>
		<li>
			<filter>
				<thingDefs>
					<li>Cloth</li>
				</thingDefs>
			</filter>
			<count>10</count>
		</li>		
		</ingredients>
		<products>
			<Apparel_PersonalShield_Cold_HaulR>1</Apparel_PersonalShield_Cold_HaulR>
		</products>
		<fixedIngredientFilter>
			<thingDefs>
				<li>Steel</li>
				<li>Plasteel</li>
				<li>Cloth</li>
			</thingDefs>
		</fixedIngredientFilter>
		<workSkill>Crafting</workSkill>
	</RecipeDef>
	

	<RecipeDef ParentName="BaseShieldRecipe">
	<defName>CraftShieldHeatShoot</defName>
	<label>Build Cozy Shooter Shield</label>
	<description>Create shield that allows shooting while having heater</description>
<ingredients>
			<li>
				<filter>
					<thingDefs>
						<li>Silver</li>
					</thingDefs>
				</filter>
				<count>2</count>
			</li>
			<li>
				<filter>
					<thingDefs>
						<li>Gold</li>
					</thingDefs>
				</filter>
				<count>2</count>
			</li>
			<li>
				<filter>
					<thingDefs>
						<li>Steel</li>
					</thingDefs>
				</filter>
				<count>100</count>
			</li>
			<li>
				<filter>
					<thingDefs>
						<li>Plasteel</li>
					</thingDefs>
				</filter>
				<count>25</count>
			</li>
			<li>
				<filter>
					<thingDefs>
						<li>Cloth</li>
					</thingDefs>
				</filter>
				<count>10</count>
			</li>
		</ingredients>
		<products>
			<Apparel_PersonalShield_Heat_Enhanced>1</Apparel_PersonalShield_Heat_Enhanced>
		</products>
		<fixedIngredientFilter>
			<thingDefs>
				<li>Silver</li>
				<li>Gold</li>
				<li>Steel</li>
				<li>Plasteel</li>
				<li>Cloth</li>
			</thingDefs>
		</fixedIngredientFilter>
		<workSkill>Crafting</workSkill>
	</RecipeDef>
	
		<RecipeDef ParentName="BaseShieldRecipe">
	<defName>CraftShieldCoolShoot</defName>
	<label>Build Chilled Shooter Shield</label>
	<description>Create shield that allows shooting while having Air-conditioning</description>
<ingredients>
			<li>
				<filter>
					<thingDefs>
						<li>Silver</li>
					</thingDefs>
				</filter>
				<count>2</count>
			</li>
			<li>
				<filter>
					<thingDefs>
						<li>Gold</li>
					</thingDefs>
				</filter>
				<count>2</count>
			</li>
			<li>
				<filter>
					<thingDefs>
						<li>Steel</li>
					</thingDefs>
				</filter>
				<count>100</count>
			</li>
			<li>
				<filter>
					<thingDefs>
						<li>Plasteel</li>
					</thingDefs>
				</filter>
				<count>25</count>
			</li>
			<li>
				<filter>
					<thingDefs>
						<li>Cloth</li>
					</thingDefs>
				</filter>
				<count>10</count>
			</li>
		</ingredients>
		<products>
			<Apparel_PersonalShield_Cold_Enhanced>1</Apparel_PersonalShield_Cold_Enhanced>
		</products>
		<fixedIngredientFilter>
			<thingDefs>
				<li>Silver</li>
				<li>Gold</li>
				<li>Steel</li>
				<li>Plasteel</li>
				<li>Cloth</li>
			</thingDefs>
		</fixedIngredientFilter>
		<workSkill>Crafting</workSkill>
	</RecipeDef>

	
	
	<RecipeDef ParentName="BaseShieldRecipe">
	<defName>CraftShieldHeatShootAdvanced</defName>
	<label>Build Adv.Cozy Shooter Shield</label>
	<description>Create advanced shield that allows shooting while having heater</description>
<ingredients>
			<li>
				<filter>
					<thingDefs>
						<li>Silver</li>
					</thingDefs>
				</filter>
				<count>5</count>
			</li>
			<li>
				<filter>
					<thingDefs>
						<li>Gold</li>
					</thingDefs>
				</filter>
				<count>5</count>
			</li>
			<li>
				<filter>
					<thingDefs>
						<li>Steel</li>
					</thingDefs>
				</filter>
				<count>150</count>
			</li>
			<li>
				<filter>
					<thingDefs>
						<li>Plasteel</li>
					</thingDefs>
				</filter>
				<count>50</count>
			</li>
			<li>
				<filter>
					<thingDefs>
						<li>Cloth</li>
					</thingDefs>
				</filter>
				<count>10</count>
			</li>
		</ingredients>
		<products>
			<Apparel_PersonalShield_Heat_Advanced>1</Apparel_PersonalShield_Heat_Advanced>
		</products>
		<fixedIngredientFilter>
			<thingDefs>
				<li>Silver</li>
				<li>Gold</li>
				<li>Steel</li>
				<li>Plasteel</li>
				<li>Cloth</li>
			</thingDefs>
		</fixedIngredientFilter>
		<workSkill>Crafting</workSkill>
	</RecipeDef>
	
		<RecipeDef ParentName="BaseShieldRecipe">
	<defName>CraftShieldCoolShootAdvanced</defName>
	<label>Build Adv.Chilled Shooter Shield</label>
	<description>Create advanced shield that allows shooting while having Air-conditioning</description>
<ingredients>
			<li>
				<filter>
					<thingDefs>
						<li>Silver</li>
					</thingDefs>
				</filter>
				<count>5</count>
			</li>
			<li>
				<filter>
					<thingDefs>
						<li>Gold</li>
					</thingDefs>
				</filter>
				<count>5</count>
			</li>
			<li>
				<filter>
					<thingDefs>
						<li>Steel</li>
					</thingDefs>
				</filter>
				<count>150</count>
			</li>
			<li>
				<filter>
					<thingDefs>
						<li>Plasteel</li>
					</thingDefs>
				</filter>
				<count>50</count>
			</li>
			<li>
				<filter>
					<thingDefs>
						<li>Cloth</li>
					</thingDefs>
				</filter>
				<count>10</count>
			</li>
		</ingredients>
		<products>
			<Apparel_PersonalShield_Cold_Advanced>1</Apparel_PersonalShield_Cold_Advanced>
		</products>
		<fixedIngredientFilter>
			<thingDefs>
				<li>Silver</li>
				<li>Gold</li>
				<li>Steel</li>
				<li>Plasteel</li>
				<li>Cloth</li>
			</thingDefs>
		</fixedIngredientFilter>
		<workSkill>Crafting</workSkill>
	</RecipeDef>


		<RecipeDef ParentName="BaseShieldRecipe">
	<defName>CraftShieldAdvTemperateShooterWorker</defName>
	<label>Build Adv. All-temp Shooter Worker Shield</label>
	<description>Create an Advanced Temperate Shield. This shield protects from both hot and cold weather, increases move speed and manipulation, among other things</description>
<ingredients>
			<li>
				<filter>
					<thingDefs>
						<li>Silver</li>
					</thingDefs>
				</filter>
				<count>10</count>
			</li>
			<li>
				<filter>
					<thingDefs>
						<li>Gold</li>
					</thingDefs>
				</filter>
				<count>10</count>
			</li>
			<li>
				<filter>
					<thingDefs>
						<li>Steel</li>
					</thingDefs>
				</filter>
				<count>225</count>
			</li>
			<li>
				<filter>
					<thingDefs>
						<li>Plasteel</li>
					</thingDefs>
				</filter>
				<count>150</count>
			</li>
			<li>
				<filter>
					<thingDefs>
						<li>Cloth</li>
					</thingDefs>
				</filter>
				<count>10</count>
			</li>
		</ingredients>
		<products>
			<Apparel_PersonalShield_TempAdapative_Advanced>1</Apparel_PersonalShield_TempAdapative_Advanced>
		</products>
		<fixedIngredientFilter>
			<thingDefs>
				<li>Silver</li>
				<li>Gold</li>
				<li>Steel</li>
				<li>Plasteel</li>
				<li>Cloth</li>
			</thingDefs>
		</fixedIngredientFilter>
		<workSkill>Crafting</workSkill>
	</RecipeDef>

	
	
	<RecipeDef ParentName="BaseShieldRecipe">
	<defName>CraftShieldMediVac</defName>
	<label>Build Medivac Shield</label>
	<description>Create a shield that improves healing speed and quality while allowing shots to be fired out</description>
<ingredients>
			<li>
				<filter>
					<thingDefs>
						<li>Silver</li>
					</thingDefs>
				</filter>
				<count>10</count>
			</li>
			<li>
				<filter>
					<thingDefs>
						<li>Gold</li>
					</thingDefs>
				</filter>
				<count>10</count>
			</li>
			<li>
				<filter>
					<thingDefs>
						<li>Steel</li>
					</thingDefs>
				</filter>
				<count>150</count>
			</li>
			<li>
				<filter>
					<thingDefs>
						<li>Plasteel</li>
					</thingDefs>
				</filter>
				<count>75</count>
			</li>
			<li>
				<filter>
					<thingDefs>
						<li>Cloth</li>
					</thingDefs>
				</filter>
				<count>10</count>
			</li>
		</ingredients>
		<products>
			<Apparel_PersonalShield_Medivac>1</Apparel_PersonalShield_Medivac>
		</products>
		<fixedIngredientFilter>
			<thingDefs>
				<li>Silver</li>
				<li>Gold</li>
				<li>Steel</li>
				<li>Plasteel</li>
				<li>Cloth</li>
			</thingDefs>
		</fixedIngredientFilter>
		<workSkill>Crafting</workSkill>
	</RecipeDef>
	
		<RecipeDef ParentName="BaseShieldRecipe">
	<defName>CraftShieldMediVacAdvanced</defName>
	<label>Build Adv.Medi-Vac Shield</label>
	<description>Create an Advanced version of the medivac sheild that further improves healing speed and quality, buffs move speed a smidge and reduces break threshold while allowing shots to be fired out</description>
<ingredients>
			<li>
				<filter>
					<thingDefs>
						<li>Silver</li>
					</thingDefs>
				</filter>
				<count>10</count>
			</li>
			<li>
				<filter>
					<thingDefs>
						<li>Gold</li>
					</thingDefs>
				</filter>
				<count>10</count>
			</li>
			<li>
				<filter>
					<thingDefs>
						<li>Steel</li>
					</thingDefs>
				</filter>
				<count>225</count>
			</li>
			<li>
				<filter>
					<thingDefs>
						<li>Plasteel</li>
					</thingDefs>
				</filter>
				<count>150</count>
			</li>
			<li>
				<filter>
					<thingDefs>
						<li>Cloth</li>
					</thingDefs>
				</filter>
				<count>10</count>
			</li>
		</ingredients>
		<products>
			<Apparel_PersonalShield_Medivac_Adv>1</Apparel_PersonalShield_Medivac_Adv>
		</products>
		<fixedIngredientFilter>
			<thingDefs>
				<li>Silver</li>
				<li>Gold</li>
				<li>Steel</li>
				<li>Plasteel</li>
				<li>Cloth</li>
			</thingDefs>
		</fixedIngredientFilter>
		<workSkill>Crafting</workSkill>
	</RecipeDef>

	
	
	<RecipeDef ParentName="BaseShieldRecipe">
	<defName>CraftShieldSteadfast</defName>
	<label>Build Steadfast Shield</label>
	<description>Create a shield based on a Temperate Shoot shield. This shield has also been tweaked to repel psychic phenomena while having a calming atmosphere (- 5% to mental break threshold ). Tiny penalty to movement.</description>
		<ingredients>
			<li>
				<filter>
					<thingDefs>
						<li>Silver</li>
					</thingDefs>
				</filter>
				<count>5</count>
			</li>
			<li>
				<filter>
					<thingDefs>
						<li>Gold</li>
					</thingDefs>
				</filter>
				<count>5</count>
			</li>
			<li>
				<filter>
					<thingDefs>
						<li>Steel</li>
					</thingDefs>
				</filter>
				<count>150</count>
			</li>
			<li>
				<filter>
					<thingDefs>
						<li>Plasteel</li>
					</thingDefs>
				</filter>
				<count>75</count>
			</li>
			<li>
				<filter>
					<thingDefs>
						<li>Cloth</li>
					</thingDefs>
				</filter>
				<count>10</count>
			</li>
		</ingredients>
		<products>
			<Apparel_PersonalShield_SteadFast>1</Apparel_PersonalShield_SteadFast>
		</products>
		<fixedIngredientFilter>
			<thingDefs>
				<li>Silver</li>
				<li>Gold</li>
				<li>Steel</li>
				<li>Plasteel</li>
				<li>Cloth</li>
			</thingDefs>
		</fixedIngredientFilter>
		<workSkill>Crafting</workSkill>
	</RecipeDef>
	
		<RecipeDef ParentName="BaseShieldRecipe">
	<defName>CraftShieldSteadfastAdvanced</defName>
	<label>Build Adv.Medi-Vac Shield</label>
	<description>Build an advanced version of the steadfast shield. This shield has also been tweaked to repel psychic phenomena but more efficiently than the base version and has an even more calming atmosphere (- 20% to mental break threshold ) Slight bonus to movement.</description>
<ingredients>
			<li>
				<filter>
					<thingDefs>
						<li>Silver</li>
					</thingDefs>
				</filter>
				<count>10</count>
			</li>
			<li>
				<filter>
					<thingDefs>
						<li>Gold</li>
					</thingDefs>
				</filter>
				<count>10</count>
			</li>
			<li>
				<filter>
					<thingDefs>
						<li>Steel</li>
					</thingDefs>
				</filter>
				<count>225</count>
			</li>
			<li>
				<filter>
					<thingDefs>
						<li>Plasteel</li>
					</thingDefs>
				</filter>
				<count>150</count>
			</li>
			<li>
				<filter>
					<thingDefs>
						<li>Cloth</li>
					</thingDefs>
				</filter>
				<count>10</count>
			</li>
		</ingredients>
		<products>
			<Apparel_PersonalShield_SteadFast_Adv>1</Apparel_PersonalShield_SteadFast_Adv>
		</products>
		<fixedIngredientFilter>
			<thingDefs>
				<li>Silver</li>
				<li>Gold</li>
				<li>Steel</li>
				<li>Plasteel</li>
				<li>Cloth</li>
			</thingDefs>
		</fixedIngredientFilter>
		<workSkill>Crafting</workSkill>
	</RecipeDef>	
</RecipeDefs> 
