<?xml version="1.0" encoding="UTF-8"?>
<ThingDefs>


 <ThingDef Name="BuildingBase" Abstract="True">
    <category>Building</category>
    <soundImpactDefault>BulletImpactMetal</soundImpactDefault>
    <selectable>true</selectable>
    <drawerType>MapMeshAndRealTime</drawerType>
    <terrainAffordanceNeeded>Light</terrainAffordanceNeeded>
    <repairEffect>Repair</repairEffect>
    <leaveResourcesWhenKilled>true</leaveResourcesWhenKilled>
    <filthLeaving>BuildingRubble</filthLeaving>
  </ThingDef>

  
<ThingDef ParentName="BuildingBase">
	<defName>TableTobacco</defName>
	<label>Herb Prep Table</label>
	<thingClass>Building_WorkTable</thingClass>
	<Description>A workbench equipped for the preparation finer things.</Description>
    <graphicData>
	<texPath>Things/TableTobacco</texPath>
          <graphicClass>Graphic_Single</graphicClass>
      <drawSize>(3,1)</drawSize>
    </graphicData>
	
    <costStuffCount>25</costStuffCount>
    <CostList>
      <WoodLog>25</WoodLog>
    </CostList>
    <stuffCategories>
      <li>Woody</li>
    </stuffCategories>
	<AltitudeLayer>Waist</AltitudeLayer>
	<fillPercent>0.5</fillPercent>
	<useHitPoints>True</useHitPoints>
	<statBases>
	  <WorkToMake>2000</WorkToMake>
	  <MaxHitPoints>180</MaxHitPoints>
	  <Flammability>1.0</Flammability>
	</statBases>
	<Size>(3,1)</Size>
	<DesignationCategory>Production</DesignationCategory>
	
	<Passability>PassThroughOnly</Passability>
	<pathCost>70</pathCost>
	<hasInteractionCell>True</hasInteractionCell>
	<interactionCellOffset>(0,0,-1)</interactionCellOffset>
	
	<inspectorTabs>
		<li>ITab_Bills</li>
	</inspectorTabs>
	<building>
	  <spawnedConceptLearnOpportunity>BillsTab</spawnedConceptLearnOpportunity>
	</building>
  	<researchPrerequisite>CraftingI</researchPrerequisite>
  </ThingDef><!--added prerequisite-->

</ThingDefs>