<?xml version="1.0" encoding="UTF-8"?>
<ThingDefs>

    <ThingDef Name="MealBase" Abstract="True">
    <label>meal</label>
    <thingClass>Meal</thingClass>
    <category>Item</category>
    <useHitPoints>true</useHitPoints>
    <selectable>true</selectable>
    <statBases>
      <MaxHitPoints>50</MaxHitPoints>
      <Flammability>1.0</Flammability>
    </statBases>
    <altitudeLayer>Item</altitudeLayer>
    <stackLimit>75</stackLimit>
    <tickerType>Rare</tickerType>
    <socialPropernessMatters>true</socialPropernessMatters>
      <thingCategories>
         <li>AlcoholDrugsFood</li><!-- changed from SweetMeals -->
      </thingCategories>
    <alwaysHaulable>true</alwaysHaulable>
    <comps>
      <li>
        <compClass>CompForbiddable</compClass>
      </li>
    </comps>
    <pathCost>15</pathCost>
    <resourceReadoutPriority>Last</resourceReadoutPriority>
    <drawGUIOverlay>true</drawGUIOverlay>
  </ThingDef>



<ThingDef ParentName="MealBase">
	<defName>strawberrywine</defName>
	<label>bottle of strawberry wine</label>
	<description>A sweet, pinkish alcohol from strawberries.</description>
    <graphicData>
	<texPath>Things/StrawberryWine</texPath>
	<graphicClass>Graphic_StackCount</graphicClass>
    </graphicData>
	<equippedAngleOffset>-150</equippedAngleOffset>
	<rotatable>false</rotatable>
	<stackLimit>75</stackLimit>
	<statBases>
	  <DeteriorationRate>0</DeteriorationRate>
	  <MarketValue>10</MarketValue>
	  <MeleeWeapon_DamageAmount>7</MeleeWeapon_DamageAmount>
	  <MeleeWeapon_Cooldown>1.8</MeleeWeapon_Cooldown>
	</statBases>
	<ingestible>
	  <nutrition>0.06</nutrition>
	  <joy>0.15</joy>
           <joyKind>Chemical</joyKind>
	  <maxNumToIngestAtOnce>1</maxNumToIngestAtOnce>
	  <preferability>NeverForNutrition</preferability>
	  <soundEat>Ingest_Beer</soundEat>
	  <isPleasureDrug>true</isPleasureDrug>
	  <hediffGivers>
		<li>
		<chance>1</chance>
		<hediffDef>Alcohol</hediffDef>
		</li>
	  </hediffGivers>
	</ingestible>
         <equipmentType>Primary</equipmentType>
         <techLevel>Neolithic</techLevel>
         <comps>
           <li>
             <compClass>CompEquippable</compClass>
           </li>
          </comps>
         <verbs>
           <li>
             <verbClass>Verb_MeleeAttack</verbClass>
             <hasStandardCommand>true</hasStandardCommand>
             <meleeDamageDef>Blunt</meleeDamageDef>
           </li>
         </verbs>
</ThingDef>

<ThingDef ParentName="MealBase">
	<defName>saki</defName>
	<label>bottle of sake</label>
	<description>A crisp, refreshing alcohol from rice.</description>
    <graphicData>
	<texPath>Things/Sake</texPath>
	<graphicClass>Graphic_StackCount</graphicClass>
    </graphicData>
	<equippedAngleOffset>-150</equippedAngleOffset>
	<rotatable>false</rotatable>
	<stackLimit>75</stackLimit>
	<statBases>
	  <DeteriorationRate>0</DeteriorationRate>
	  <MarketValue>15</MarketValue>
	  <MeleeWeapon_DamageAmount>7</MeleeWeapon_DamageAmount>
	  <MeleeWeapon_Cooldown>1.8</MeleeWeapon_Cooldown>
	</statBases>
	<ingestible>
	  <nutrition>0.06</nutrition>
	  <joy>0.17</joy>
           <joyKind>Chemical</joyKind>
	  <maxNumToIngestAtOnce>1</maxNumToIngestAtOnce>
	  <preferability>NeverForNutrition</preferability>
	  <soundEat>Ingest_Beer</soundEat>
	  <isPleasureDrug>true</isPleasureDrug>
	  <hediffGivers>
		<li>
		<chance>1</chance>
		<hediffDef>Alcohol</hediffDef>
		</li>
	  </hediffGivers>
	</ingestible>
</ThingDef>

<ThingDef ParentName="MealBase">
	<defName>vodka</defName>
	<label>bottle of vodka</label>
	<description>A clear, potatoe based alcohol.</description>
    <graphicData>
	<texPath>Things/vodka</texPath>
	<graphicClass>Graphic_StackCount</graphicClass>
    </graphicData>
	<equippedAngleOffset>-150</equippedAngleOffset>
	<rotatable>false</rotatable>
	<stackLimit>75</stackLimit>
	<statBases>
	  <DeteriorationRate>0</DeteriorationRate>
	  <MarketValue>20</MarketValue>
	  <MeleeWeapon_DamageAmount>7</MeleeWeapon_DamageAmount>
	  <MeleeWeapon_Cooldown>1.8</MeleeWeapon_Cooldown>
	</statBases>
	<ingestible>
	  <nutrition>0.04</nutrition>
	  <joy>0.2</joy>
           <joyKind>Chemical</joyKind>
	  <maxNumToIngestAtOnce>1</maxNumToIngestAtOnce>
	  <preferability>NeverForNutrition</preferability>
	  <soundEat>Ingest_Beer</soundEat>
	  <isPleasureDrug>true</isPleasureDrug>
	  <hediffGivers>
		<li>
		<chance>1</chance>
		<hediffDef>MidAlcohol</hediffDef>
		</li>
	  </hediffGivers>
	</ingestible>
</ThingDef>

<ThingDef ParentName="MealBase">
	<defName>tequila</defName>
	<label>bottle of tequila</label>
	<description>A golden, agave based alcohol of storied reputation.</description>
    <graphicData>
	<texPath>Things/Tequila</texPath>
	<graphicClass>Graphic_StackCount</graphicClass>
    </graphicData>
	<equippedAngleOffset>-150</equippedAngleOffset>
	<rotatable>false</rotatable>
	<stackLimit>25</stackLimit>
	<statBases>
	  <DeteriorationRate>0</DeteriorationRate>
	  <MarketValue>75</MarketValue>
	  <MeleeWeapon_DamageAmount>7</MeleeWeapon_DamageAmount>
	  <MeleeWeapon_Cooldown>1.8</MeleeWeapon_Cooldown>
	</statBases>
	<ingestible>
	  <nutrition>0.04</nutrition>
	  <joy>0.25</joy>
           <joyKind>Chemical</joyKind>
	  <maxNumToIngestAtOnce>1</maxNumToIngestAtOnce>
	  <preferability>NeverForNutrition</preferability>
	  <soundEat>Ingest_Beer</soundEat>
	  <isPleasureDrug>true</isPleasureDrug>
	  <hediffGivers>
		<li>
		<chance>1</chance>
		<hediffDef>StrongAlcohol</hediffDef>
		</li>
	  </hediffGivers>
	</ingestible>
</ThingDef>

<ThingDef ParentName="MealBase">
	<defName>whisky</defName>
	<label>bottle of whiskey</label>
	<description>A golden, corn based alcohol.</description>
    <graphicData>
	<texPath>Things/whiskey</texPath>
	<graphicClass>Graphic_StackCount</graphicClass>
    </graphicData>
	<equippedAngleOffset>-150</equippedAngleOffset>
	<rotatable>false</rotatable>
	<stackLimit>75</stackLimit>
	<statBases>
	  <DeteriorationRate>0</DeteriorationRate>
	  <MarketValue>20</MarketValue>
	  <MeleeWeapon_DamageAmount>7</MeleeWeapon_DamageAmount>
	  <MeleeWeapon_Cooldown>1.8</MeleeWeapon_Cooldown>
	</statBases>
	<ingestible>
	  <nutrition>0.04</nutrition>
	  <joy>0.2</joy>
           <joyKind>Chemical</joyKind>
	  <maxNumToIngestAtOnce>1</maxNumToIngestAtOnce>
	  <preferability>NeverForNutrition</preferability>
	  <soundEat>Ingest_Beer</soundEat>
	  <isPleasureDrug>true</isPleasureDrug>
	  <hediffGivers>
		<li>
		<chance>1</chance>
		<hediffDef>MidAlcohol</hediffDef>
		</li>
	  </hediffGivers>
	</ingestible>
</ThingDef>

<ThingDef ParentName="MealBase">
	<defName>Coffee</defName>
	<label>cup of coffee</label>
	<description>A cup of coffee</description>
    <graphicData>
	<texPath>Things/Coffee</texPath>
	<graphicClass>Graphic_Single</graphicClass>
    </graphicData>
	<stackLimit>75</stackLimit>
	<statBases>
	  <MarketValue>8</MarketValue>
	</statBases>
	<ingestible>
           <preferability>NeverForNutrition</preferability>
           <nutrition>0.06</nutrition>
           <joy>0.2</joy>
           <joyKind>Social</joyKind>
           <maxNumToIngestAtOnce>1</maxNumToIngestAtOnce>
           <soundEat>Ingest_Beer</soundEat>
           <isPleasureDrug>true</isPleasureDrug>
	 <hediffGivers>
		<li>
		<chance>1</chance>
		<hediffDef>Coffee</hediffDef>
		</li>
	  </hediffGivers>
	</ingestible>
</ThingDef>




<ThingDef ParentName="MealBase">
	<defName>Espresso</defName>
	<label>espresso</label>
	<description>A cup of espresso</description>
    <graphicData>
	<texPath>Things/Espresso</texPath>
	<graphicClass>Graphic_Single</graphicClass>
    </graphicData>
	<stackLimit>75</stackLimit>
	<statBases>
	  <MarketValue>12</MarketValue>
	</statBases>
	<ingestible>
           <preferability>NeverForNutrition</preferability>
           <nutrition>0.04</nutrition>
           <joy>0.3</joy>
           <joyKind>Social</joyKind>
           <maxNumToIngestAtOnce>1</maxNumToIngestAtOnce>
           <soundEat>Ingest_Beer</soundEat>
           <isPleasureDrug>true</isPleasureDrug>
	 <hediffGivers>
		<li>
		<chance>1</chance>
		<hediffDef>StrongCoffee</hediffDef>
		</li>
	  </hediffGivers>
	</ingestible>
</ThingDef>

  


  <ThingDef ParentName="MealBase">
    <defName>WeedCig</defName>
    <label>Weed cigarette</label>
    <description>Now that its rolled it is much nicer.</description>
    <graphicData>
    <texPath>Things/WeedCig</texPath>
    <graphicClass>Graphic_Single</graphicClass>
    </graphicData>
    <rotatable>false</rotatable>
    <stackLimit>75</stackLimit>
    <statBases>
      <DeteriorationRate>0.05</DeteriorationRate>
      <MarketValue>7.5</MarketValue>
    </statBases>
    <ingestible>
	<preferability>NeverForNutrition</preferability>
      <nutrition>0.01</nutrition>
	<joy>0.30</joy>
	<joyKind>Chemical</joyKind>
      <maxNumToIngestAtOnce>1</maxNumToIngestAtOnce>
      <soundEat>Ingest_Beer</soundEat>
      <isPleasureDrug>true</isPleasureDrug>
      <hediffGivers>
        <li>
          <chance>1</chance>
          <hediffDef>Weed</hediffDef>
        </li>
      </hediffGivers>
    </ingestible>
  </ThingDef>

<ThingDef ParentName="MealBase">
	<defName>Cigarillos</defName>
	<label>pack of cigarillos</label>
	<description>A pack of twenty cigarillos</description>
    <graphicData>
	<texPath>Things/Cigarillos</texPath>
	<graphicClass>Graphic_Single</graphicClass>
    </graphicData>
	<stackLimit>75</stackLimit>
	<statBases>
	  <MarketValue>10</MarketValue>
	</statBases>
	<ingestible>
           <preferability>NeverForNutrition</preferability>
           <nutrition>0.08</nutrition>
           <joy>0.2</joy>
           <joyKind>Meditative</joyKind>
           <maxNumToIngestAtOnce>1</maxNumToIngestAtOnce>
           <soundEat>Harvest_Standard</soundEat>
           <isPleasureDrug>true</isPleasureDrug>
	  <hediffGivers>
		<li>
		<chance>1</chance>
		<hediffDef>Tobacco</hediffDef>
		</li>
	  </hediffGivers>
	</ingestible>
</ThingDef>




<ThingDef ParentName="MealBase">
	<defName>Cigar</defName>
	<label>cigar</label>
	<description>hefty cigar</description>
    <graphicData>
	<texPath>Things/Cigar</texPath>
	<graphicClass>Graphic_Single</graphicClass>
    </graphicData>
	<stackLimit>75</stackLimit>
	<statBases>
	  <MarketValue>15</MarketValue>
	</statBases>
	<ingestible>
           <preferability>NeverForNutrition</preferability>
           <nutrition>0.08</nutrition>
           <joy>0.3</joy>
           <joyKind>Meditative</joyKind>
           <maxNumToIngestAtOnce>1</maxNumToIngestAtOnce>
           <soundEat>Harvest_Standard</soundEat>
	 <hediffGivers>
		<li>
		<chance>1</chance>
		<hediffDef>StrongTobacco</hediffDef>
		</li>
	  </hediffGivers>
	</ingestible>
</ThingDef>


</ThingDefs>