<?xml version="1.0" encoding="utf-8" ?>
<Resources>


  <!-- =========== bases =========== -->

  <ThingDef Name="ResourceBase" Abstract="True">
    <thingClass>ThingWithComps</thingClass>
    <label>unspecified resource</label>
    <category>Item</category>
    <resourceReadoutPriority>Middle</resourceReadoutPriority>
    <useHitPoints>true</useHitPoints>
    <selectable>true</selectable>
    <altitudeLayer>Item</altitudeLayer>
    <stackLimit>75</stackLimit>
    <comps>
      <li>
        <compClass>CompForbiddable</compClass>
      </li>
    </comps>
    <alwaysHaulable>true</alwaysHaulable>
    <drawGUIOverlay>true</drawGUIOverlay>
    <rotatable>false</rotatable>
    <pathCost>15</pathCost>
  </ThingDef>

  <ThingDef Name="ResourceVerbBase" ParentName="ResourceBase" Abstract="True">
    <equipmentType>Primary</equipmentType>
    <techLevel>Neolithic</techLevel>
    <comps>
      <li>
        <compClass>CompForbiddable</compClass>
      </li>
    </comps>
  </ThingDef>


<ThingDef Abstract="True" ParentName="ResourceBase" Name="PlantProductBase">
    <graphicData>
    <graphicClass>Graphic_Single</graphicClass>
    </graphicData>
    <soundInteract>Food_Drop</soundInteract>
    <soundDrop>Food_Drop</soundDrop>
    <socialPropernessMatters>true</socialPropernessMatters>
    <statBases>
      <MaxHitPoints>100</MaxHitPoints>
      <Flammability>1.0</Flammability>
      <DeteriorationRate>5</DeteriorationRate>
    </statBases>
    <tickerType>Rare</tickerType>
  </ThingDef>

  
  
  <!--=============== Pure stuffs: Fabric, leather, etc  ====================-->

  <ThingDef ParentName="ResourceBase">
    <defName>HempCloth</defName>
    <label>Hemp</label>
    <description>Cloth woven from the stuff those guys are smoking who decided that wearing this was a good idea?.</description>
    <graphicData>
    <texPath>Things/HempCloth</texPath>
    <graphicClass>Graphic_Single</graphicClass>
    <Color>(1,100,14)</Color>
    </graphicData>
    <statBases>
      <MaxHitPoints>100</MaxHitPoints>
      <MarketValue>3</MarketValue>
      <Flammability>2.0</Flammability>
      <DeteriorationRate>0.5</DeteriorationRate>
    </statBases>
    <stuffProps>
	<stuffAdjective>hemp</stuffAdjective>
      <categories>
        <li>Fabric</li>
      </categories>
      <color>(1,100,14)</color>
      <allowColorGenerators>false</allowColorGenerators>
    </stuffProps>
    <thingCategories>
      <li>PlantTextiles</li> <!--changed from Textiles-->
    </thingCategories>
    <comps>
      <li>
        <compClass>CompColorable</compClass>
      </li>
    </comps>
  </ThingDef>
  
 
<ThingDef ParentName="PlantProductBase">
    <defName>hemp</defName>
    <label>Hemp</label>
    <description>Hemp leaves.</description>
    <graphicData>
    <texPath>Things/hemp</texPath>
    </graphicData>
    <statBases>
      <MarketValue>7</MarketValue>
    </statBases>
    <thingCategories>
      <li>PlantResources</li> <!--changed from ResourcesRaw-->
    </thingCategories>
    <comps>
      <li Class="CompProperties_Rottable">
        <daysToRotStart>25</daysToRotStart>
        <rotDestroys>true</rotDestroys>
      </li>
    </comps>
  </ThingDef>
  

</Resources>