<?xml version="1.0" encoding="utf-8" ?>
<ThingDefs>
	
	
	<ThingDef Name="BuildingBase" Abstract = "True">
		<category>Building</category>
		<thingClass>Building</thingClass>
		<soundImpactDefault>BulletImpactMetal</soundImpactDefault>
		<selectable>true</selectable>
		<drawerType>MapMeshAndRealTime</drawerType>
		<terrainAffordanceNeeded>Light</terrainAffordanceNeeded>
		<repairEffect>Repair</repairEffect>
		<leaveResourcesWhenKilled>true</leaveResourcesWhenKilled>
		<filthLeaving>BuildingRubble</filthLeaving>
		</ThingDef>
		
	<ThingDef Name="FurnitureBase" ParentName="BuildingBase" Abstract="True">
		<comps>
			<li>
				<compClass>CompQuality</compClass>
			</li>
		</comps>
		<minifiedDef>MinifiedFurniture</minifiedDef>
		<researchPrerequisite>CraftingI</researchPrerequisite> <!-- Added research prerequisite -->
	</ThingDef>
	
	<ThingDef ParentName="BuildingBase" Name="PaintingBase" Abstract="True">
		<thingClass>Building_Art</thingClass>
		<altitudeLayer>MoteOverhead</altitudeLayer>
		<passability>PassThroughOnly</passability>
		<pathCost>0</pathCost>
		<castEdgeShadows>false</castEdgeShadows>
		<useHitPoints>true</useHitPoints>
		<statBases>
			<Flammability>1.0</Flammability>
		</statBases>
		<comps>
			<li>
				<compClass>CompQuality</compClass>
			</li>
			<li>
				<compClass>CompArt</compClass>
				<nameMaker>NamerSculpture</nameMaker>
				<descriptionMaker>ArtSculpture</descriptionMaker>
			</li>
		</comps>
		<inspectorTabs>
			<li>ITab_Art</li>
		</inspectorTabs>	
	</ThingDef>
	
	<ThingDef Name="JoyTableBase" ParentName="FurnitureBase" Abstract="True">
		<graphicData>
			<graphicClass>Graphic_Single</graphicClass>
			<shadowData>
				<volume>(0.3, 0.6, 0.3)</volume>
			</shadowData>
		</graphicData>
		<statBases>
			<MaxHitPoints>100</MaxHitPoints>
			<Flammability>1.0</Flammability>
		</statBases>
		<altitudeLayer>Waist</altitudeLayer>
		<rotatable>false</rotatable>
		<socialPropernessMatters>true</socialPropernessMatters>
		<size>(1,1)</size>
		<pathCost>70</pathCost>
		<passability>PassThroughOnly</passability>
	</ThingDef>
	
	
	
	<!--===================Joy Tables===================-->
	
	
	
	<ThingDef ParentName="JoyTableBase">
		<defName>GoTable</defName>
		<label>go table</label>
		<description>One of the oldest strategy games, and one of the simplest to build. </description>
		<graphicData>
			<texPath>Things/Building/Joy/GoTable</texPath>
		</graphicData>
		<statBases>
			<WorkToMake>8000</WorkToMake>
			<Beauty>10</Beauty>
		</statBases>
		<stuffCategories>
			<li>Metallic</li>
			<li>Woody</li>
			<li>Stony</li>
		</stuffCategories>
		<costStuffCount>70</costStuffCount>
		<designationCategory>Joy</designationCategory>
	</ThingDef>
	
	<ThingDef ParentName="JoyTableBase">
		<defName>ReversiTable</defName>
		<label>reversi table</label>
		<description>Simple strategy game involving placing rocks on both sides of your opponent's pieces, switching that piece to your color. </description>
		<graphicData>
			<texPath>Things/Building/Joy/ReversiTable</texPath>	
		</graphicData>
		<statBases>
			<WorkToMake>9000</WorkToMake>
			<Beauty>10</Beauty>
		</statBases>
		<stuffCategories>
			<li>Metallic</li>
			<li>Woody</li>
			<li>Stony</li>
		</stuffCategories>
		<costStuffCount>100</costStuffCount>
		<designationCategory>Joy</designationCategory>
	</ThingDef>
	
	<ThingDef ParentName="JoyTableBase">
		<defName>CardTable</defName>
		<label>card table</label>
		<description>A table specially made for playing a wide variety of card games. Suitable for 1-4 players </description>
		<graphicData>
			<texPath>Things/Building/Joy/CardTable</texPath>
		</graphicData>
		<statBases>
			<WorkToMake>10000</WorkToMake>
			<Beauty>15</Beauty>
		</statBases>
		<costList>
			<WoodLog>100</WoodLog>
			<Cloth>1</Cloth>
		</costList>
		<designationCategory>Joy</designationCategory>
		<tickerType>Rare</tickerType>
		<comps>
			<li Class="CommunityCoreLibrary.RestrictedPlacement_Properties">
				 <compClass>CommunityCoreLibrary.RestrictedPlacement_Comp</compClass>
			</li>
		</comps>
		<placeWorkers>
			<li>CommunityCoreLibrary.PlaceWorker_OnlyUnderRoof</li>
		</placeWorkers>
	</ThingDef>
	
	<ThingDef ParentName="JoyTableBase">
		<defName>RimColony</defName>
		<label>RimColony</label>
		<description>RimColony is a game about building and sustaining a colony after crash landing on a rim world. Some roaming trader had a twisted sense of humor bringing this along.</description>
		<graphicData>
			<texPath>Things/Building/Joy/RimColony</texPath>
		</graphicData>
		<statBases>
			<MarketValue>300</MarketValue>
			<Beauty>20</Beauty>
		</statBases>
		<tradeTags>
			<li>Exotic</li>
			<li>Joy</li>
		</tradeTags>
		<tickerType>Rare</tickerType>
		<comps>
			<li Class="CommunityCoreLibrary.RestrictedPlacement_Properties">
				 <compClass>CommunityCoreLibrary.RestrictedPlacement_Comp</compClass>
			</li>
		</comps>
		<placeWorkers>
			<li>CommunityCoreLibrary.PlaceWorker_OnlyUnderRoof</li>
		</placeWorkers>
	</ThingDef>
	
	
	
	<!--===================Furniture===================-->
	
	


	
	<ThingDef ParentName="FurnitureBase">
		<defName>Bookcase</defName>
		<label>bookcase</label>
		<description>A bookcase with a wide variety of books.</description>
		<graphicData>
			<texPath>Things/Building/Furniture/Bookcase/Bookcase</texPath>
			<graphicClass>Graphic_Multi</graphicClass>
		</graphicData>
		<uiIconPath>Things/Building/Furniture/Bookcase/Bookcase_back</uiIconPath>
		<altitudeLayer>Waist</altitudeLayer>
		<passability>PassThroughOnly</passability>
		<castEdgeShadows>true</castEdgeShadows>
		<fillPercent>1</fillPercent>
		<statBases>
			<MaxHitPoints>600</MaxHitPoints>
			<WorkToMake>4000</WorkToMake>
			<Flammability>1.0</Flammability>
			<MarketValue>500</MarketValue>
			<Beauty>50</Beauty>
		</statBases>
		<socialPropernessMatters>true</socialPropernessMatters>
		<size>(1,1)</size>
		<hasInteractionCell>true</hasInteractionCell>
		<interactionCellOffset>(0,0,-1)</interactionCellOffset>
		<costList>
			<WoodLog>200</WoodLog>
			<PileOfBooks>10</PileOfBooks>
		</costList>
		<rotatable>true</rotatable>
		<designationCategory>Joy</designationCategory><!--changed from Furniture-->
		<tradeTags>
			<li>Exotic</li>
			<li>Joy</li>
		</tradeTags>
		<tickerType>Rare</tickerType>
		<comps>
			<li Class="CommunityCoreLibrary.RestrictedPlacement_Properties">
				 <compClass>CommunityCoreLibrary.RestrictedPlacement_Comp</compClass>
			</li>
		</comps>
		<placeWorkers>
			<li>CommunityCoreLibrary.PlaceWorker_OnlyUnderRoof</li>
		</placeWorkers>
	</ThingDef>
	
	<ThingDef ParentName="FurnitureBase">
		<defName>ReadingTable</defName>
		<label>reading table</label>
		<description>A small table made to be the perfect height for reading. Has a small drawer for holding books.</description>
		<graphicData>
			<texPath>Things/Building/Joy/ReadingTable/ReadingTable</texPath>
			<shaderType>CutoutComplex</shaderType>
			<graphicClass>Graphic_Multi</graphicClass>
				<shadowData>
					<volume>(0.3, 0.6, 0.3)</volume>
				</shadowData>
		</graphicData>
		<uiIconPath>Things/Building/Joy/ReadingTable/ReadingTable_back</uiIconPath>
		<altitudeLayer>Waist</altitudeLayer>
		<rotatable>true</rotatable>
		<socialPropernessMatters>true</socialPropernessMatters>
		<statBases>
			<MaxHitPoints>100</MaxHitPoints>
			<WorkToMake>9000</WorkToMake>
			<Flammability>1.0</Flammability>
			<Beauty>10</Beauty>
		</statBases>
		<size>(1,1)</size>
		<stuffCategories>
			<li>Metallic</li>
			<li>Woody</li>
			<li>Stony</li>
		</stuffCategories>
		<costStuffCount>90</costStuffCount>
		<costList>
			<PileOfBooks>1</PileOfBooks>
		</costList>
		<pathCost>70</pathCost>
		<passability>PassThroughOnly</passability>
		<designationCategory>Joy</designationCategory>
		<tickerType>Rare</tickerType>
	</ThingDef>
	
	<!--==================Production==================-->
	
	<ThingDef ParentName="FurnitureBase">
		<DefName>Easel</DefName>
		<label>painting easel</label>
		<ThingClass>Building_WorkTable</ThingClass>
		<Description>An easel equipped for artistic painting.</Description>
		<graphicData>
			<texPath>Things/Building/Joy/Easel/Easel</texPath>
			<graphicClass>Graphic_Multi</graphicClass>
		</graphicData>
		<uiIconPath>Things/Building/Joy/Easel/Easel_back</uiIconPath>
		<costList>
			<WoodLog>15</WoodLog>
		</costList>
		<altitudeLayer>Waist</altitudeLayer>
		<fillPercent>0.5</fillPercent>
		<useHitPoints>true</useHitPoints>
		<statBases>
			<WorkToMake>500</WorkToMake>
			<MaxHitPoints>50</MaxHitPoints>
			<Flammability>1.0</Flammability>
			<Beauty>5</Beauty>
		</statBases>
		<size>(1,1)</size>
		<DesignationCategory>Joy</DesignationCategory> <!--changed from Production -->
		<passability>PassThroughOnly</passability>
		<pathCost>40</pathCost>
		<hasInteractionCell>true</hasInteractionCell>
		<interactionCellOffset>(0,0,-1)</interactionCellOffset>
		<surfaceType>Item</surfaceType>
		<inspectorTabs>
			<li>ITab_Bills</li>
		</inspectorTabs>
		<building>
			<spawnedConceptLearnOpportunity>BillsTab</spawnedConceptLearnOpportunity>
		</building>
	</ThingDef>
	
	<ThingDef ParentName="FurnitureBase">
		<DefName>WritingTable</DefName>
		<label>writing table</label>
		<ThingClass>Building_WorkTable</ThingClass>
		<Description>A simple table for writing at.</Description>
		<graphicData>
			<texPath>Things/Building/Furniture/WritingTable/WritingTable</texPath>
			<shaderType>CutoutComplex</shaderType>
			<graphicClass>Graphic_Multi</graphicClass>
		</graphicData>
		<uiIconPath>Things/Building/Furniture/WritingTable/WritingTable_back</uiIconPath>
		<stuffCategories>
			<li>Metallic</li>
			<li>Woody</li>
			<li>Stony</li>
		</stuffCategories>
		<costStuffCount>100</costStuffCount>
		<altitudeLayer>Waist</altitudeLayer>
		<fillPercent>0.5</fillPercent>
		<useHitPoints>true</useHitPoints>
		<statBases>
			<WorkToMake>800</WorkToMake>
			<MaxHitPoints>100</MaxHitPoints>
			<Flammability>1.0</Flammability>
			<Beauty>10</Beauty>
		</statBases>
		<size>(1,1)</size>
		<DesignationCategory>Joy</DesignationCategory> <!-- changed from Production -->
		<passability>PassThroughOnly</passability>
		<pathCost>40</pathCost>
		<hasInteractionCell>true</hasInteractionCell>
		<interactionCellOffset>(0,0,-1)</interactionCellOffset>
		<surfaceType>Item</surfaceType>
		<inspectorTabs>
			<li>ITab_Bills</li>
		</inspectorTabs>
		<building>
			<spawnedConceptLearnOpportunity>BillsTab</spawnedConceptLearnOpportunity>
		</building>
	</ThingDef>
</ThingDefs>
