﻿<?xml version="1.0" encoding="utf-8" ?>

<Buildings>

  <ThingDef Name="BuildingBase" Abstract="True">
    <category>Building</category>
    <soundImpactDefault>BulletImpactMetal</soundImpactDefault>
    <selectable>true</selectable>
    <drawerType>MapMeshAndRealTime</drawerType>
    <terrainAffordanceNeeded>Light</terrainAffordanceNeeded>
    <repairEffect>Repair</repairEffect>
    <leaveResourcesWhenKilled>true</leaveResourcesWhenKilled>
    <filthLeaving>BuildingRubble</filthLeaving>
  </ThingDef>

  <ThingDef ParentName="BuildingBase">
    <defName>FishingPierSpawner</defName>
    <Label>fishing pier</Label>
    <Description>A simple and solid fishing pier. Keeps your feet dry when fishing.</Description>
    <ThingClass>FishIndustry.Building_FishingPierSpawner</ThingClass>
    <graphicData>
      <texPath>Things/Building/FishingPierSpawner</texPath>
      <graphicClass>Graphic_Single</graphicClass>
      <drawSize>(3,6)</drawSize>
    </graphicData>
    <terrainAffordanceNeeded>Any</terrainAffordanceNeeded>
    <AltitudeLayer>FloorEmplacement</AltitudeLayer>
    <placeWorkers>
      <li>FishIndustry.PlaceWorker_FishingPierSpawner</li>
    </placeWorkers>
    <CostList>
      <WoodLog>150</WoodLog>
      <Steel>50</Steel>
    </CostList>
    <constructEffect>ConstructWood</constructEffect>
    <UseHitPoints>True</UseHitPoints>
    <statBases>
      <WorkToMake>1200</WorkToMake>
      <MaxHitPoints>250</MaxHitPoints>
      <Beauty>80</Beauty>
      <Flammability>1.0</Flammability>
    </statBases>
    <Size>(3,6)</Size>
    <DesignationCategory>FoodProduction</DesignationCategory><!--changed from Production-->
    <Passability>Standable</Passability>
    <hasInteractionCell>True</hasInteractionCell>
    <interactionCellOffset>(0,0,0)</interactionCellOffset>
    <surfaceType>Item</surfaceType>
  </ThingDef>

  <ThingDef ParentName="BuildingBase">
    <defName>FishingPier</defName>
    <Label>fishing pier</Label>
    <Description>A simple and solid fishing pier. Keeps your feet dry when fishing.</Description>
    <thingClass>FishIndustry.Building_FishingPier</thingClass>
    <soundImpactDefault>BulletImpactWood</soundImpactDefault>
    <graphicData>
      <texPath>Things/Building/FishingPier</texPath>
      <graphicClass>Graphic_Single</graphicClass>
      <drawSize>(3,5)</drawSize>
    </graphicData>
    <terrainAffordanceNeeded>Any</terrainAffordanceNeeded>
    <altitudeLayer>FloorEmplacement</altitudeLayer>
    <CostList>
      <WoodLog>150</WoodLog>
      <Steel>50</Steel>
    </CostList>
    <UseHitPoints>True</UseHitPoints>
    <statBases>
      <MaxHitPoints>400</MaxHitPoints>
      <Beauty>80</Beauty>
      <Flammability>1.0</Flammability>
    </statBases>
    <size>(1,3)</size>
    <passability>Standable</passability>
    <hasInteractionCell>True</hasInteractionCell>
    <interactionCellOffset>(0,0,0)</interactionCellOffset>
    <surfaceType>Item</surfaceType>
    <comps>
      <li>
        <compClass>CompForbiddable</compClass>
      </li>
    </comps>
    <recipes>
      <li>MakeFishingRod</li>
    </recipes>
    <inspectorTabs>
      <li>ITab_Bills</li>
    </inspectorTabs>
    <building>
      <spawnedConceptLearnOpportunity>BillsTab</spawnedConceptLearnOpportunity>
    </building>
  </ThingDef>

  <ThingDef ParentName="BuildingBase">
    <defName>AquacultureBasin</defName>
    <Label>aquaculture basin</Label>
    <Description>A basin designed to breed fishes. Water quality is auto-regulated. You need to provide an external temperature regulation and some food in attached hopper to feed the bred fishes.</Description>
    <thingClass>FishIndustry.Building_AquacultureBasin</thingClass>
    <TickerType>Normal</TickerType>
    <graphicData>
      <texPath>Things/Building/AquacultureBasin</texPath>
      <graphicClass>Graphic_Single</graphicClass>
      <drawSize>(3,3)</drawSize>
    </graphicData>
    <rotatable>false</rotatable>
    <terrainAffordanceNeeded>Heavy</terrainAffordanceNeeded>
    <altitudeLayer>Waist</altitudeLayer>
    <comps>
      <li>
        <compClass>CompForbiddable</compClass>
      </li>
      <li>
        <compClass>CompPowerTrader</compClass>
        <basePowerConsumption>500</basePowerConsumption>
      </li>
      <li>
        <compClass>CompGlower</compClass>
        <glowRadius>5</glowRadius>
        <glowColor>(0,200,255,0)</glowColor>
      </li>
    </comps>
    <CostList>
      <Steel>200</Steel>
    </CostList>
    <UseHitPoints>True</UseHitPoints>
    <statBases>
      <WorkToMake>1800</WorkToMake>
      <MaxHitPoints>300</MaxHitPoints>
      <Beauty>20</Beauty>
      <Flammability>0.4</Flammability>
    </statBases>
    <size>(3,3)</size>
    <DesignationCategory>FoodProduction</DesignationCategory><!--changed from Production-->
    <passability>Impassable</passability>
    <hasInteractionCell>True</hasInteractionCell>
    <interactionCellOffset>(-1,0,-2)</interactionCellOffset>
    <surfaceType>Item</surfaceType>
    <recipes>
      <li>SupplyMashgonEggs</li>
      <li>SupplyBluebladeEggs</li>
      <li>SupplyTailteethEggs</li>
    </recipes>
    <inspectorTabs>
      <li>ITab_Bills</li>
    </inspectorTabs>
    <building>
      <foodCostPerDispense>30</foodCostPerDispense>
      <spawnedConceptLearnOpportunity>BillsTab</spawnedConceptLearnOpportunity>
    </building>
    <researchPrerequisite>ResearchAquaculture</researchPrerequisite>
  </ThingDef>

  <ThingDef ParentName="BuildingBase">
    <defName>AquacultureHopper</defName>
    <label>aquaculture hopper</label>
    <description>Holds food to feed bred species in aquaculture basins. This hopper is refrigerated and food within will not spoil if powered.</description>
    <thingClass>FishIndustry.Building_AquacultureHopper</thingClass>
    <placeWorkers>
      <li>FishIndustry.PlaceWorker_AquacultureHopper</li>
    </placeWorkers>
    <graphicData>
      <texPath>Things/Building/AquacultureHopper</texPath>
      <graphicClass>Graphic_Single</graphicClass>
      <drawSize>(1,1)</drawSize>
    </graphicData>
    <TickerType>Rare</TickerType>
    <altitudeLayer>Waist</altitudeLayer>
    <passability>PassThroughOnly</passability>
    <fillPercent>0.5</fillPercent>
    <pathCost>70</pathCost>
    <comps>
      <li>
        <compClass>CompPowerTrader</compClass>
        <basePowerConsumption>10</basePowerConsumption>
      </li>
    </comps>
    <building>
      <fixedStorageSettings>
        <priority>Important</priority>
        <filter>
          <categories>
            <li>PlantFoodRaw</li>
          </categories>
        </filter>
      </fixedStorageSettings>
      <defaultStorageSettings>
        <priority>Important</priority>
        <filter>
          <categories>
            <li>PlantFoodRaw</li>
          </categories>
        </filter>
      </defaultStorageSettings>
    </building>
    <inspectorTabs>
      <li>ITab_Storage</li>
    </inspectorTabs>
    <castEdgeShadows>true</castEdgeShadows>
    <statBases>
      <WorkToMake>450</WorkToMake>
      <MaxHitPoints>100</MaxHitPoints>
      <Flammability>1.0</Flammability>
    </statBases>
    <costList>
      <Steel>15</Steel>
    </costList>
    <neverMultiSelect>true</neverMultiSelect>
    <DesignationCategory>FoodProduction</DesignationCategory><!--changed from Production-->
    <staticSunShadowHeight>0.3</staticSunShadowHeight>
    <surfaceType>Item</surfaceType>
    <constructEffect>ConstructMetal</constructEffect>
    <researchPrerequisite>ResearchAquaculture</researchPrerequisite>
  </ThingDef>

</Buildings>