﻿<?xml version="1.0" encoding="utf-8" ?>
<GameData>

  <ThingDef Name="ResourceBase" Abstract="True">
    <thingClass>ThingWithComps</thingClass>
    <label>unspecified resource</label>
    <category>Item</category>
    <resourceReadoutPriority>Middle</resourceReadoutPriority>
    <useHitPoints>true</useHitPoints>
    <statBases>
      <Flammability>1.0</Flammability>
    </statBases>
    <selectable>true</selectable>
    <altitudeLayer>Item</altitudeLayer>
    <stackLimit>75</stackLimit>
    <comps>
      <li>
        <compClass>CompForbiddable</compClass>
      </li>
    </comps>
    <alwaysHaulable>true</alwaysHaulable>
    <drawGUIOverlay>true</drawGUIOverlay>
    <rotatable>false</rotatable>
    <pathCost>15</pathCost>
  </ThingDef>

  <ThingDef ParentName="ResourceBase">
    <defName>Pearl</defName>
    <label>pearl</label>
    <description>A beautiful pearl. Useless as many luxuries but so nice to wear!</description>
    <graphicData>
      <texPath>Things/Item/Resource/Pearl</texPath>
      <graphicClass>Graphic_Single</graphicClass>
    </graphicData>
    <resourceReadoutPriority>Middle</resourceReadoutPriority>
    <drawGUIOverlay>true</drawGUIOverlay>
    <soundInteract>Metal_Drop</soundInteract>
    <soundDrop>Metal_Drop</soundDrop>
    <stackLimit>200</stackLimit>
    <useHitPoints>true</useHitPoints>
    <statBases>
      <MarketValue>250</MarketValue>
      <MaxHitPoints>20</MaxHitPoints>
      <Flammability>0.2</Flammability>
    </statBases>
    <thingCategories>
      <li>ValuableItems</li><!--changed from Items-->
    </thingCategories>
    <tradeTags>
      <li>Exotic</li>
    </tradeTags>
  </ThingDef>
  
</GameData>
