﻿<?xml version="1.0" encoding="utf-8" ?>
<ThingDefs>


  <ThingDef Name="BaseWeaponFishIndustry" Abstract="True">
    <category>Item</category>
    <thingClass>ThingWithComps</thingClass>
    <equipmentType>Primary</equipmentType>
    <pathCost>10</pathCost>
    <useHitPoints>True</useHitPoints>
    <selectable>True</selectable>
    <graphicData>
      <OnGroundRandomRotateAngle>35</OnGroundRandomRotateAngle>
    </graphicData>
    <drawGUIOverlay>true</drawGUIOverlay>
    <statBases>
      <MaxHitPoints>100</MaxHitPoints>
      <Flammability>1.0</Flammability>
      <DeteriorationRate>1</DeteriorationRate>
      <SellPriceFactor>0.5</SellPriceFactor>
    </statBases>
    <altitudeLayer>Item</altitudeLayer>
    <alwaysHaulable>True</alwaysHaulable>
    <tickerType>Never</tickerType>
    <techLevel>Neolithic</techLevel>
    <weaponTags>
      <li>Neolithic</li>
    </weaponTags>
    <thingCategories>
      <li>ManPoweredWeapons</li><!--changed from WeaponsRanged-->
    </thingCategories>
    <comps>
      <li>
        <compClass>CompForbiddable</compClass>
      </li>
      <li>
        <compClass>CompEquippable</compClass>
      </li>
      <li>
        <compClass>CompQuality</compClass>
      </li>
      <li>
        <compClass>CompArt</compClass>
        <nameMaker>NamerMeleeWeapon</nameMaker>
        <descriptionMaker>ArtWeaponMelee</descriptionMaker>
        <minQualityForArtistic>Excellent</minQualityForArtistic>
      </li>
    </comps>
    <recipeMaker>
      <workSpeedStat>SmithingSpeed</workSpeedStat>
      <workSkill>Crafting</workSkill>
      <effectWorking>Smelt</effectWorking>
    </recipeMaker>
    <inspectorTabs>
      <li>ITab_Art</li>
    </inspectorTabs>
  </ThingDef>

  <ThingDef Name="BaseProjectileFishIndustry" Abstract="True">
    <category>Projectile</category>
    <tickerType>Normal</tickerType>
    <altitudeLayer>Projectile</altitudeLayer>
    <thingClass>Bullet</thingClass>
    <label>arrow</label>
    <useHitPoints>False</useHitPoints>
    <neverMultiSelect>True</neverMultiSelect>
    <graphicData>
      <shaderType>Transparent</shaderType>
    </graphicData>
  </ThingDef>

  <ThingDef ParentName="BaseProjectileFishIndustry">
    <defName>Harpoon_Thrown</defName>
    <label>harpoon (thrown)</label>
    <graphicData>
      <texPath>Things/Projectile/Harpoon</texPath>
      <graphicClass>Graphic_Single</graphicClass>
    </graphicData>
    <projectile>
      <flyOverhead>false</flyOverhead>
      <damageDef>Stab</damageDef>
      <DamageAmountBase>20</DamageAmountBase>
      <Speed>26</Speed>
    </projectile>
  </ThingDef>
  <ThingDef ParentName="BaseWeaponFishIndustry">
    <defName>Harpoon</defName>
    <label>harpoon</label>
    <description>A harpoon. Designed to hunt big fishes, it can serve other purposes.</description>
    <graphicData>
      <texPath>Things/Item/Equipment/WeaponRanged/Harpoon</texPath>
      <graphicClass>Graphic_Single</graphicClass>
    </graphicData>
    <soundInteract>Interact_BeatFire</soundInteract>
    <costList>
      <WoodLog>80</WoodLog>
      <Steel>20</Steel>
    </costList>
    <statBases>
      <WorkToMake>1400</WorkToMake>
      <MarketValue>90</MarketValue>
      <AccuracyTouch>0.92</AccuracyTouch>
      <AccuracyShort>0.83</AccuracyShort>
      <AccuracyMedium>0.65</AccuracyMedium>
      <AccuracyLong>0.50</AccuracyLong>
      <RangedWeapon_Cooldown>2</RangedWeapon_Cooldown>
    </statBases>
    <weaponTags>
      <li>NeolithicRanged</li>
    </weaponTags>
    <verbs>
      <li>
        <verbClass>Verb_Shoot</verbClass>
        <hasStandardCommand>true</hasStandardCommand>
        <projectileDef>Harpoon_Thrown</projectileDef>
        <warmupTicks>80</warmupTicks>
        <range>8</range>
        <soundCast>Interact_BeatFire</soundCast>
      </li>
    </verbs>
    <recipeMaker>
      <workSpeedStat>SmithingSpeed</workSpeedStat>
      <workSkill>Crafting</workSkill>
      <recipeUsers>
        <li>TableSmithing</li>
        <li>FishingPier</li>
      </recipeUsers>
      <effectWorking>Smelt</effectWorking>
    </recipeMaker>
  </ThingDef>


  <ThingDef ParentName="BaseProjectileFishIndustry">
    <defName>ForceFieldNet_Thrown</defName>
    <label>fishing net (thrown)</label>
    <graphicData>
      <texPath>Things/Projectile/ForceFieldNet</texPath>
      <graphicClass>Graphic_Single</graphicClass>
    </graphicData>
    <thingClass>FishIndustry.Bullet_Rotating</thingClass>
    <projectile>
      <flyOverhead>false</flyOverhead>
      <damageDef>Stun</damageDef>
      <DamageAmountBase>15</DamageAmountBase>
      <Speed>14</Speed>
    </projectile>
  </ThingDef>
  <ThingDef ParentName="BaseWeaponFishIndustry">
    <defName>ForceFieldNet</defName>
    <label>force field net</label>
    <description>Originally used by retiarii as a weapon to fight robot opponents in the glitterworld arenas, this high-tech weapon is also surprinsingly useful at catching fishes. Can also be used to catch humans...</description>
    <graphicData>
      <texPath>Things/Item/Equipment/WeaponRanged/ForceFieldNet</texPath>
      <graphicClass>Graphic_Single</graphicClass>
    </graphicData>
    <soundInteract>Interact_BeatFire</soundInteract>
    <costList>
      <Cloth>100</Cloth>
      <Steel>50</Steel>
      <Plasteel>25</Plasteel>
    </costList>
    <recipeMaker>
      <workSpeedStat>SmithingSpeed</workSpeedStat>
      <workSkill>Crafting</workSkill>
      <recipeUsers>
        <li>TableSmithing</li>
      </recipeUsers>
      <effectWorking>Smelt</effectWorking>
    </recipeMaker>
    <statBases>
      <WorkToMake>1400</WorkToMake>
      <MarketValue>350</MarketValue>
      <AccuracyTouch>1.0</AccuracyTouch>
      <AccuracyShort>0.95</AccuracyShort>
      <AccuracyMedium>0.8</AccuracyMedium>
      <AccuracyLong>0.65</AccuracyLong>
      <RangedWeapon_Cooldown>2</RangedWeapon_Cooldown>
    </statBases>
    <verbs>
      <li>
        <verbClass>Verb_Shoot</verbClass>
        <hasStandardCommand>true</hasStandardCommand>
        <projectileDef>ForceFieldNet_Thrown</projectileDef>
        <warmupTicks>120</warmupTicks>
        <range>8</range>
        <soundCast>Interact_BeatFire</soundCast>
      </li>
    </verbs>
  </ThingDef>

</ThingDefs>


