<?xml version="1.0" encoding="UTF-8"?>
<Buildings>

    <ThingDef Abstract="True" Name="BuildingBase">
        <category>Building</category>
        <soundImpactDefault>BulletImpactMetal</soundImpactDefault>
        <selectable>true</selectable>
        <drawerType>MapMeshAndRealTime</drawerType>
        <terrainAffordanceNeeded>Light</terrainAffordanceNeeded>
        <repairEffect>Repair</repairEffect>
        <leaveResourcesWhenKilled>true</leaveResourcesWhenKilled>
        <filthLeaving>BuildingRubble</filthLeaving>
    </ThingDef>

    <ThingDef ParentName="BuildingBase">
        <defName>Heater</defName>
        <label>small heater</label>
        <thingClass>RedistHeat.Building_Heater</thingClass>
        <graphicData>
            <texPath>Things/Building/Misc/TempControl/Heater</texPath>
            <graphicClass>Graphic_Single</graphicClass>
        </graphicData>
        <altitudeLayer>BuildingTall</altitudeLayer>
        <passability>PassThroughOnly</passability>
        <pathCost>40</pathCost>
        <rotatable>false</rotatable>
        <fillPercent>0.4</fillPercent>
        <castEdgeShadows>true</castEdgeShadows>
        <staticSunShadowHeight>1.0</staticSunShadowHeight>
        <statBases>
            <WorkToMake>1000</WorkToMake>
            <MaxHitPoints>100</MaxHitPoints>
            <Flammability>1.0</Flammability>
        </statBases>
        <tickerType>Normal</tickerType>
        <description>An electrical device that converts electricity into heat. It can automatically turn itself on or off to reach a specific target temperature.</description>
        <costList>
            <Steel>65</Steel>
        </costList>
        <terrainAffordanceNeeded>Heavy</terrainAffordanceNeeded>
        <placeWorkers>
            <li>PlaceWorker_Heater</li>
        </placeWorkers>
        <drawPlaceWorkersWhileSelected>true</drawPlaceWorkersWhileSelected>
        <comps>
            <li>
                <compClass>CompPowerTrader</compClass>
                <startElectricalFires>true</startElectricalFires>
                <soundPowerOn>PowerOnSmall</soundPowerOn>
                <soundPowerOff>PowerOffSmall</soundPowerOff>
                <basePowerConsumption>100</basePowerConsumption>
            </li>
            <li>
                <compClass>CompTempControl</compClass>
                <energyPerSecond>5.04</energyPerSecond> <!-- 21 -->
            </li>
            <li>
                <compClass>CompGlower</compClass>
                <glowRadius>3</glowRadius>
                <glowColor>(255,150,100,0)</glowColor>
            </li>
        </comps>
        <designationCategory>Temperature</designationCategory>
        <designationHotKey>H</designationHotKey>
		<researchPrerequisite>PowerI</researchPrerequisite><!--added prerequisite-->
    </ThingDef>

    <ThingDef ParentName="BuildingBase">
        <defName>Cooler</defName>
        <label>medium cooler</label>
        <thingClass>RedistHeat.Building_Cooler</thingClass>
        <graphicData>
            <texPath>Things/Building/Misc/TempControl/Cooler</texPath>
            <graphicClass>Graphic_Multi</graphicClass>
        </graphicData>
        <altitudeLayer>BuildingTall</altitudeLayer>
        <passability>Impassable</passability>
        <fillPercent>1</fillPercent>
        <coversFloor>true</coversFloor>
        <blockLight>true</blockLight>
        <castEdgeShadows>true</castEdgeShadows>
        <staticSunShadowHeight>1.0</staticSunShadowHeight>
        <statBases>
            <WorkToMake>1600</WorkToMake>
            <MaxHitPoints>100</MaxHitPoints>
            <Flammability>1.0</Flammability>
        </statBases>
        <tickerType>Normal</tickerType>
        <description>An electrical device that fits into a wall and pushes cold air into a room. Its exhaust port generates a lot of heat. Can be used to cool down rooms during the summer months, or to create a walk-in freezer.
        </description>
        <costList>
            <Steel>90</Steel>
        </costList>
        <terrainAffordanceNeeded>Heavy</terrainAffordanceNeeded>
        <placeWorkers>
            <li>PlaceWorker_Cooler</li>
        </placeWorkers>
        <drawPlaceWorkersWhileSelected>true</drawPlaceWorkersWhileSelected>
        <building>
            <canPlaceOverWall>true</canPlaceOverWall>
        </building>
        <comps>
            <li>
                <compClass>CompPowerTrader</compClass>
                <soundPowerOn>PowerOnSmall</soundPowerOn>
                <soundPowerOff>PowerOffSmall</soundPowerOff>
                <basePowerConsumption>200</basePowerConsumption>
            </li>
            <li>
                <compClass>CompTempControl</compClass>
                <energyPerSecond>-5.04</energyPerSecond> <!-- -21 -->
            </li>
        </comps>
        <designationCategory>Temperature</designationCategory>
        <designationHotKey>O</designationHotKey>
		<researchPrerequisite>ElectricSmelting</researchPrerequisite><!--added prerequisite-->
    </ThingDef>

    <ThingDef ParentName="BuildingBase">
        <defName>RH_SmallCooler</defName>
        <label>small cooler</label>
        <description>An electrical device that fits into a wall and pushes cold air into a room. Its exhaust port generates a lot of heat. Can be used to cool down rooms during the summer months, or to create a walk-in freezer.</description>
        <thingClass>Building_Cooler</thingClass>
        <graphicData>
            <texPath>Things/Building/Cooler/SmallCooler</texPath>
            <graphicClass>RedistHeat.Graphic_MultiDXT5</graphicClass>
        </graphicData>
        <building>
            <isEdifice>false</isEdifice>
        </building>
        <costList>
            <Steel>60</Steel>
        </costList>
        <statBases>
            <WorkToMake>500</WorkToMake>
            <MaxHitPoints>30</MaxHitPoints>
            <Flammability>1.0</Flammability>
        </statBases>
        <comps>
            <li Class="CommunityCoreLibrary.RestrictedPlacement_Properties">
                <compClass>CommunityCoreLibrary.RestrictedPlacement_Comp</compClass>
                <thingDefs>
                    <li>Wall</li>
                </thingDefs>
            </li>
            <li>
                <compClass>CompPowerTrader</compClass>
                <soundPowerOn>PowerOnSmall</soundPowerOn>
                <soundPowerOff>PowerOffSmall</soundPowerOff>
                <basePowerConsumption>100</basePowerConsumption>
            </li>
            <li>
                <compClass>CompTempControl</compClass>
                <energyPerSecond>-13</energyPerSecond>
            </li>
        </comps>
        <placeWorkers>
            <li>PlaceWorker_Cooler</li>
            <li>CommunityCoreLibrary.PlaceWorker_OnlyOnThing</li>
            <li>RedistHeat.PlaceWorker_WallChecker</li>
        </placeWorkers>
        <altitudeLayer>PawnUnused</altitudeLayer>
        <blockLight>false</blockLight>
        <designationCategory>Temperature</designationCategory>
        <drawPlaceWorkersWhileSelected>true</drawPlaceWorkersWhileSelected>
        <tickerType>Rare</tickerType>
		<researchPrerequisite>PowerI</researchPrerequisite><!--added prerequisite-->
    </ThingDef>

    <ThingDef ParentName="BuildingBase">
        <defName>RH_MediumHeater</defName>
        <thingClass>RedistHeat.Building_MediumHeater</thingClass>
        <label>medium heater</label>
        <description>A wall mounted heater, which is more efficient at heating large rooms and bases. It can automatically turn itself on or off to reach a specific target temperature.</description>
        <graphicData>
            <texPath>Things/Building/Heater/MediumHeater</texPath>
            <graphicClass>RedistHeat.Graphic_MultiDXT5</graphicClass>
        </graphicData>
        <costList>
            <Steel>170</Steel>
        </costList>
        <building>
            <isEdifice>false</isEdifice>
        </building>
        <statBases>
            <WorkToMake>1400</WorkToMake>
            <MaxHitPoints>30</MaxHitPoints>
            <Flammability>1.0</Flammability>
        </statBases>
        <comps>
            <li Class="CommunityCoreLibrary.RestrictedPlacement_Properties">
                <compClass>CommunityCoreLibrary.RestrictedPlacement_Comp</compClass>
                <thingDefs>
                    <li>Wall</li>
                </thingDefs>
            </li>
            <li>
                <compClass>CompPowerTrader</compClass>
                <soundPowerOn>PowerOnSmall</soundPowerOn>
                <soundPowerOff>PowerOffSmall</soundPowerOff>
                <basePowerConsumption>200</basePowerConsumption>
            </li>
            <li>
                <compClass>CompTempControl</compClass>
                <energyPerSecond>8.4</energyPerSecond>
<!--35-->
            </li>
        </comps>
        <placeWorkers>
            <li>RedistHeat.PlaceWorker_MediumHeater</li>
            <li>CommunityCoreLibrary.PlaceWorker_OnlyOnThing</li>
            <li>RedistHeat.PlaceWorker_WallChecker</li>
        </placeWorkers>
        <altitudeLayer>PawnUnused</altitudeLayer>
        <castEdgeShadows>false</castEdgeShadows>
        <designationCategory>Temperature</designationCategory>
        <drawPlaceWorkersWhileSelected>true</drawPlaceWorkersWhileSelected>
        <tickerType>Normal</tickerType>
		<researchPrerequisite>ElectricSmelting</researchPrerequisite><!--added prerequisite-->
    </ThingDef>

</Buildings>
