<?xml version="1.0" encoding="utf-8" ?>
<Buildings>


  <ThingDef Name="BuildingBase" Abstract="True">
    <category>Building</category>
    <soundImpactDefault>BulletImpactMetal</soundImpactDefault>
    <selectable>true</selectable>
    <drawerType>MapMeshAndRealTime</drawerType>
    <terrainAffordanceNeeded>Light</terrainAffordanceNeeded>
    <repairEffect>Repair</repairEffect>
    <leaveResourcesWhenKilled>true</leaveResourcesWhenKilled>
    <filthLeaving>BuildingRubble</filthLeaving>
  </ThingDef>

 
  <ThingDef ParentName="BuildingBase">
    <defName>WaterPump</defName>
    <label>water pump</label>
    <thingClass>EnhancedFireFight.Building_WaterPump</thingClass>
    <category>Building</category>
    <graphicData>
      <texPath>Things/Building/Security/WaterPump</texPath>
      <graphicClass>Graphic_Single</graphicClass>
      <drawSize>(1,1)</drawSize>
    </graphicData>
    <altitudeLayer>Waist</altitudeLayer>
    <passability>PassThroughOnly</passability>
   <statBases>
      <Flammability>1.0</Flammability>
      <WorkToMake>2500</WorkToMake>
      <Beauty>-60</Beauty>
    </statBases>
    <selectable>true</selectable>
    <description>Water Pump that extinguish an area.</description>
    <size>(1,1)</size>
    <costList>
      <Steel>60</Steel>
    </costList>
    <tickerType>Normal</tickerType>
    <comps>
      <li>
        <compClass>CompPowerTrader</compClass>
        <basePowerConsumption>50</basePowerConsumption>
        <soundPowerOn>PowerOnSmall</soundPowerOn>
        <soundPowerOff>PowerOffSmall</soundPowerOff>
      </li>
    </comps>
    <specialDisplayRadius>5.8</specialDisplayRadius>
    <designationCategory>Security</designationCategory>
    <rotatable>false</rotatable>
    <designationHotKey>K</designationHotKey>
	<researchPrerequisite>FireFighting</researchPrerequisite><!--added prerequisite-->
  </ThingDef>
  

  
</Buildings>