<?xml version="1.0" encoding="utf-8" ?>
<ThingDefs>

  <ThingDef Name="BasePawn" Abstract="True">
    <thingClass>Pawn</thingClass>
    <category>Pawn</category>
    <selectable>true</selectable>
    <tickerType>Normal</tickerType>
    <altitudeLayer>Pawn</altitudeLayer>
    <useHitPoints>false</useHitPoints>
    <hasTooltip>true</hasTooltip>
    <soundImpactDefault>BulletImpactFlesh</soundImpactDefault>
    <inspectorTabs>
      <li>ITab_Pawn_Health</li>
      <li>ITab_Pawn_Needs</li>
      <li>ITab_Pawn_Character</li>
      <li>ITab_Pawn_Training</li>
      <li>ITab_Pawn_Gear</li>
      <li>ITab_Pawn_Guest</li>
      <li>ITab_Pawn_Prisoner</li>
    </inspectorTabs>
    <comps>
      <li>
        <compClass>CompAttachBase</compClass>
      </li>
    </comps>
    <drawGUIOverlay>true</drawGUIOverlay>
  </ThingDef>
  
  <ThingDef ParentName="BasePawn" Name="BaseAnimal" Abstract="True">
    <statBases>
      <Flammability>1.0</Flammability>
      <LeatherAmount>20</LeatherAmount>
    </statBases>
    <race>
      <minFoodPreferability>Plant</minFoodPreferability>
      <isFlesh>true</isFlesh>
      <hasGenders>true</hasGenders>
      <nameGenerator>NamerAnimalGeneric</nameGenerator>
      <manhunterOnDamageChance>0.0125</manhunterOnDamageChance>
      <nameOnNuzzleChance>0.5</nameOnNuzzleChance>
      <hediffGiverSets>
        <li>OrganicStandard</li>
      </hediffGiverSets>
    </race>
  </ThingDef>

<!--========================== Alphalo ==========================-->

  <ThingDef ParentName="BaseAnimal">
    <defName>Alphalo</defName>
    <label>AlphaMuffalo</label>
    <description>A huge Muffalo that has survived the harsh landscape of Rimworld, It's strength allows it to wander alone and spread its lineage to many herds of Muffalo. They can also be somewhat aggressive if you get too close.</description>
    <statBases>
      <MoveSpeed>2.17</MoveSpeed>
      <ComfyTemperatureMin>-52</ComfyTemperatureMin>
	  <MarketValue>800</MarketValue>
    </statBases>
    <verbs>
      <li>
        <verbClass>Verb_MeleeAttack</verbClass>
        <defaultCooldownTicks>80</defaultCooldownTicks>
        <meleeDamageBaseAmount>15</meleeDamageBaseAmount>
        <meleeDamageDef>Blunt</meleeDamageDef>
        <linkedBodyPartsGroup>HeadAttackTool</linkedBodyPartsGroup>
      </li>
    </verbs>
	<comps>
      <li>
        <compClass>CompShearable</compClass>
        <woolDef>MuffaloWool</woolDef>
        <shearIntervalDays>60</shearIntervalDays>
        <woolAmount>150</woolAmount>
      </li>
    </comps>
    <race>
      <thinkTree>HerbivoreAggresiveStandard</thinkTree>
      <body>QuadrupedAnimalWithHooves</body>
      <baseBodySize>2.5</baseBodySize>
	  <executionRange>4</executionRange>
      <baseHealthScale>2.2</baseHealthScale>
      <diet>Herbivorous</diet>
      <leatherColor>(67,103,115)</leatherColor>
      <leatherInsulation>1.5</leatherInsulation>
	  <gestationPeriodDays>60</gestationPeriodDays>
	  <wildness>0.8</wildness>
	  <manhunterOnDamageChance>1</manhunterOnDamageChance>
	  <manhunterOnTameFailChance>0.01</manhunterOnTameFailChance>
	  <nuzzleChancePerHour>0.01</nuzzleChancePerHour>
	  <lifeExpectancy>15</lifeExpectancy>
	  <lifeStageAges>
        <li>
          <def>AnimalBaby</def>
          <minAge>0</minAge>
        </li>
        <li>
          <def>AnimalJuvenile</def>
          <minAge>0.25</minAge>
        </li>
        <li>
          <def>AnimalAdult</def>
          <minAge>1</minAge>
          <soundWounded>Pawn_Muffalo_Wounded</soundWounded>
          <soundDeath>Pawn_Muffalo_Death</soundDeath>
          <soundCall>Pawn_Muffalo_Call</soundCall>
          <soundAngry>Pawn_Muffalo_Angry</soundAngry>
        </li>
      </lifeStageAges>
      <soundMeleeHitPawn>Pawn_Melee_BigBash_HitPawn</soundMeleeHitPawn>
      <soundMeleeHitBuilding>Pawn_Melee_BigBash_HitBuilding</soundMeleeHitBuilding>
      <soundMeleeMiss>Pawn_Melee_BigBash_Miss</soundMeleeMiss>
    </race>
  </ThingDef>

<!--========================== Crashbug =========================-->

  <ThingDef ParentName="BaseAnimal">
    <defName>Crashbug</defName>
    <label>Crashbug</label>
    <description>These fearsome critters are small and hard to find, and they can often be fatal if one strikes. But they are very easy to kill once you find them. This is what earned them their name.</description>
    <statBases>
      <MoveSpeed>4.7</MoveSpeed>
      <ArmorRating_Blunt>0.01</ArmorRating_Blunt>
      <ArmorRating_Sharp>0.01</ArmorRating_Sharp>
      <ComfyTemperatureMin>0</ComfyTemperatureMin>
	  <MarketValue>100</MarketValue>
      <LeatherAmount>0</LeatherAmount>
    </statBases>
    <verbs>
      <li>
        <verbClass>Verb_MeleeAttack</verbClass>
        <defaultCooldownTicks>150</defaultCooldownTicks>
        <meleeDamageBaseAmount>20</meleeDamageBaseAmount>
        <meleeDamageDef>Bite</meleeDamageDef>
        <linkedBodyPartsGroup>Mouth</linkedBodyPartsGroup>
      </li>
    </verbs>
    <race>
      <thinkTree>HerbivoreAggresiveStandard</thinkTree>
	  <executionRange>4</executionRange>
      <baseHungerRate>0.5</baseHungerRate>
      <body>BeetleLike</body>
      <baseBodySize>0.2</baseBodySize>
      <baseHealthScale>0.2</baseHealthScale>
      <meatLabel>crashbug meat</meatLabel>
      <diet>Omnivorous</diet>
	  <wildness>0.95</wildness>
      <manhunterOnTameFailChance>0.01</manhunterOnTameFailChance>
      <manhunterOnDamageChance>1</manhunterOnDamageChance>
      <nuzzlePower>0.4</nuzzlePower>
      <nuzzleChancePerHour>0</nuzzleChancePerHour>
      <lifeStageAges>
        <li>
          <def>EusocialInsectLarva</def>
          <minAge>0</minAge>
        </li>
        <li>
          <def>EusocialInsectJuvenile</def>
          <minAge>0.03</minAge>
        </li>
        <li>
          <def>EusocialInsectAdult</def>
          <minAge>0.4</minAge>
          <soundWounded>Pawn_Megascarab_Wounded</soundWounded>
          <soundDeath>Pawn_Megascarab_Death</soundDeath>
          <soundCall>Pawn_Megascarab_Call</soundCall>
          <soundAngry>Pawn_Megascarab_Angry</soundAngry>
        </li>
      </lifeStageAges>
      <soundMeleeHitPawn>Pawn_Melee_SmallScratch_HitPawn</soundMeleeHitPawn>
      <soundMeleeHitBuilding>Pawn_Melee_SmallScratch_HitBuilding</soundMeleeHitBuilding>
      <soundMeleeMiss>Pawn_Melee_SmallScratch_Miss</soundMeleeMiss>
    </race>
  </ThingDef>

<!--========================== Fly  =============================-->

  <ThingDef ParentName="BaseAnimal">
    <defName>Fly</defName>
    <label>fly</label>
    <description>What used to be a common housefly has grown to be a huge pest.</description>
    <statBases>
      <MoveSpeed>10.0</MoveSpeed>
      <ComfyTemperatureMin>0</ComfyTemperatureMin>
	  <MarketValue>50</MarketValue>
	  <LeatherAmount>0</LeatherAmount>
    </statBases>
    <verbs>
      <li>
        <verbClass>Verb_MeleeAttack</verbClass>
        <defaultCooldownTicks>20</defaultCooldownTicks>
        <meleeDamageBaseAmount>1</meleeDamageBaseAmount>
        <meleeDamageDef>Bite</meleeDamageDef>
        <linkedBodyPartsGroup>Mouth</linkedBodyPartsGroup>
      </li>
    </verbs>
    <race>
	  <herdAnimal>true</herdAnimal>
      <thinkTree>Animal</thinkTree>
	  <executionRange>4</executionRange>
      <baseHungerRate>2.0</baseHungerRate>
      <body>BeetleLike</body>
      <baseBodySize>0.1</baseBodySize>
      <baseHealthScale>0.1</baseHealthScale>
      <diet>Omnivorous</diet>
      <wildness>0.95</wildness>
      <nuzzlePower>0.4</nuzzlePower>
      <nuzzleChancePerHour>0</nuzzleChancePerHour>
      <lifeExpectancy>10</lifeExpectancy>
      <lifeStageAges>
        <li>
          <def>EusocialInsectLarva</def>
          <minAge>0</minAge>
        </li>
        <li>
          <def>EusocialInsectJuvenile</def>
          <minAge>0.03</minAge>
        </li>
        <li>
          <def>EusocialInsectAdult</def>
          <minAge>0.4</minAge>
          <soundWounded>Pawn_Megascarab_Wounded</soundWounded>
          <soundDeath>Pawn_Megascarab_Death</soundDeath>
          <soundCall>Pawn_Megascarab_Call</soundCall>
          <soundAngry>Pawn_Megascarab_Angry</soundAngry>
        </li>
      </lifeStageAges>
      <soundMeleeHitPawn>Pawn_Melee_SmallScratch_HitPawn</soundMeleeHitPawn> 
      <soundMeleeHitBuilding>Pawn_Melee_SmallScratch_HitBuilding</soundMeleeHitBuilding> 
      <soundMeleeMiss>Pawn_Melee_SmallScratch_Miss</soundMeleeMiss>
    </race>
  </ThingDef>

<!--========================== Furx =============================-->

  <ThingDef ParentName="BaseAnimal">
    <defName>Furx</defName>
    <label>Furx</label>
    <description>Furxes are only found in large numbers on the desolate Rimplanets, where the hunt for their luxurious furs isn't deemed worth the time and effort.</description>
    <statBases>
      <MoveSpeed>5.50</MoveSpeed>
      <ComfyTemperatureMin>-30</ComfyTemperatureMin>
	  <MarketValue>170</MarketValue>
    </statBases>
    <verbs>
      <li>
        <verbClass>Verb_MeleeAttack</verbClass>
        <defaultCooldownTicks>100</defaultCooldownTicks>
        <meleeDamageBaseAmount>5</meleeDamageBaseAmount>
        <meleeDamageDef>Scratch</meleeDamageDef>
        <linkedBodyPartsGroup>FrontLeftPaw</linkedBodyPartsGroup>
      </li>
      <li>
        <verbClass>Verb_MeleeAttack</verbClass>
        <defaultCooldownTicks>100</defaultCooldownTicks>
        <meleeDamageBaseAmount>5</meleeDamageBaseAmount>
        <meleeDamageDef>Scratch</meleeDamageDef>
        <linkedBodyPartsGroup>FrontRightPaw</linkedBodyPartsGroup>
      </li>
      <li>
        <verbClass>Verb_MeleeAttack</verbClass>
        <defaultCooldownTicks>100</defaultCooldownTicks>
        <meleeDamageBaseAmount>8</meleeDamageBaseAmount>
        <meleeDamageDef>Bite</meleeDamageDef>
        <linkedBodyPartsGroup>Teeth</linkedBodyPartsGroup>
      </li>
    </verbs>
    <race>
	  <herdAnimal>true</herdAnimal>
      <thinkTree>HerbivoreAggresiveStandard</thinkTree>
	  <executionRange>4</executionRange>
      <baseHungerRate>1</baseHungerRate>
      <body>QuadrupedAnimalWithPawsAndTail</body>
      <baseBodySize>0.4</baseBodySize>
      <baseHealthScale>0.7</baseHealthScale>
      <diet>Omnivorous</diet>
      <leatherColor>(250,120,60)</leatherColor>
      <leatherLabel>furxhide</leatherLabel>
      <leatherInsulation>1.25</leatherInsulation>
	  <leatherMarketValue>5</leatherMarketValue>
      <leatherStatFactors>
        <MarketValue>1.5</MarketValue>
        <ArmorRating_Heat>4</ArmorRating_Heat>
      </leatherStatFactors>
      <wildness>0.8</wildness>
      <manhunterOnTameFailChance>0.005</manhunterOnTameFailChance>
      <nuzzleChancePerHour>0.03</nuzzleChancePerHour>
	  <gestationPeriodDays>26</gestationPeriodDays>
	  <litterSizeCurve>
        <points>
          <li>(0.5, 0)</li>
          <li>(1, 1)</li>
          <li>(3, 1)</li>
          <li>(3.5, 0)</li>
        </points>
      </litterSizeCurve>
      <lifeExpectancy>12</lifeExpectancy>
	  <lifeStageAges>
        <li>
          <def>AnimalBaby</def>
          <minAge>0</minAge>
        </li>
        <li>
          <def>AnimalJuvenile</def>
          <minAge>0.1</minAge>
        </li>
        <li>
          <def>AnimalAdult</def>
          <minAge>0.5</minAge>
		  <soundWounded>Pawn_Rodent_Wounded</soundWounded>
		  <soundDeath>Pawn_Rodent_Death</soundDeath>
		  <soundCall>Pawn_Rodent_Call</soundCall>
		  <soundAngry>Pawn_Rodent_Angry</soundAngry>
		  </li>
      </lifeStageAges>
      <soundMeleeHitPawn>Pawn_Melee_SmallScratch_HitPawn</soundMeleeHitPawn>
      <soundMeleeHitBuilding>Pawn_Melee_SmallScratch_HitBuilding</soundMeleeHitBuilding>
      <soundMeleeMiss>Pawn_Melee_SmallScratch_Miss</soundMeleeMiss>
    </race>
  </ThingDef>

<!--========================== Lacosdile ========================-->

  <ThingDef ParentName="BaseAnimal">
    <defName>Lacosdile</defName>
    <label>Lacosdile</label>
    <description>Crossbred and genetically manipulated lizard originally created as part of clever fragrance marketing gig. Being herbivorous and barely dangerous made them very common pets. However as the trends passed Lacosdiles were soon found flooding the sewage systems and in desperation were carried off across the galaxy to the furthest reaches of space. As a result the species now flourish on the desolate rimworlds.</description>
    <statBases>
      <MoveSpeed>2.23</MoveSpeed>
      <ComfyTemperatureMin>0</ComfyTemperatureMin>
    </statBases>
    <verbs>
      <li>
        <verbClass>Verb_MeleeAttack</verbClass>
        <defaultCooldownTicks>100</defaultCooldownTicks>
        <meleeDamageBaseAmount>8</meleeDamageBaseAmount>
        <meleeDamageDef>Scratch</meleeDamageDef>
        <linkedBodyPartsGroup>FrontLeftClaws</linkedBodyPartsGroup>
      </li>
      <li>
        <verbClass>Verb_MeleeAttack</verbClass>
        <defaultCooldownTicks>100</defaultCooldownTicks>
        <meleeDamageBaseAmount>8</meleeDamageBaseAmount>
        <meleeDamageDef>Scratch</meleeDamageDef>
        <linkedBodyPartsGroup>FrontRightClaws</linkedBodyPartsGroup>
      </li>
      <li>
        <verbClass>Verb_MeleeAttack</verbClass>
        <defaultCooldownTicks>100</defaultCooldownTicks>
        <meleeDamageBaseAmount>6</meleeDamageBaseAmount>
        <meleeDamageDef>Bite</meleeDamageDef>
        <linkedBodyPartsGroup>Teeth</linkedBodyPartsGroup>
      </li>
    </verbs>
	<comps>
      <li>
        <compClass>CompEggLayer</compClass>
        <eggFertilizedDef>EggIguanaFertilized</eggFertilizedDef>
        <eggFertilizationCountMax>1</eggFertilizationCountMax>
        <eggLayIntervalDays>20</eggLayIntervalDays>
        <eggProgressUnfertilizedMax>0.5</eggProgressUnfertilizedMax>
        <eggCountRange>
          <min>5</min>
          <max>7</max>
        </eggCountRange>
      </li>
    </comps>
    <race>
	  <herdAnimal>true</herdAnimal>
      <thinkTree>HerbivoreAggresiveStandard</thinkTree>
	  <executionRange>4</executionRange>
      <baseHungerRate>0.8</baseHungerRate>
      <body>QuadrupedAnimalWithClawsTailAndJowl</body>
      <baseBodySize>0.7</baseBodySize>
      <baseHealthScale>0.78</baseHealthScale>
      <diet>Omnivorous</diet>
      <leatherColor>(114,152,59)</leatherColor>
      <leatherLabel>lacosdileskin</leatherLabel>
      <leatherInsulation>1.2</leatherInsulation>
	  <wildness>0.5</wildness>
	  <manhunterOnDamageChance>1</manhunterOnDamageChance>
      <nuzzleChancePerHour>0.01</nuzzleChancePerHour>
      <gestationPeriodDays>28</gestationPeriodDays>
	  <litterSizeCurve>
        <points>
          <li>(0.5, 0)</li>
          <li>(1, 1)</li>
          <li>(3, 1)</li>
          <li>(3.5, 0)</li>
        </points>
      </litterSizeCurve>
      <lifeExpectancy>12</lifeExpectancy>
      <lifeStageAges>
        <li>
          <def>AnimalBaby</def>
          <minAge>0</minAge>
        </li>
        <li>
          <def>AnimalJuvenile</def>
          <minAge>0.09</minAge>
        </li>
        <li>
          <def>AnimalAdult</def>
          <minAge>0.35</minAge>
		  <soundWounded>Pawn_Lizard_Wounded</soundWounded>
		  <soundDeath>Pawn_Lizard_Death</soundDeath>
		  <soundCall>Pawn_Lizard_Call</soundCall>
		  <soundAngry>Pawn_Lizard_Angry</soundAngry>
		  </li>
      </lifeStageAges>
      <soundMeleeHitPawn>Pawn_Melee_SmallScratch_HitPawn</soundMeleeHitPawn>
      <soundMeleeHitBuilding>Pawn_Melee_SmallScratch_HitBuilding</soundMeleeHitBuilding>
      <soundMeleeMiss>Pawn_Melee_SmallScratch_Miss</soundMeleeMiss>
    </race>
  </ThingDef>

<!--========================== Megaslug =========================-->

  <ThingDef ParentName="BaseAnimal">
    <defName>Megaslug</defName>
    <label>Megaslug</label>
    <description>The possible result of genetic farming gone wrong. Nobody is certain how these creatures came to be, But it can be agreed that they're still very.. sluggish.</description>
    <statBases>
      <MoveSpeed>0.50</MoveSpeed>
      <ArmorRating_Blunt>0.5</ArmorRating_Blunt>
      <ArmorRating_Sharp>0.7</ArmorRating_Sharp>
      <ComfyTemperatureMin>0</ComfyTemperatureMin>
	  <MarketValue>100</MarketValue>
      <LeatherAmount>0</LeatherAmount>
    </statBases>
    <verbs>
      <li>
        <verbClass>Verb_MeleeAttack</verbClass>
        <defaultCooldownTicks>100</defaultCooldownTicks>
        <meleeDamageBaseAmount>10</meleeDamageBaseAmount>
        <meleeDamageDef>Bite</meleeDamageDef>
        <linkedBodyPartsGroup>TurtleBeakAttackTool</linkedBodyPartsGroup>
      </li>
    </verbs>
    <race>
      <thinkTree>Animal</thinkTree>
	  <executionRange>4</executionRange>
      <baseHungerRate>0.35</baseHungerRate>
      <body>TurtleLike</body>
      <baseBodySize>0.3</baseBodySize>
      <baseHealthScale>0.7</baseHealthScale>
	  <meatLabel>slug meat</meatLabel>
      <diet>Omnivorous</diet>
	  <wildness>0.65</wildness>
	  <nuzzlePower>0.4</nuzzlePower>
      <nuzzleChancePerHour>0</nuzzleChancePerHour>
      <lifeExpectancy>10</lifeExpectancy>
      <lifeStageAges>
        <li>
          <def>EusocialInsectLarva</def>
          <minAge>0</minAge>
        </li>
        <li>
          <def>EusocialInsectJuvenile</def>
          <minAge>0.03</minAge>
        </li>
        <li>
          <def>EusocialInsectAdult</def>
          <minAge>0.4</minAge>
		  <soundWounded>Pawn_Tortoise_Wounded</soundWounded>
		  <soundDeath>Pawn_Tortoise_Death</soundDeath>
		  <soundCall>Pawn_Tortoise_Call</soundCall>
		  <soundAngry>Pawn_Tortoise_Angry</soundAngry>
	  </li>
      </lifeStageAges>
      <soundMeleeHitPawn>Pawn_Melee_SmallScratch_HitPawn</soundMeleeHitPawn>
      <soundMeleeHitBuilding>Pawn_Melee_SmallScratch_HitBuilding</soundMeleeHitBuilding>
      <soundMeleeMiss>Pawn_Melee_SmallScratch_Miss</soundMeleeMiss>
    </race>
  </ThingDef>

<!--========================== Mosquito =========================-->

  <ThingDef ParentName="BaseAnimal">
    <defName>Mosquito</defName>
    <label>mosquito</label>
    <description>Swarming parasites.</description>
    <statBases>
      <MoveSpeed>3.0</MoveSpeed>
      <ComfyTemperatureMin>0</ComfyTemperatureMin>
	  <MarketValue>50</MarketValue>
      <LeatherAmount>0</LeatherAmount>
    </statBases>
    <verbs>
      <li>
        <verbClass>Verb_MeleeAttack</verbClass>
        <defaultCooldownTicks>60</defaultCooldownTicks>
        <meleeDamageBaseAmount>1</meleeDamageBaseAmount>
        <meleeDamageDef>Bite</meleeDamageDef>
        <linkedBodyPartsGroup>Mouth</linkedBodyPartsGroup>
      </li>
    </verbs>
    <race>
	  <herdAnimal>true</herdAnimal>
      <thinkTree>HerbivoreAggresiveStandard</thinkTree>
	  <executionRange>4</executionRange>
      <baseHungerRate>0.1</baseHungerRate>
      <body>BeetleLike</body>
      <baseBodySize>0.1</baseBodySize>
      <baseHealthScale>0.1</baseHealthScale>
      <diet>Omnivorous</diet>
	  <wildness>0.95</wildness>
      <manhunterOnDamageChance>1</manhunterOnDamageChance>
      <nuzzlePower>0.4</nuzzlePower>
      <nuzzleChancePerHour>0</nuzzleChancePerHour>
      <lifeExpectancy>10</lifeExpectancy>
	  <lifeStageAges>
        <li>
          <def>EusocialInsectLarva</def>
          <minAge>0</minAge>
        </li>
        <li>
          <def>EusocialInsectJuvenile</def>
          <minAge>0.03</minAge>
        </li>
        <li>
          <def>EusocialInsectAdult</def>
          <minAge>0.4</minAge>
		  <soundWounded>Pawn_Insect_Wounded</soundWounded> 
		  <soundDeath>Pawn_Insect_Death</soundDeath> 
		  <soundCall>Pawn_Insect_Call</soundCall> 
		  <soundAngry>Pawn_Insect_Angry</soundAngry>
		  </li>
      </lifeStageAges>
      <soundMeleeHitPawn>Pawn_Melee_SmallScratch_HitPawn</soundMeleeHitPawn> 
      <soundMeleeHitBuilding>Pawn_Melee_SmallScratch_HitBuilding</soundMeleeHitBuilding> 
      <soundMeleeMiss>Pawn_Melee_SmallScratch_Miss</soundMeleeMiss>
    </race>
  </ThingDef>

<!--========================== Quadhog ==========================-->

  <ThingDef ParentName="BaseAnimal">
    <defName>Quadhog</defName>
    <label>quadhog</label>
    <description>This oversized cousin of the wild boar is four times as aggressive and four times as deadly. Luckily there aren't very many of them running around or life would be even harder than it already is on this remote rim world.</description>
    <statBases>
      <MoveSpeed>5.75</MoveSpeed>
      <ComfyTemperatureMin>-20</ComfyTemperatureMin>
      <MarketValue>200</MarketValue>
    </statBases>
    <verbs>
      <li>
        <verbClass>Verb_MeleeAttack</verbClass>
        <defaultCooldownTicks>100</defaultCooldownTicks>
        <meleeDamageBaseAmount>15</meleeDamageBaseAmount>
        <meleeDamageDef>Scratch</meleeDamageDef>
        <linkedBodyPartsGroup>TuskAttackTool</linkedBodyPartsGroup>
      </li>
    </verbs>
    <race>
	  <herdAnimal>true</herdAnimal>
      <thinkTree>HerbivoreAggresiveStandard</thinkTree>
	  <executionRange>4</executionRange>
      <baseHungerRate>0.5</baseHungerRate>
      <body>QuadrupedAnimalWithHoovesAndTusks</body>
      <baseBodySize>2.0</baseBodySize>
      <baseHealthScale>1.0</baseHealthScale>
      <diet>Omnivorous</diet>
      <leatherColor>(117,109,93)</leatherColor>
      <leatherLabel>quadskin</leatherLabel>
	  <leatherMarketValue>5</leatherMarketValue>
      <leatherStatFactors>
        <MarketValue>2.5</MarketValue>
        <ArmorRating_Heat>6</ArmorRating_Heat>
        <ArmorRating_Sharp>2.5</ArmorRating_Sharp>
      </leatherStatFactors>
      <leatherInsulation>1.25</leatherInsulation>
	  <wildness>0.75</wildness>
      <manhunterOnTameFailChance>0.005</manhunterOnTameFailChance>
      <nuzzleChancePerHour>0.03</nuzzleChancePerHour>
      <meatLabel>hogmeat</meatLabel>
	  <gestationPeriodDays>26</gestationPeriodDays>
	  <litterSizeCurve>
        <points>
          <li>(0.5, 0)</li>
          <li>(1, 1)</li>
          <li>(3, 1)</li>
          <li>(3.5, 0)</li>
        </points>
      </litterSizeCurve>
      <lifeExpectancy>12</lifeExpectancy>
      <lifeStageAges>
        <li>
          <def>AnimalBaby</def>
          <minAge>0</minAge>
        </li>
        <li>
          <def>AnimalJuvenile</def>
          <minAge>0.1</minAge>
        </li>
        <li>
          <def>AnimalAdult</def>
          <minAge>0.5</minAge>
		  <soundWounded>Pawn_Boomrat_Wounded</soundWounded>
		  <soundDeath>Pawn_Boomrat_Death</soundDeath>
		  <soundCall>Pawn_Boomrat_Call</soundCall>
		  <soundAngry>Pawn_Boomrat_Angry</soundAngry>
		  </li>
      </lifeStageAges>
      <soundMeleeHitPawn>Pawn_Melee_SmallScratch_HitPawn</soundMeleeHitPawn>
      <soundMeleeHitBuilding>Pawn_Melee_SmallScratch_HitBuilding</soundMeleeHitBuilding>
      <soundMeleeMiss>Pawn_Melee_SmallScratch_Miss</soundMeleeMiss>
    </race>
  </ThingDef>

<!--========================== Rimdogs ==========================-->

  <ThingDef ParentName="BaseAnimal">
    <defName>Rimdog</defName>
    <label>Rimdog</label>
    <description>These friendly canines can be seen wandering around the wilderness in large packs. Some have even been known to wander into town and snag any food they can find lying around.</description>
    <statBases>
      <MoveSpeed>4.00</MoveSpeed>
      <ComfyTemperatureMin>-35</ComfyTemperatureMin>
	  <MarketValue>200</MarketValue>
      <LeatherAmount>20</LeatherAmount>
    </statBases>
    <verbs>
      <li>
        <verbClass>Verb_MeleeAttack</verbClass>
        <defaultCooldownTicks>100</defaultCooldownTicks>
        <meleeDamageBaseAmount>5</meleeDamageBaseAmount>
        <meleeDamageDef>Scratch</meleeDamageDef>
        <linkedBodyPartsGroup>FrontLeftPaw</linkedBodyPartsGroup>
      </li>
      <li>
        <verbClass>Verb_MeleeAttack</verbClass>
        <defaultCooldownTicks>100</defaultCooldownTicks>
        <meleeDamageBaseAmount>5</meleeDamageBaseAmount>
        <meleeDamageDef>Scratch</meleeDamageDef>
        <linkedBodyPartsGroup>FrontRightPaw</linkedBodyPartsGroup>
      </li>
      <li>
        <verbClass>Verb_MeleeAttack</verbClass>
        <defaultCooldownTicks>100</defaultCooldownTicks>
        <meleeDamageBaseAmount>8</meleeDamageBaseAmount>
        <meleeDamageDef>Bite</meleeDamageDef>
        <linkedBodyPartsGroup>Teeth</linkedBodyPartsGroup>
      </li>
    </verbs>
    <race>
      <thinkTree>HerbivoreAggresiveStandard</thinkTree>
	  <petness>1</petness>
	  <executionRange>4</executionRange>
      <baseHungerRate>0.25</baseHungerRate>
      <body>QuadrupedAnimalWithPawsAndTail</body>
      <baseBodySize>0.7</baseBodySize>
      <baseHealthScale>0.7</baseHealthScale>
      <diet>Omnivorous</diet>
      <leatherColor>(140,85,36)</leatherColor>
      <leatherLabel>rimfur</leatherLabel>
	  <leatherMarketValue>5</leatherMarketValue>
      <leatherStatFactors>
        <MarketValue>1.5</MarketValue>
        <ArmorRating_Blunt>1.5</ArmorRating_Blunt>
        <ArmorRating_Sharp>1.1</ArmorRating_Sharp>
      </leatherStatFactors>
      <leatherInsulation>1.5</leatherInsulation>
	  <gestationPeriodDays>60</gestationPeriodDays>
	  <nameOnTameChance>1</nameOnTameChance>
      <trainableIntelligence>Advanced</trainableIntelligence>
      <wildness>0</wildness>
      <nuzzleChancePerHour>0.8</nuzzleChancePerHour>
      <litterSizeCurve>
        <points>
          <li>(0.5, 0)</li>
          <li>(1, 1)</li>
          <li>(2, 1.7)</li>
          <li>(3, 0.7)</li>
          <li>(3.5, 0)</li>
        </points>
      </litterSizeCurve>
      <lifeExpectancy>15</lifeExpectancy>
      <lifeStageAges>
        <li>
          <def>AnimalBaby</def>
          <minAge>0</minAge>
        </li>
        <li>
          <def>AnimalJuvenile</def>
          <minAge>0.1</minAge>
        </li>
        <li>
          <def>AnimalAdult</def>
          <minAge>0.3</minAge>
          <soundWounded>Pawn_DogSmall_Injured</soundWounded>
          <soundDeath>Pawn_DogSmall_Dead</soundDeath>
          <soundCall>Pawn_DogSmall_Call</soundCall>
          <soundAngry>Pawn_DogSmall_Angry</soundAngry>
        </li>
      </lifeStageAges>
      <soundMeleeHitPawn>Pawn_Melee_SmallScratch_HitPawn</soundMeleeHitPawn>
      <soundMeleeHitBuilding>Pawn_Melee_SmallScratch_HitBuilding</soundMeleeHitBuilding>
      <soundMeleeMiss>Pawn_Melee_SmallScratch_Miss</soundMeleeMiss>
    </race>
  </ThingDef>

<!--========================== Rim Ram ==========================-->

  <ThingDef ParentName="BaseAnimal">
    <defName>Rimram</defName>
    <label>rimram</label>
    <description>The thick wool on these rams makes them very common sight in cold climates, where the heat doesn't bother them so much. Known for their ability to stand at 90 degree angles on mountain walls.</description>
    <statBases>
      <MoveSpeed>4.84</MoveSpeed>
      <ComfyTemperatureMin>-40</ComfyTemperatureMin>
	  <MarketValue>400</MarketValue>
    </statBases>
    <verbs>
      <li>
        <verbClass>Verb_MeleeAttack</verbClass>
        <defaultCooldownTicks>100</defaultCooldownTicks>
        <meleeDamageBaseAmount>7</meleeDamageBaseAmount>
        <meleeDamageDef>Blunt</meleeDamageDef>
        <linkedBodyPartsGroup>FrontLeftLeg</linkedBodyPartsGroup>
      </li>
      <li>
        <verbClass>Verb_MeleeAttack</verbClass>
        <defaultCooldownTicks>100</defaultCooldownTicks>
        <meleeDamageBaseAmount>7</meleeDamageBaseAmount>
        <meleeDamageDef>Blunt</meleeDamageDef>
        <linkedBodyPartsGroup>FrontRightLeg</linkedBodyPartsGroup>
      </li>
    </verbs>
	<comps>
      <li>
        <compClass>CompShearable</compClass>
        <woolDef>RamWool</woolDef>
        <shearIntervalDays>30</shearIntervalDays>
        <woolAmount>120</woolAmount>
      </li>
    </comps>
    <race>
	  <herdAnimal>true</herdAnimal>
      <thinkTree>HerbivoreAggresiveStandard</thinkTree>
	  <executionRange>4</executionRange>
      <baseHungerRate>0.6</baseHungerRate>
      <body>QuadrupedAnimalWithHooves</body>
      <baseBodySize>0.7</baseBodySize>
      <baseHealthScale>1.0</baseHealthScale>
      <diet>Herbivorous</diet>
      <leatherColor>(162,145,116)</leatherColor>
      <leatherLabel>ramhide</leatherLabel>
      <leatherInsulation>1.5</leatherInsulation>
	  <leatherMarketValue>5</leatherMarketValue>
	  <leatherStatFactors>
        <MarketValue>1.5</MarketValue>
        <ArmorRating_Blunt>1.6</ArmorRating_Blunt>
        <ArmorRating_Sharp>1.3</ArmorRating_Sharp>
      </leatherStatFactors>
      <wildness>0</wildness>
      <nuzzleChancePerHour>0.03</nuzzleChancePerHour>
      <gestationPeriodDays>90</gestationPeriodDays>
      <lifeExpectancy>15</lifeExpectancy>
      <lifeStageAges>
        <li>
          <def>AnimalBaby</def>
          <minAge>0</minAge>
        </li>
        <li>
          <def>AnimalJuvenile</def>
          <minAge>0.25</minAge>
        </li>
        <li>
          <def>AnimalAdult</def>
          <minAge>0.8</minAge>
		  <soundWounded>Pawn_Antelope_Wounded</soundWounded>
		  <soundDeath>Pawn_Antelope_Death</soundDeath>
		  <soundCall>Pawn_Antelope_Call</soundCall>
		  <soundAngry>Pawn_Antelope_Angry</soundAngry>
		  </li>
      </lifeStageAges>
      <soundMeleeHitPawn>Pawn_Melee_BigBash_HitPawn</soundMeleeHitPawn>
      <soundMeleeHitBuilding>Pawn_Melee_BigBash_HitBuilding</soundMeleeHitBuilding>
      <soundMeleeMiss>Pawn_Melee_BigBash_Miss</soundMeleeMiss>
    </race>
  </ThingDef>

<!--========================== Snork ============================-->

  <ThingDef ParentName="BaseAnimal">
    <defName>Snork</defName>
    <label>Snork</label>
    <description>There's a distinct resemblance between Snorks and Walruses but it's impossible to tell which came first as lot of the datalogs of earthen fauna has been poorly kept and corrupted. Their tusks are very high demand luxury item.</description>
    <statBases>
      <MoveSpeed>1.00</MoveSpeed>
      <ComfyTemperatureMin>-30</ComfyTemperatureMin>
	  <MarketValue>200</MarketValue>
    </statBases>
    <verbs>
      <li>
        <verbClass>Verb_MeleeAttack</verbClass>
        <defaultCooldownTicks>100</defaultCooldownTicks>
        <meleeDamageBaseAmount>7</meleeDamageBaseAmount>
        <meleeDamageDef>Scratch</meleeDamageDef>
        <linkedBodyPartsGroup>TuskAttackTool</linkedBodyPartsGroup>
      </li>
    </verbs>
    <race>
	  <herdAnimal>true</herdAnimal>
      <thinkTree>Animal</thinkTree>
	  <executionRange>4</executionRange>
      <baseHungerRate>0.5</baseHungerRate>
      <body>Snork_bodydef</body>
      <baseBodySize>1.0</baseBodySize>
      <baseHealthScale>1.5</baseHealthScale>
      <diet>Herbivorous</diet>
      <leatherColor>(101,94,85)</leatherColor>
      <leatherLabel>snorkskin</leatherLabel>
      <leatherInsulation>1.75</leatherInsulation>
      <gestationPeriodDays>60</gestationPeriodDays>
      <wildness>0.6</wildness>
      <nuzzleChancePerHour>0.01</nuzzleChancePerHour>
      <lifeExpectancy>15</lifeExpectancy>
      <lifeStageAges>
        <li>
          <def>AnimalBaby</def>
          <minAge>0</minAge>
        </li>
        <li>
          <def>AnimalJuvenile</def>
          <minAge>0.25</minAge>
        </li>
        <li>
          <def>AnimalAdult</def>
          <minAge>1</minAge>
          <soundWounded>Pawn_Muffalo_Wounded</soundWounded>
          <soundDeath>Pawn_Muffalo_Death</soundDeath>
          <soundCall>Pawn_Muffalo_Call</soundCall>
          <soundAngry>Pawn_Muffalo_Angry</soundAngry>
        </li>
      </lifeStageAges>
      <soundMeleeHitPawn>Pawn_Melee_BigBash_HitPawn</soundMeleeHitPawn>
      <soundMeleeHitBuilding>Pawn_Melee_BigBash_HitBuilding</soundMeleeHitBuilding>
      <soundMeleeMiss>Pawn_Melee_BigBash_Miss</soundMeleeMiss>
    </race>
  </ThingDef>

<!--========================== Spindlecrib ============================-->

  <ThingDef ParentName="BaseAnimal">
    <defName>Spindlecrib</defName>
    <label>spindlecrib</label>
    <description>This is one very large arachnid. Unlike most giant bugs, these spiders have evolved this way, without the aid of gene manipulation. The name Spindlecrib was given to them in favour of 'Megaspider' after several recorded cases of the spiders dragging their victims in their lair, and keeping them alive for months on end, serving as a crib of sorts for their offspring.</description>
    <statBases>
      <MoveSpeed>3.7</MoveSpeed>
      <ArmorRating_Blunt>0.4</ArmorRating_Blunt>
      <ArmorRating_Sharp>0.6</ArmorRating_Sharp>
      <ComfyTemperatureMin>0</ComfyTemperatureMin>
	  <MarketValue>100</MarketValue>
      <LeatherAmount>0</LeatherAmount>
    </statBases>
    <verbs>
      <li>
        <verbClass>Verb_MeleeAttack</verbClass>
        <defaultCooldownTicks>100</defaultCooldownTicks>
        <meleeDamageBaseAmount>12</meleeDamageBaseAmount>
        <meleeDamageDef>Bite</meleeDamageDef>
        <linkedBodyPartsGroup>Mouth</linkedBodyPartsGroup>
      </li>
    </verbs>
    <race>
      <thinkTree>HerbivoreAggresiveStandard</thinkTree>
	  <executionRange>4</executionRange>
      <baseHungerRate>0.35</baseHungerRate>
      <body>BeetleLike</body>
      <baseBodySize>1.7</baseBodySize>
      <baseHealthScale>1.7</baseHealthScale>
      <meatLabel>spindlecrib meat</meatLabel>
      <diet>Omnivorous</diet>
	  <wildness>0.95</wildness>
      <manhunterOnTameFailChance>0.01</manhunterOnTameFailChance>
      <manhunterOnDamageChance>1</manhunterOnDamageChance>
      <nuzzlePower>0.4</nuzzlePower>
      <nuzzleChancePerHour>0</nuzzleChancePerHour>
      <lifeExpectancy>10</lifeExpectancy>
      <lifeStageAges>
        <li>
          <def>EusocialInsectLarva</def>
          <minAge>0</minAge>
        </li>
        <li>
          <def>EusocialInsectJuvenile</def>
          <minAge>0.03</minAge>
        </li>
        <li>
          <def>EusocialInsectAdult</def>
          <minAge>0.4</minAge>
		  <soundWounded>Pawn_Insect_Wounded</soundWounded>
		  <soundDeath>Pawn_Insect_Death</soundDeath>
		  <soundCall>Pawn_Insect_Call</soundCall>
		  <soundAngry>Pawn_Insect_Angry</soundAngry>
		  </li>
      </lifeStageAges>
      <soundMeleeHitPawn>Pawn_Melee_SmallScratch_HitPawn</soundMeleeHitPawn>
      <soundMeleeHitBuilding>Pawn_Melee_SmallScratch_HitBuilding</soundMeleeHitBuilding>
      <soundMeleeMiss>Pawn_Melee_SmallScratch_Miss</soundMeleeMiss>
    </race>
  </ThingDef>

<!--=========================== Tarantula ==============================-->

  <ThingDef ParentName="BaseAnimal">
    <defName>Tarantula</defName>
    <label>tarantula</label>
    <description>Eight legged monsters with hideous fangs!!</description>
    <statBases>
      <MoveSpeed>10.0</MoveSpeed>
      <ComfyTemperatureMin>0</ComfyTemperatureMin>
	  <MarketValue>100</MarketValue>
      <LeatherAmount>0</LeatherAmount>
    </statBases>
    <verbs>
      <li>
        <verbClass>Verb_MeleeAttack</verbClass>
        <defaultCooldownTicks>200</defaultCooldownTicks>
        <meleeDamageBaseAmount>10</meleeDamageBaseAmount>
        <meleeDamageDef>Bite</meleeDamageDef>
        <linkedBodyPartsGroup>Mouth</linkedBodyPartsGroup>
      </li>
    </verbs>
    <race>
      <thinkTree>HerbivoreAggresiveStandard</thinkTree>
	  <executionRange>4</executionRange>
      <baseHungerRate>2.0</baseHungerRate>
      <body>BeetleLike</body>
      <baseBodySize>0.1</baseBodySize>
      <baseHealthScale>0.1</baseHealthScale>
      <diet>Omnivorous</diet>
      <meatLabel>spidermeat</meatLabel>
	  <wildness>0.95</wildness>
      <manhunterOnTameFailChance>0.01</manhunterOnTameFailChance>
      <manhunterOnDamageChance>1</manhunterOnDamageChance>
      <nuzzlePower>0.4</nuzzlePower>
      <nuzzleChancePerHour>0</nuzzleChancePerHour>
      <lifeExpectancy>10</lifeExpectancy>
      <lifeStageAges>
        <li>
          <def>EusocialInsectLarva</def>
          <minAge>0</minAge>
        </li>
        <li>
          <def>EusocialInsectJuvenile</def>
          <minAge>0.03</minAge>
        </li>
        <li>
          <def>EusocialInsectAdult</def>
          <minAge>0.4</minAge>
		  <soundWounded>Pawn_Insect_Wounded</soundWounded> 
		  <soundDeath>Pawn_Insect_Death</soundDeath> 
		  <soundCall>Pawn_Insect_Call</soundCall> 
		  <soundAngry>Pawn_Insect_Angry</soundAngry>
		  </li>
      </lifeStageAges>
      <soundMeleeHitPawn>Pawn_Melee_SmallScratch_HitPawn</soundMeleeHitPawn> 
      <soundMeleeHitBuilding>Pawn_Melee_SmallScratch_HitBuilding</soundMeleeHitBuilding> 
      <soundMeleeMiss>Pawn_Melee_SmallScratch_Miss</soundMeleeMiss>
    </race>
  </ThingDef>

</ThingDefs>