<?xml version="1.0" encoding="utf-8" ?>

<ThingDefs>

  <ThingDef Name="BuildingBase" Abstract="True">
    <category>Building</category>
    <soundImpactDefault>BulletImpactMetal</soundImpactDefault>
    <selectable>true</selectable>
    <drawerType>MapMeshAndRealTime</drawerType>
    <terrainAffordanceNeeded>Light</terrainAffordanceNeeded>
    <repairEffect>Repair</repairEffect>
    <leaveResourcesWhenKilled>true</leaveResourcesWhenKilled>
    <filthLeaving>BuildingRubble</filthLeaving>
  </ThingDef>

  <ThingDef Name="BenchBase" ParentName="BuildingBase" Abstract="True">
    <castEdgeShadows>true</castEdgeShadows>
    <staticSunShadowHeight>0.20</staticSunShadowHeight>
  </ThingDef>

  <ThingDef ParentName="BenchBase">
    <DefName>UpgradingStation</DefName>
    <label>advanced bionics workbench</label>
    <ThingClass>Building_WorkTable</ThingClass>
    <Description>A workbench equipped for production of prosthetics and bionics.</Description>
    <graphicData>
      <texPath>Things/Building/Production/TableAdvancedProsthetics</texPath>
      <graphicClass>Graphic_Multi</graphicClass>
      <drawSize>(3.5,1.5)</drawSize>
    </graphicData>
    <CostList>
    <Steel>450</Steel>
	<Plasteel>200</Plasteel>
    </CostList>
    <constructEffect>ConstructMetal</constructEffect>
    <AltitudeLayer>Waist</AltitudeLayer>
    <fillPercent>0.5</fillPercent>
    <useHitPoints>True</useHitPoints>
    <statBases>
      <WorkToMake>2000</WorkToMake>
      <MaxHitPoints>300</MaxHitPoints>
      <Flammability>1.0</Flammability>
      <Cleanliness>-1</Cleanliness>
    </statBases>
    <Size>(3,1)</Size>
    <comps>
      <li>
        <compClass>CompPowerTrader</compClass>
        <startElectricalFires>true</startElectricalFires>
        <basePowerConsumption>650</basePowerConsumption>
        <soundPowerOn>PowerOnSmall</soundPowerOn>
        <soundPowerOff>PowerOffSmall</soundPowerOff>
      </li>
      <li>
        <compClass>CompAffectedByFacilities</compClass>
        <linkableFacilities>
          <li>ToolCabinet</li>
        </linkableFacilities>
      </li>
    </comps>
    <DesignationCategory>MedicalProduction</DesignationCategory><!--changed from Production-->
    <Passability>PassThroughOnly</Passability>
    <pathCost>60</pathCost>
    <hasInteractionCell>True</hasInteractionCell>
    <interactionCellOffset>(0,0,-1)</interactionCellOffset>
    <surfaceType>Item</surfaceType>
    <recipes>
	<li>CreateAdvancedBionicArm</li>
	<li>CreateAdvancedBionicLeg</li>
	<li>CreateAdvancedBionicHand</li>
	<li>CreateAdvancedBionicFoot</li>
	<li>CreateAdvancedBionicSpine</li>
	<li>CreateAdvancedBionicEye</li>
	<li>CreateAdvancedBionicEar</li>
	<li>CreateAdvancedBionicJaw</li>
	<li>CreateAdvancedPowerArm</li>
	<li>CreateExoskeletonSuit</li>
	<li>CreatePowerClaw</li>
    </recipes>
    <inspectorTabs>
      <li>ITab_Bills</li>
    </inspectorTabs>
    <building>
      <spawnedConceptLearnOpportunity>BillsTab</spawnedConceptLearnOpportunity>
    </building>
	<placeWorkers>
		<li>PlaceWorker_ShowFacilitiesConnections</li>
	</placeWorkers>
    <researchPrerequisite>AdvancedBionics</researchPrerequisite>
  </ThingDef>
  
</ThingDefs>