<?xml version="1.0" encoding="utf-8" ?>

<ThingDefs>

  <ThingDef Name="BuildingBase" Abstract="True">
    <category>Building</category>
    <soundImpactDefault>BulletImpactMetal</soundImpactDefault>
    <selectable>true</selectable>
    <drawerType>MapMeshAndRealTime</drawerType>
    <terrainAffordanceNeeded>Light</terrainAffordanceNeeded>
    <repairEffect>Repair</repairEffect>
    <leaveResourcesWhenKilled>true</leaveResourcesWhenKilled>
    <filthLeaving>BuildingRubble</filthLeaving>
  </ThingDef>

  <ThingDef Name="BenchBase" ParentName="BuildingBase" Abstract="True">
    <castEdgeShadows>true</castEdgeShadows>
    <staticSunShadowHeight>0.20</staticSunShadowHeight>
  </ThingDef>

  <ThingDef ParentName="BenchBase">
    <DefName>TableBasicProsthetic</DefName>
    <label>basic prosthetics workbench</label>
    <ThingClass>Building_WorkTable</ThingClass>
    <Description>A workbench equipped for production of very simple prostheses.</Description>
    <graphicData>
      <texPath>Things/Building/Production/TableBasicProsthetics</texPath>
      <graphicClass>Graphic_Multi</graphicClass>
      <drawSize>(2.33,1.5)</drawSize>
    </graphicData>
    <CostList>
      <WoodLog>100</WoodLog>
      <Steel>50</Steel>
    </CostList>
    <constructEffect>ConstructMetal</constructEffect>
    <AltitudeLayer>Waist</AltitudeLayer>
    <statBases>
      <WorkToMake>700</WorkToMake>
      <MaxHitPoints>120</MaxHitPoints>
      <Flammability>1.0</Flammability>
      <Cleanliness>-3</Cleanliness>
    </statBases>
    <Size>(2,1)</Size>
    <comps>
      <li>
        <compClass>CompAffectedByFacilities</compClass>
        <linkableFacilities>
          <li>ToolCabinet</li>
        </linkableFacilities>
      </li>
    </comps>
    <DesignationCategory>MedicalProduction</DesignationCategory><!--changed from Production-->
    <Passability>PassThroughOnly</Passability>
    <pathCost>60</pathCost>
    <hasInteractionCell>True</hasInteractionCell>
    <interactionCellOffset>(0,0,-1)</interactionCellOffset>
    <surfaceType>Item</surfaceType>
    <recipes>
	<li>CreatePegLeg</li>
	<li>CreateSteelArm</li>
	<li>CreateHookHand</li>
	<li>CreateEyePatch</li>
	<li>CreateDenture</li>
	<li>CreateWoodenFoot</li>
    </recipes>
    <inspectorTabs>
      <li>ITab_Bills</li>
    </inspectorTabs>
    <building>
      <spawnedConceptLearnOpportunity>BillsTab</spawnedConceptLearnOpportunity>
    </building>
	<placeWorkers>
		<li>PlaceWorker_ShowFacilitiesConnections</li>
	</placeWorkers>
	<researchPrerequisite>SimpleProsthetics</researchPrerequisite>
  </ThingDef><!--added prerequisite-->
  
</ThingDefs>