<?xml version="1.0" encoding="utf-8" ?>

<ThingDefs>

  <ThingDef Name="BuildingBase" Abstract="True">
    <category>Building</category>
    <soundImpactDefault>BulletImpactMetal</soundImpactDefault>
    <selectable>true</selectable>
    <drawerType>MapMeshAndRealTime</drawerType>
    <terrainAffordanceNeeded>Light</terrainAffordanceNeeded>
    <repairEffect>Repair</repairEffect>
    <leaveResourcesWhenKilled>true</leaveResourcesWhenKilled>
    <filthLeaving>BuildingRubble</filthLeaving>
  </ThingDef>

  <ThingDef Name="BenchBase" ParentName="BuildingBase" Abstract="True">
    <castEdgeShadows>true</castEdgeShadows>
    <staticSunShadowHeight>0.20</staticSunShadowHeight>
  </ThingDef>

  <ThingDef ParentName="BenchBase">
    <DefName>TableSurrogates</DefName>
    <label>surrogate organ workbench</label>
    <ThingClass>Building_WorkTable</ThingClass>
    <Description>A simple workstation, equipped to craft simple surrogate organs.</Description>
    <graphicData>
      <texPath>Things/Building/Production/TableSurrogates</texPath>
      <graphicClass>Graphic_Multi</graphicClass>
      <drawSize>(3.5,1.5)</drawSize>
    </graphicData>
    <CostList>
      <Steel>100</Steel>
	  <WoodLog>125</WoodLog>
    </CostList>
    <constructEffect>ConstructMetal</constructEffect>
    <fillPercent>0.5</fillPercent>
    <AltitudeLayer>Waist</AltitudeLayer>
    <useHitPoints>True</useHitPoints>	
    <statBases>
      <WorkToMake>1000</WorkToMake>
      <MaxHitPoints>200</MaxHitPoints>
      <Flammability>0.8</Flammability>
    </statBases>
    <Size>(3,1)</Size>
    <comps>
      <li>
        <compClass>CompPowerTrader</compClass>
        <startElectricalFires>true</startElectricalFires>
        <basePowerConsumption>250</basePowerConsumption>
        <soundPowerOn>PowerOnSmall</soundPowerOn>
        <soundPowerOff>PowerOffSmall</soundPowerOff>
      </li>
      <li>
        <compClass>CompAffectedByFacilities</compClass>
        <linkableFacilities>
          <li>ToolCabinet</li>
        </linkableFacilities>
      </li>
    </comps>
    <DesignationCategory>MedicalProduction</DesignationCategory><!--changed from Production-->
    <Passability>PassThroughOnly</Passability>
    <pathCost>60</pathCost>
    <hasInteractionCell>True</hasInteractionCell>
    <interactionCellOffset>(0,0,-1)</interactionCellOffset>
    <surfaceType>Item</surfaceType>
    <recipes>
	  <li>CreateBrainStimulator</li>  
	  <li>CreateSurrogateLung</li>
	  <li>CreateSurrogateHeart</li>
	  <li>CreateSurrogateKidney</li>
	  <li>CreateSurrogateStomach</li>
	  <li>CreateSurrogateLiver</li>
    </recipes>
    <inspectorTabs>
      <li>ITab_Bills</li>
    </inspectorTabs>
    <building>
      <spawnedConceptLearnOpportunity>BillsTab</spawnedConceptLearnOpportunity>
    </building>
	<placeWorkers>
		<li>PlaceWorker_ShowFacilitiesConnections</li>
	</placeWorkers>
    <researchPrerequisite>SurrogateOrgans</researchPrerequisite>
  </ThingDef>
  
</ThingDefs>