<?xml version="1.0" encoding="utf-8" ?>

<ThingDefs>

  <ThingDef Name="BuildingBase" Abstract="True">
    <category>Building</category>
    <soundImpactDefault>BulletImpactMetal</soundImpactDefault>
    <selectable>true</selectable>
    <drawerType>MapMeshAndRealTime</drawerType>
    <terrainAffordanceNeeded>Light</terrainAffordanceNeeded>
    <repairEffect>Repair</repairEffect>
    <leaveResourcesWhenKilled>true</leaveResourcesWhenKilled>
    <filthLeaving>BuildingRubble</filthLeaving>
  </ThingDef>

  <ThingDef Name="BenchBase" ParentName="BuildingBase" Abstract="True">
    <castEdgeShadows>true</castEdgeShadows>
    <staticSunShadowHeight>0.20</staticSunShadowHeight>
  </ThingDef>

  <ThingDef ParentName="BenchBase">
    <DefName>TableBionics</DefName>
    <label>bionics workbench</label>
    <ThingClass>Building_WorkTable</ThingClass>
    <Description>A workbench equipped for production of high tech bionics.</Description>
    <graphicData>
      <texPath>Things/Building/Production/TableBionics</texPath>
      <graphicClass>Graphic_Multi</graphicClass>
      <drawSize>(3.5,1.5)</drawSize>
    </graphicData>
    <CostList>
      <Steel>150</Steel>
    </CostList>
    <AltitudeLayer>Waist</AltitudeLayer>
    <fillPercent>0.5</fillPercent>
    <useHitPoints>True</useHitPoints>
    <statBases>
      <WorkToMake>1500</WorkToMake>
      <MaxHitPoints>200</MaxHitPoints>
      <Flammability>1.0</Flammability>
      <Cleanliness>-2</Cleanliness>
    </statBases>
    <Size>(3,1)</Size>
    <DesignationCategory>MedicalProduction</DesignationCategory><!--changed from Production-->
    <Passability>PassThroughOnly</Passability>
    <pathCost>70</pathCost>
    <hasInteractionCell>True</hasInteractionCell>
    <interactionCellOffset>(0,0,-1)</interactionCellOffset>
    <surfaceType>Item</surfaceType>
    <recipes>
	<li>CreatePowerArm</li>
	<li>CreateBionicArm</li>
	<li>CreateBionicLeg</li>
	<li>CreateBionicHand</li>
	<li>CreateBionicFoot</li>
	<li>CreateBionicSpine</li>
	<li>CreateBionicEye</li>
	<li>CreateBionicEar</li>
	<li>CreateBionicJaw</li>
	<li>CreateSilentJaw</li>
    </recipes>
    <inspectorTabs>
      <li>ITab_Bills</li>
    </inspectorTabs>
    <comps>
      <li>
        <compClass>CompPowerTrader</compClass>
        <startElectricalFires>true</startElectricalFires>
        <basePowerConsumption>450</basePowerConsumption>
        <soundPowerOn>PowerOnSmall</soundPowerOn>
        <soundPowerOff>PowerOffSmall</soundPowerOff>
      </li>
      <li>
        <compClass>CompAffectedByFacilities</compClass>
        <linkableFacilities>
          <li>ToolCabinet</li>
        </linkableFacilities>
      </li>
    </comps>
    <building>
      <spawnedConceptLearnOpportunity>BillsTab</spawnedConceptLearnOpportunity>
    </building>
    <constructEffect>ConstructMetal</constructEffect>
    <researchPrerequisite>Bionics</researchPrerequisite>
		<placeWorkers>
			<li>PlaceWorker_ShowFacilitiesConnections</li>
		</placeWorkers>
  </ThingDef>
<!--  
  <ThingDef ParentName="BuildingBase">
    <DefName>TableBionics</DefName>
    <label>bionics workbench</label>
    <ThingClass>Building_WorkTable</ThingClass>
    <Description>A workbench equipped for production of high tech bionics.</Description>
    <graphicData>
      <texPath>Things/Building/Production/TableBionics</texPath>
      <graphicClass>Graphic_Single</graphicClass>
      <drawSize>(3.5,1.5)</drawSize>
    </graphicData>
    <CostList>
    <Steel>350</Steel>
	<Plasteel>75</Plasteel>
    </CostList>
    <constructEffect>ConstructMetal</constructEffect>
    <AltitudeLayer>Waist</AltitudeLayer>
    <fillPercent>0.5</fillPercent>
    <statBases>
      <WorkToMake>1500</WorkToMake>
      <MaxHitPoints>200</MaxHitPoints>
      <Flammability>1.0</Flammability>
    </statBases>
    <comps>
      <li>
        <compClass>CompPowerTrader</compClass>
        <startElectricalFires>true</startElectricalFires>
        <basePowerConsumption>450</basePowerConsumption>
        <soundPowerOn>PowerOnSmall</soundPowerOn>
        <soundPowerOff>PowerOffSmall</soundPowerOff>
      </li>
      <li>
        <compClass>CompAffectedByFacilities</compClass>
        <linkableFacilities>
          <li>ToolCabinet</li>
        </linkableFacilities>
      </li>
    </comps>
    <DesignationCategory>Production</DesignationCategory>
    <Passability>PassThroughOnly</Passability>
    <pathCost>60</pathCost>
    <hasInteractionCell>True</hasInteractionCell>
    <interactionCellOffset>(0,0,-1)</interactionCellOffset>
    <surfaceType>Item</surfaceType>
    <recipes>
	<li>CreatePowerArm</li>
	<li>CreateBionicArm</li>
	<li>CreateBionicLeg</li>
	<li>CreateBionicHand</li>
	<li>CreateBionicFoot</li>
	<li>CreateBionicSpine</li>
	<li>CreateBionicEye</li>
	<li>CreateBionicEar</li>
	<li>CreateBionicJaw</li>
	<li>CreateSilentJaw</li>
    </recipes>
    <inspectorTabs>
      <li>ITab_Bills</li>
    </inspectorTabs>
    <building>
      <spawnedConceptLearnOpportunity>BillsTab</spawnedConceptLearnOpportunity>
    </building>
	<placeWorkers>
		<li>PlaceWorker_ShowFacilitiesConnections</li>
	</placeWorkers>
    <researchPrerequisite>Bionics</researchPrerequisite>
  </ThingDef>
-->  
</ThingDefs>