<?xml version="1.0" encoding="UTF-8"?>

<ThingDefs>
   
   <ThingDef Name="BodyPartBase" Abstract="True">
      <label>body part</label>
      <thingClass>ThingWithComps</thingClass>
      <category>Item</category>
      <useHitPoints>true</useHitPoints>
      <selectable>true</selectable>
      <statBases>
         <MaxHitPoints>50</MaxHitPoints>
         <Flammability>1.0</Flammability>
      </statBases>
      <altitudeLayer>Item</altitudeLayer>
      <tickerType>Never</tickerType>
      <alwaysHaulable>true</alwaysHaulable>
      <isBodyPartOrImplant>true</isBodyPartOrImplant>
      <tradeTags>
         <li>BasicProstheses</li>
      </tradeTags>
      <comps>
         <li>
            <compClass>CompForbiddable</compClass>
         </li>
      </comps>
      <thingCategories>
         <li>ProsthesesHumanoid</li><!--changed from BasicProstheses-->
      </thingCategories>
      <pathCost>10</pathCost>
   </ThingDef>
   
   <ThingDef ParentName="BodyPartBase">
      <defName>SteelArm</defName>
      <label>steel arm</label>
      <description>A very poor arm replacement. Looks bad, feels bad, is bad.</description>
      <graphicData>
         <texPath>Things/Item/BodyPart/BasicProsthesis</texPath>
         <graphicClass>Graphic_Single</graphicClass>
      </graphicData>
      <statBases>
         <MarketValue>50</MarketValue>
      </statBases>
   </ThingDef>
   
   <ThingDef ParentName="BodyPartBase">
      <defName>EyePatch</defName>
      <label>eye patch</label>
      <description>Covers the eye socket. Intimidating.</description>
      <graphicData>
         <texPath>Things/Item/BodyPart/BasicProsthesis</texPath>
         <graphicClass>Graphic_Single</graphicClass>
      </graphicData>
      <statBases>
         <MarketValue>50</MarketValue>
      </statBases>
   </ThingDef>
   
   <ThingDef ParentName="BodyPartBase">
      <defName>HookHand</defName>
      <label>hook hand</label>
      <description>Replaces missing hands. Pretty scary. Yarr.</description>
      <graphicData>
         <texPath>Things/Item/BodyPart/BasicProsthesis</texPath>
         <graphicClass>Graphic_Single</graphicClass>
      </graphicData>
      <statBases>
         <MarketValue>100</MarketValue>
      </statBases>
   </ThingDef>
   
   <ThingDef ParentName="BodyPartBase">
      <defName>denture</defName>
      <label>denture</label>
      <description>Replaces a missing jaw with wooden teeth. Smells a bit.</description>
      <graphicData>
         <texPath>Things/Item/BodyPart/BasicProsthesis</texPath>
         <graphicClass>Graphic_Single</graphicClass>
      </graphicData>
      <statBases>
         <MarketValue>100</MarketValue>
      </statBases>
   </ThingDef>
   
   <ThingDef ParentName="BodyPartBase">
      <defName>PegLeg</defName>
      <label>peg leg</label>
      <description>Replaces a missing leg with a wooden one. Out of fashion but it does its job pretty well.</description>
      <graphicData>
         <texPath>Things/Item/BodyPart/BasicProsthesis</texPath>
         <graphicClass>Graphic_Single</graphicClass>
      </graphicData>
      <statBases>
         <MarketValue>100</MarketValue>
      </statBases>
   </ThingDef>
   
   <ThingDef ParentName="BodyPartBase">
      <defName>WoodenFoot</defName>
      <label>wooden foot</label>
      <description>Replaces missing feet with a wooden log. At least it's more comfortable than hopping around.</description>
      <graphicData>
         <texPath>Things/Item/BodyPart/BasicProsthesis</texPath>
         <graphicClass>Graphic_Single</graphicClass>
      </graphicData>
      <statBases>
         <MarketValue>15</MarketValue>
      </statBases>
   </ThingDef>

</ThingDefs>