<?xml version="1.0" encoding="utf-8" ?>
<Resources> 
  <ThingDef Name="ResourceBase" Abstract="True">
    <thingClass>ThingWithComps</thingClass>
    <label>unspecified resource</label>
    <category>Item</category>
    <resourceReadoutPriority>Middle</resourceReadoutPriority>
    <useHitPoints>true</useHitPoints>
    <selectable>true</selectable>
    <altitudeLayer>Item</altitudeLayer>
    <stackLimit>75</stackLimit>
    <comps>
      <li>
        <compClass>CompForbiddable</compClass>
      </li>
    </comps>
    <alwaysHaulable>true</alwaysHaulable>
    <drawGUIOverlay>true</drawGUIOverlay>
    <rotatable>false</rotatable>
    <pathCost>15</pathCost>
  </ThingDef>

  <ThingDef ParentName="ResourceBase">
    <defName>Vancidium</defName>
    <label>vancidium</label>
    <description>An expensive and high quality material made in a high tech procedure. Shines bright.</description>
    <graphicData>
      <texPath>Things/Item/Resource/Vancidium</texPath>
      <graphicClass>Graphic_Single</graphicClass>
    </graphicData>
    <soundInteract>Silver_Drop</soundInteract>
    <soundDrop>Silver_Drop</soundDrop>
    <useHitPoints>false</useHitPoints>
    <statBases>
      <MarketValue>400</MarketValue>
      <SharpDamageMultiplier>1.5</SharpDamageMultiplier>
      <BluntDamageMultiplier>1.2</BluntDamageMultiplier>
    </statBases>
    <thingCategories>
      <li>Metals</li><!--changed from ResourcesRaw-->
    </thingCategories>
    <stackLimit>400</stackLimit>
    <stuffProps>
      <stuffAdjective>vancidium</stuffAdjective>
      <categories>
        <li>Metallic</li>
      </categories>
      <color>(78,157,158)</color>
      <constructEffect>ConstructMetal</constructEffect>
      <soundImpactStuff>BulletImpactMetal</soundImpactStuff>
      <soundMeleeHitSharp>MeleeHit_Metal_Sharp</soundMeleeHitSharp>
      <soundMeleeHitBlunt>MeleeHit_Metal_Blunt</soundMeleeHitBlunt>
      <statOffsets>
        <Beauty>18</Beauty>
      </statOffsets>
      <statFactors>
        <MaxHitPoints>4</MaxHitPoints>
        <Flammability>0.0</Flammability>
        <Beauty>4</Beauty>
        <WorkToMake>1.3</WorkToMake>
        <MeleeWeapon_Cooldown>1</MeleeWeapon_Cooldown>
      </statFactors>
    </stuffProps>
  </ThingDef>
  
</Resources>