﻿<?xml version="1.0" encoding="utf-8" ?>

<Resources>

  <!-- =========== bases =========== -->

  <ThingDef Name="ResourceBase" Abstract="True">
    <thingClass>ThingWithComps</thingClass>
    <label>unspecified resource</label>
    <category>Item</category>
    <resourceReadoutPriority>Middle</resourceReadoutPriority>
    <useHitPoints>true</useHitPoints>
    <selectable>true</selectable>
    <altitudeLayer>Item</altitudeLayer>
    <stackLimit>75</stackLimit>
    <comps>
      <li>
        <compClass>CompForbiddable</compClass>
      </li>
    </comps>
    <alwaysHaulable>true</alwaysHaulable>
    <drawGUIOverlay>true</drawGUIOverlay>
    <rotatable>false</rotatable>
    <pathCost>15</pathCost>
  </ThingDef>

  <ThingDef Name="ResourceVerbBase" ParentName="ResourceBase" Abstract="True">
    <eType>Equipment</eType>
    <thingClass>Equipment</thingClass>
    <equipmentType>Primary</equipmentType>
    <techLevel>Neolithic</techLevel>
    <comps>
      <li>
        <compClass>CompForbiddable</compClass>
      </li>
    </comps>
  </ThingDef>

  <!-- =========== Hyperweave =========== -->
  
  <ThingDef ParentName="ResourceBase">
    <defName>Hyperweave</defName>
    <label>hyperweave</label>
    <description>High-tech nano-fibers woven into sheets. It is somewhat heavy, but is incredibly difficult to break. The secrets of its production are known only to the most advanced glitterworld cultures.</description>
    <graphicData>
      <texPath>Things/Item/Resource/Hyperweave</texPath>
      <graphicClass>Graphic_Single</graphicClass>
    </graphicData>
    <statBases>
      <MarketValue>45</MarketValue>
      <Flammability>1.0</Flammability>
    </statBases>
    <stuffProps>
      <categories>
        <li>Fabric</li>
      </categories>
      <color>(0,106,126)</color>
      <statOffsets>
        <ArmorRating_Blunt>0.03</ArmorRating_Blunt>
        <ArmorRating_Sharp>0.03</ArmorRating_Sharp>
        <ArmorRating_Heat>0.03</ArmorRating_Heat>
      </statOffsets>
      <statFactors>
        <WorkToMake>1.8</WorkToMake>
        <ArmorRating_Blunt>1.6</ArmorRating_Blunt>
        <ArmorRating_Sharp>4.0</ArmorRating_Sharp>
        <ArmorRating_Heat>2.0</ArmorRating_Heat>
        <ArmorRating_Electric>0</ArmorRating_Electric>
        <Insulation_Cold>1.1</Insulation_Cold>
        <Insulation_Heat>1.1</Insulation_Heat>
      </statFactors>
    </stuffProps>
    <thingCategories>
      <li>SyntheticTextiles</li><!--changed from Textiles-->
    </thingCategories>
  </ThingDef>

</Resources>