<?xml version="1.0" encoding="UTF-8"?>

<ThingDefs>

   <ThingDef Name="BodyPartBase" Abstract="True">
      <label>body part</label>
      <thingClass>ThingWithComps</thingClass>
      <category>Item</category>
      <useHitPoints>true</useHitPoints>
      <selectable>true</selectable>
      <statBases>
         <MaxHitPoints>50</MaxHitPoints>
         <Flammability>1.0</Flammability>
      </statBases>
      <altitudeLayer>Item</altitudeLayer>
      <tickerType>Never</tickerType>
      <alwaysHaulable>true</alwaysHaulable>
      <isBodyPartOrImplant>true</isBodyPartOrImplant>
      <tradeTags>
         <li>BodyPart</li>
      </tradeTags>
      <comps>
         <li>
            <compClass>CompForbiddable</compClass>
         </li>
      </comps>
      <thingCategories>
         <li>SyntheticOrgansHumanoid</li><!--changed from SyntheticOrgans-->
      </thingCategories>
      <pathCost>10</pathCost>
   </ThingDef>
   
   <ThingDef ParentName="BodyPartBase">
      <defName>AIChip</defName>
      <label>AI chip</label>
      <description>Through special chemicals and electric shocks this little chip is able to significantly boost the users consciousness and mobility.</description>
      <graphicData>
		 <texPath>Things/Item/Implant/Implant</texPath>
         <graphicClass>Graphic_Single</graphicClass>
      </graphicData>
      <statBases>
         <MarketValue>10000</MarketValue>
      </statBases>
      <techHediffsTags>
         <li>Advanced</li>
      </techHediffsTags>
   </ThingDef>
   
   <ThingDef ParentName="BodyPartBase">
      <defName>SyntheticLung</defName>
      <label>synthetic lung</label>
      <description>A high-tech breathing replacement. Makes a soft whirring sound.</description>
      <graphicData>
         <texPath>Things/Item/BodyPart/ArtificialOrgan</texPath>
         <graphicClass>Graphic_Single</graphicClass>
      </graphicData>
      <statBases>
         <MarketValue>2500</MarketValue>
      </statBases>
      <techHediffsTags>
         <li>Advanced</li>
      </techHediffsTags>
   </ThingDef>
   
   <ThingDef ParentName="BodyPartBase">
      <defName>SyntheticStomach</defName>
      <label>synthetic stomach</label>
      <description>An enhanced stomach augmented with synthetic fibres to decrease rejection rate.</description>
      <graphicData>
         <texPath>Things/Item/BodyPart/ArtificialOrgan</texPath>
         <graphicClass>Graphic_Single</graphicClass>
      </graphicData>
      <statBases>
         <MarketValue>2000</MarketValue>
      </statBases>
      <techHediffsTags>
         <li>Advanced</li>
      </techHediffsTags>
   </ThingDef>
   
   <ThingDef ParentName="BodyPartBase">
      <defName>SyntheticLiver</defName>
      <label>synthetic liver</label>
      <description>An enhanced liver augmented with synthetic fibres to decrease rejection rate.</description>
      <graphicData>
         <texPath>Things/Item/BodyPart/ArtificialOrgan</texPath>
         <graphicClass>Graphic_Single</graphicClass>
      </graphicData>
      <statBases>
         <MarketValue>2000</MarketValue>
      </statBases>
      <techHediffsTags>
         <li>Advanced</li>
      </techHediffsTags>
   </ThingDef>
   
   <ThingDef ParentName="BodyPartBase">
      <defName>SyntheticKidney</defName>
      <label>synthetic kidney</label>
      <description>An enhanced kidney augmented with synthetic fibres to decrease rejection rate.</description>
      <graphicData>
         <texPath>Things/Item/BodyPart/ArtificialOrgan</texPath>
         <graphicClass>Graphic_Single</graphicClass>
      </graphicData>
      <statBases>
         <MarketValue>2000</MarketValue>
      </statBases>
      <techHediffsTags>
         <li>Advanced</li>
      </techHediffsTags>
   </ThingDef>
   
   <ThingDef ParentName="BodyPartBase">
      <defName>SyntheticHeart</defName>
      <label>synthetic heart</label>
      <description>A top-of-the-line heart replacement. Can last for over 30 years on a single charge.</description>
      <graphicData>
         <texPath>Things/Item/BodyPart/ArtificialOrgan</texPath>
         <graphicClass>Graphic_Single</graphicClass>
      </graphicData>
      <statBases>
         <MarketValue>3000</MarketValue>
      </statBases>
      <techHediffsTags>
         <li>Advanced</li>
      </techHediffsTags>
   </ThingDef>
   
   <ThingDef ParentName="BodyPartBase">
      <defName>SyntheticSkin</defName>
      <label>synthetic skin</label>
      <description>A small piece of an interesting looking skin-like material. Feels like real skin.</description>
      <tradeability>Never</tradeability>
      <graphicData>
         <texPath>Things/Item/BodyPart/ArtificialOrgan</texPath>
         <graphicClass>Graphic_Single</graphicClass>
      </graphicData>
      <statBases>
         <MarketValue>500</MarketValue>
      </statBases>
   </ThingDef>
   
</ThingDefs>