<?xml version="1.0" encoding="UTF-8"?>

<ThingDefs>
   
   <ThingDef Name="BodyPartBase" Abstract="True">
      <label>body part</label>
      <thingClass>ThingWithComps</thingClass>
      <category>Item</category>
      <useHitPoints>true</useHitPoints>
      <selectable>true</selectable>
      <statBases>
         <MaxHitPoints>50</MaxHitPoints>
         <Flammability>1.0</Flammability>
      </statBases>
      <altitudeLayer>Item</altitudeLayer>
      <tickerType>Never</tickerType>
      <alwaysHaulable>true</alwaysHaulable>
      <isBodyPartOrImplant>true</isBodyPartOrImplant>
      <tradeTags>
         <li>BodyPart</li>
      </tradeTags>
      <comps>
         <li>
            <compClass>CompForbiddable</compClass>
         </li>
      </comps>
      <thingCategories>
         <li>SurrogateOrgansHumanoid</li><!--changed from SurrogateOrgans-->
      </thingCategories>
      <pathCost>10</pathCost>
   </ThingDef>
   
   <ThingDef ParentName="BodyPartBase">
      <defName>BrainStimulator</defName>
      <label>brain stimulator</label>
      <description>A small device that sends electric shocks to the brain to slightly boost consciousness and mobility.</description>
      <graphicData>
		 <texPath>Things/Item/Implant/Implant</texPath>
         <graphicClass>Graphic_Single</graphicClass>
      </graphicData>
      <statBases>
         <MarketValue>4500</MarketValue>
      </statBases>
   </ThingDef>
   
   <ThingDef ParentName="BodyPartBase">
      <defName>SurrogateLung</defName>
      <label>surrogate lung</label>
      <description>A rudimentary lung replacement. Makes a deep, clicking noise.</description>
      <graphicData>
         <texPath>Things/Item/BodyPart/ArtificialOrgan</texPath>
         <graphicClass>Graphic_Single</graphicClass>
      </graphicData>
      <statBases>
         <MarketValue>1000</MarketValue>
      </statBases>
   </ThingDef>
   
   <ThingDef ParentName="BodyPartBase">
      <defName>SurrogateStomach</defName>
      <label>surrogate stomach</label>
      <description>A rudimentary stomach replacement.</description>
      <graphicData>
         <texPath>Things/Item/BodyPart/ArtificialOrgan</texPath>
         <graphicClass>Graphic_Single</graphicClass>
      </graphicData>
      <statBases>
         <MarketValue>750</MarketValue>
      </statBases>
      <techHediffsTags>
         <li>Advanced</li>
      </techHediffsTags>
   </ThingDef>
   
   <ThingDef ParentName="BodyPartBase">
      <defName>SurrogateLiver</defName>
      <label>surrogate liver</label>
      <description>A rudimentary blood filter. Has problems with keeping the blood sugar level constant.</description>
      <graphicData>
         <texPath>Things/Item/BodyPart/ArtificialOrgan</texPath>
         <graphicClass>Graphic_Single</graphicClass>
      </graphicData>
      <statBases>
         <MarketValue>750</MarketValue>
      </statBases>
   </ThingDef>
   
   <ThingDef ParentName="BodyPartBase">
      <defName>SurrogateKidney</defName>
      <label>surrogate kidney</label>
      <description>A rudimentary kidney replacement. One of its possible side effects is getting pale.</description>
      <graphicData>
         <texPath>Things/Item/BodyPart/ArtificialOrgan</texPath>
         <graphicClass>Graphic_Single</graphicClass>
      </graphicData>
      <statBases>
         <MarketValue>750</MarketValue>
      </statBases>
   </ThingDef>
   
   <ThingDef ParentName="BodyPartBase">
      <defName>SurrogateHeart</defName>
      <label>surrogate heart</label>
      <description>A more or less powerful pump to maintain the bloodstream.</description>
      <graphicData>
         <texPath>Things/Item/BodyPart/ArtificialOrgan</texPath>
         <graphicClass>Graphic_Single</graphicClass>
      </graphicData>
      <statBases>
         <MarketValue>1250</MarketValue>
      </statBases>
   </ThingDef>

   </ThingDefs>