<?xml version="1.0" encoding="UTF-8"?>

<ThingDefs>
   
   <ThingDef Name="BodyPartBase" Abstract="True">
      <label>body part</label>
      <thingClass>ThingWithComps</thingClass>
      <category>Item</category>
      <useHitPoints>true</useHitPoints>
      <selectable>true</selectable>
      <statBases>
         <MaxHitPoints>50</MaxHitPoints>
         <Flammability>1.0</Flammability>
      </statBases>
      <altitudeLayer>Item</altitudeLayer>
      <tickerType>Never</tickerType>
      <alwaysHaulable>true</alwaysHaulable>
      <isBodyPartOrImplant>true</isBodyPartOrImplant>
      <tradeTags>
         <li>BodyPart</li>
      </tradeTags>
      <comps>
         <li>
            <compClass>CompForbiddable</compClass>
         </li>
      </comps>
      <thingCategories>
         <li>NaturalBodyPartsHumanoid</li> <!--changed from BodyPartsAndImplants-->
      </thingCategories>
      <pathCost>10</pathCost>
   </ThingDef>
   
   <ThingDef ParentName="BodyPartBase">
      <defName>Leg</defName>
      <label>leg</label>
      <description>They're long meaty sticks that let you move around.</description>
      <graphicData>
         <texPath>Things/Item/BodyPart/Organ</texPath>
         <graphicClass>Graphic_Single</graphicClass>
      </graphicData>
      <statBases>
         <MarketValue>400</MarketValue>
      </statBases>
   </ThingDef>
   
   <ThingDef ParentName="BodyPartBase">
      <defName>Arm</defName>
      <label>arm</label>
      <description>Arms are like legs, except you can carry stuff with them.</description>
      <graphicData>
         <texPath>Things/Item/BodyPart/Organ</texPath>
         <graphicClass>Graphic_Single</graphicClass>
      </graphicData>
      <statBases>
         <MarketValue>400</MarketValue>
      </statBases>
   </ThingDef>
   
   <ThingDef ParentName="BodyPartBase">
      <defName>Stomach</defName>
      <label>stomach</label>
      <description>Digests food and turns it into energy and nutrients.</description>
      <graphicData>
         <texPath>Things/Item/BodyPart/Organ</texPath>
         <graphicClass>Graphic_Single</graphicClass>
      </graphicData>
      <statBases>
         <MarketValue>400</MarketValue>
      </statBases>
   </ThingDef>
   
<!--
  <ThingDef ParentName="BodyPartBase">
	<defName>Brain</defName>
    <label>brain</label>
	<description>Lets you know whos in charge</description>
	<graphicPath>Things/Item/BodyPart/Organ</graphicPath>
	<graphicClass>Graphic_Single</graphicClass>
	<statBases>
	  <MarketValue>500</MarketValue>
    </statBases>
</ThingDef>
-->
   
   <ThingDef ParentName="BodyPartBase">
      <defName>Eye</defName>
      <label>eyeball</label>
      <description>Absorbs light, which lets a person know what's around them.</description>
      <graphicData>
         <texPath>Things/Item/BodyPart/Organ</texPath>
         <graphicClass>Graphic_Single</graphicClass>
      </graphicData>
      <statBases>
         <MarketValue>350</MarketValue>
      </statBases>
   </ThingDef>
   
   <ThingDef ParentName="BodyPartBase">
      <defName>Nose</defName>
      <label>nose</label>
      <description>A useful organ to distinguish odors.</description>
      <graphicData>
         <texPath>Things/Item/BodyPart/Organ</texPath>
         <graphicClass>Graphic_Single</graphicClass>
      </graphicData>
      <statBases>
         <MarketValue>250</MarketValue>
      </statBases>
   </ThingDef>
   
   <ThingDef ParentName="BodyPartBase">
      <defName>Ear</defName>
      <label>ear</label>
      <description>Picks up vibrations in the air, allowing people to hear sound.</description>
      <graphicData>
         <texPath>Things/Item/BodyPart/Organ</texPath>
         <graphicClass>Graphic_Single</graphicClass>
      </graphicData>
      <statBases>
         <MarketValue>250</MarketValue>
      </statBases>
   </ThingDef>
   
   <ThingDef ParentName="BodyPartBase">
      <defName>Jaw</defName>
      <label>jaw</label>
      <description>A nice set of teeth for chewing food and talking.</description>
      <graphicData>
         <texPath>Things/Item/BodyPart/Organ</texPath>
         <graphicClass>Graphic_Single</graphicClass>
      </graphicData>
      <statBases>
         <MarketValue>300</MarketValue>
      </statBases>
   </ThingDef>

</ThingDefs>