<?xml version="1.0" encoding="UTF-8"?>

<ThingDefs>
   
   <ThingDef Name="BodyPartBase" Abstract="True">
      <label>body part</label>
      <thingClass>ThingWithComps</thingClass>
      <category>Item</category>
      <useHitPoints>true</useHitPoints>
      <selectable>true</selectable>
      <statBases>
         <MaxHitPoints>50</MaxHitPoints>
         <Flammability>1.0</Flammability>
      </statBases>
      <altitudeLayer>Item</altitudeLayer>
      <tickerType>Never</tickerType>
      <alwaysHaulable>true</alwaysHaulable>
      <isBodyPartOrImplant>true</isBodyPartOrImplant>
      <tradeTags>
         <li>SimpleProstheses</li>
      </tradeTags>
      <comps>
         <li>
            <compClass>CompForbiddable</compClass>
         </li>
      </comps>
      <thingCategories>
         <li>ProsthesesHumanoid</li><!--changed from SimpleProstheses-->
      </thingCategories>
      <pathCost>10</pathCost>
   </ThingDef>
   
   <ThingDef ParentName="BodyPartBase">
      <defName>GoldenEye</defName>
      <label>golden eye</label>
      <description>Replaces missing eyes. So incredibly beautiful it's a shame you can't see yourself in the mirror.</description>
      <graphicData>
         <texPath>Things/Item/BodyPart/ArtificialOrgan</texPath>
         <graphicClass>Graphic_Single</graphicClass>
      </graphicData>
      <statBases>
         <MarketValue>1000</MarketValue>
      </statBases>
      <techHediffsTags>
         <li>Simple</li>
      </techHediffsTags>
   </ThingDef>
   
   <ThingDef ParentName="BodyPartBase">
      <defName>ArtificialNose</defName>
      <label>artificial nose</label>
      <description>Replaces a missing nose. Covers the hole in the face.</description>
      <graphicData>
         <texPath>Things/Item/BodyPart/ArtificialOrgan</texPath>
         <graphicClass>Graphic_Single</graphicClass>
      </graphicData>
      <statBases>
         <MarketValue>150</MarketValue>
      </statBases>
      <techHediffsTags>
         <li>Simple</li>
      </techHediffsTags>
   </ThingDef>
   
   <ThingDef ParentName="BodyPartBase">
      <defName>HydraulicJaw</defName>
      <label>hydraulic jaw</label>
      <description>Replaces a missing jaw. Be careful with the extremely efficient teeth!</description>
      <graphicData>
         <texPath>Things/Item/BodyPart/ArtificialOrgan</texPath>
         <graphicClass>Graphic_Single</graphicClass>
      </graphicData>
      <statBases>
         <MarketValue>250</MarketValue>
      </statBases>
      <techHediffsTags>
         <li>Simple</li>
      </techHediffsTags>
   </ThingDef>   
   
   <ThingDef ParentName="BodyPartBase">
      <defName>SimpleProstheticHand</defName>
      <label>simple prosthetic hand</label>
      <description>Replaces missing hands. Way more comfortable and less frightening than the hook hand.</description>
      <graphicData>
         <texPath>Things/Item/BodyPart/ArtificialOrgan</texPath>
         <graphicClass>Graphic_Single</graphicClass>
      </graphicData>
      <statBases>
         <MarketValue>500</MarketValue>
      </statBases>
      <techHediffsTags>
         <li>Simple</li>
      </techHediffsTags>
   </ThingDef>
   
   <ThingDef ParentName="BodyPartBase">
      <defName>SimpleProstheticFoot</defName>
      <label>simple prosthetic foot</label>
      <description>Replaces missing feet. Not as cheap as a wood log.</description>
      <graphicData>
         <texPath>Things/Item/BodyPart/ArtificialOrgan</texPath>
         <graphicClass>Graphic_Single</graphicClass>
      </graphicData>
      <statBases>
         <MarketValue>500</MarketValue>
      </statBases>
      <techHediffsTags>
         <li>Simple</li>
      </techHediffsTags>
   </ThingDef>
   
   <ThingDef ParentName="BodyPartBase">
      <defName>SimpleProstheticLeg</defName>
      <label>simple prosthetic leg</label>
      <description>Simple prosthesis made to replace missing leg. Not very comfortable but quite efficient.</description>
      <graphicData>
         <texPath>Things/Item/BodyPart/ArtificialOrgan</texPath>
         <graphicClass>Graphic_Single</graphicClass>
      </graphicData>
      <statBases>
         <MarketValue>1000</MarketValue>
      </statBases>
      <techHediffsTags>
         <li>Simple</li>
      </techHediffsTags>
   </ThingDef>
   
   <ThingDef ParentName="BodyPartBase">
      <defName>SimpleProstheticArm</defName>
      <label>simple prosthetic arm</label>
      <description>Simple but durable arm prosthesis.</description>
      <graphicData>
         <texPath>Things/Item/BodyPart/ArtificialOrgan</texPath>
         <graphicClass>Graphic_Single</graphicClass>
      </graphicData>
      <statBases>
         <MarketValue>1000</MarketValue>
      </statBases>
      <techHediffsTags>
         <li>Simple</li>
      </techHediffsTags>
   </ThingDef>
   
   <ThingDef ParentName="BodyPartBase">
      <defName>ArtificialPelvis</defName>
      <label>artificial pelvis</label>
      <description>Replaces a missing pelvis. Pretty useful if crawling is not your favourite kind of moving around.</description>
      <graphicData>
         <texPath>Things/Item/BodyPart/ArtificialOrgan</texPath>
         <graphicClass>Graphic_Single</graphicClass>
      </graphicData>
      <statBases>
         <MarketValue>1000</MarketValue>
      </statBases>
      <techHediffsTags>
         <li>Simple</li>
      </techHediffsTags>
   </ThingDef>
   
</ThingDefs>