<?xml version="1.0" encoding="UTF-8"?>

<ThingDefs>
   
   <ThingDef Name="BodyPartBase" Abstract="True">
      <label>body part</label>
      <thingClass>ThingWithComps</thingClass>
      <category>Item</category>
      <useHitPoints>true</useHitPoints>
      <selectable>true</selectable>
      <statBases>
         <MaxHitPoints>50</MaxHitPoints>
         <Flammability>1.0</Flammability>
      </statBases>
      <altitudeLayer>Item</altitudeLayer>
      <tickerType>Never</tickerType>
      <alwaysHaulable>true</alwaysHaulable>
      <isBodyPartOrImplant>true</isBodyPartOrImplant>
      <tradeTags>
         <li>BionicProstheses</li>
      </tradeTags>
      <comps>
         <li>
            <compClass>CompForbiddable</compClass>
         </li>
      </comps>
      <thingCategories>
         <li>BionicsHumanoid</li><!--changed from BionicProstheses-->
      </thingCategories>
      <pathCost>10</pathCost>
   </ThingDef>
   
   <ThingDef ParentName="BodyPartBase">
      <defName>PowerArm</defName>
      <label>power arm</label>
      <description>Unparalleled strength and dexterity, and with retractable claws. This is the ultimate arm upgrade!</description>
      <graphicData>
         <texPath>Things/Item/BodyPart/ArtificialOrgan</texPath>
         <graphicClass>Graphic_Single</graphicClass>
      </graphicData>
      <statBases>
         <MarketValue>7500</MarketValue>
      </statBases>
      <techHediffsTags>
         <li>AdvancedWeapon</li>
      </techHediffsTags>
   </ThingDef>
   
   <ThingDef ParentName="BodyPartBase">
      <defName>BionicHand</defName>
      <label>bionic hand</label>
      <description>Allows the user to perform tasks even faster than with regular hands.</description>
      <graphicData>
         <texPath>Things/Item/BodyPart/ArtificialOrgan</texPath>
         <graphicClass>Graphic_Single</graphicClass>
      </graphicData>
      <statBases>
         <MarketValue>2000</MarketValue>
      </statBases>
      <techHediffsTags>
         <li>Advanced</li>
      </techHediffsTags>
   </ThingDef>
   
   <ThingDef ParentName="BodyPartBase">
      <defName>BionicFoot</defName>
      <label>bionic foot</label>
      <description>This prosthesis grants faster walking without stumbling all the time.</description>
      <graphicData>
         <texPath>Things/Item/BodyPart/ArtificialOrgan</texPath>
         <graphicClass>Graphic_Single</graphicClass>
      </graphicData>
      <statBases>
         <MarketValue>2000</MarketValue>
      </statBases>
      <techHediffsTags>
         <li>Advanced</li>
      </techHediffsTags>
   </ThingDef>
   
   <ThingDef ParentName="BodyPartBase">
      <defName>BionicEar</defName>
      <label>bionic ear implant</label>
      <description>An advanced device that expands upon the basic functions of the ear drum.</description>
      <graphicData>
         <texPath>Things/Item/BodyPart/ArtificialOrgan</texPath>
         <graphicClass>Graphic_Single</graphicClass>
      </graphicData>
      <statBases>
         <MarketValue>1500</MarketValue>
      </statBases>
      <techHediffsTags>
         <li>Advanced</li>
      </techHediffsTags>
   </ThingDef>
   
   <ThingDef ParentName="BodyPartBase">
      <defName>BionicJaw</defName>
      <label>bionic jaw implant</label>
      <description>Aside from a strong set of teeth, this also comes with a voice modulator.</description>
      <graphicData>
         <texPath>Things/Item/BodyPart/ArtificialOrgan</texPath>
         <graphicClass>Graphic_Single</graphicClass>
      </graphicData>
      <statBases>
         <MarketValue>2000</MarketValue>
      </statBases>
      <techHediffsTags>
         <li>Advanced</li>
      </techHediffsTags>
   </ThingDef>
   
   <ThingDef ParentName="BodyPartBase">
      <defName>SilentJaw</defName>
      <label>silent jaw implant</label>
      <description>This version of the bionic jaw comes without a voice modulator, useful for abrasive patients.</description>
      <graphicData>
         <texPath>Things/Item/BodyPart/ArtificialOrgan</texPath>
         <graphicClass>Graphic_Single</graphicClass>
      </graphicData>
      <statBases>
         <MarketValue>2000</MarketValue>
      </statBases>
      <techHediffsTags>
         <li>Advanced</li>
      </techHediffsTags>
   </ThingDef>
   
   <ThingDef ParentName="BodyPartBase">
      <defName>BionicSpine</defName>
      <label>bionic spine</label>
      <description>This light and impressing device can replace a damaged spine.</description>
      <graphicData>
         <texPath>Things/Item/BodyPart/ArtificialOrgan</texPath>
         <graphicClass>Graphic_Single</graphicClass>
      </graphicData>
      <statBases>
         <MarketValue>3000</MarketValue>
      </statBases>
      <techHediffsTags>
         <li>Advanced</li>
      </techHediffsTags>
   </ThingDef>
   
   <ThingDef ParentName="BodyPartBase">
      <defName>BionicEye</defName>
      <label>bionic eye</label>
      <description>Advanced piece of technology made not only to fully replace natural eye, but also to give supernatural vision abilities.</description>
      <graphicData>
         <texPath>Things/Item/BodyPart/ArtificialOrgan</texPath>
         <graphicClass>Graphic_Single</graphicClass>
      </graphicData>
      <statBases>
         <MarketValue>3500</MarketValue>
      </statBases>
      <techHediffsTags>
         <li>Advanced</li>
      </techHediffsTags>
   </ThingDef>
   
   <ThingDef ParentName="BodyPartBase">
      <defName>BionicArm</defName>
      <label>bionic arm</label>
      <description>One of the most sophisticated arm replacements. Gives extreme strength to its user.</description>
      <graphicData>
         <texPath>Things/Item/BodyPart/ArtificialOrgan</texPath>
         <graphicClass>Graphic_Single</graphicClass>
      </graphicData>
      <statBases>
         <MarketValue>4000</MarketValue>
      </statBases>
      <techHediffsTags>
         <li>Advanced</li>
      </techHediffsTags>
   </ThingDef>
   
   <ThingDef ParentName="BodyPartBase">
      <defName>BionicLeg</defName>
      <label>bionic leg</label>
      <description>Bionic leg uses cutting-edge technology to give its owner extreme walking comfort and strength.</description>
      <graphicData>
         <texPath>Things/Item/BodyPart/ArtificialOrgan</texPath>
         <graphicClass>Graphic_Single</graphicClass>
      </graphicData>
      <statBases>
         <MarketValue>4000</MarketValue>
      </statBases>
      <techHediffsTags>
         <li>Advanced</li>
      </techHediffsTags>
   </ThingDef>
   
   <ThingDef ParentName="BodyPartBase">
      <defName>PowerClaw</defName>
      <label>power claw</label>
      <description>Powerful hand replacement consisting of three deadly claws.</description>
      <graphicData>
         <texPath>Things/Item/BodyPart/ArtificialOrgan</texPath>
         <graphicClass>Graphic_Single</graphicClass>
      </graphicData>
      <statBases>
         <MarketValue>1500</MarketValue>
      </statBases>
      <techHediffsTags>
         <li>AdvancedWeapon</li>
      </techHediffsTags>
   </ThingDef>
   
   <ThingDef ParentName="BodyPartBase">
      <defName>ScytherBlade</defName>
      <label>scyther blade</label>
      <description>Hand replacement with a telescoping blade. Scavenged from a dead scyther mechanoid. Not very comfortable, but quite effective as a close-range weapon.</description>
      <graphicData>
         <texPath>Things/Item/BodyPart/ArtificialOrgan</texPath>
         <graphicClass>Graphic_Single</graphicClass>
      </graphicData>
      <statBases>
         <MarketValue>2000</MarketValue>
      </statBases>
      <techHediffsTags>
         <li>SpecialWeapon</li>
      </techHediffsTags>
      <tradeability>Sellable</tradeability>
   </ThingDef>

   <ThingDef ParentName="BodyPartBase">
      <defName>MedicalRib</defName>
      <label>medical rib replacement</label>
      <description>An artificial rib, equipped with little blood filters and antibiotics-dispensers to keep the user healthy.</description>
      <graphicData>
         <texPath>Things/Item/BodyPart/ArtificialOrgan</texPath>
         <graphicClass>Graphic_Single</graphicClass>
      </graphicData>
      <statBases>
         <MarketValue>2000</MarketValue>
      </statBases>
      <techHediffsTags>
         <li>Advanced</li>
      </techHediffsTags>
   </ThingDef>
   
   <ThingDef ParentName="BodyPartBase">
      <defName>DruggedRib</defName>
      <label>drugged rib replacement</label>
      <description>An artificial rib, equipped with little alcohol-dispensers to keep the user happy.</description>
      <graphicData>
         <texPath>Things/Item/BodyPart/ArtificialOrgan</texPath>
         <graphicClass>Graphic_Single</graphicClass>
      </graphicData>
      <statBases>
         <MarketValue>2000</MarketValue>
      </statBases>
      <techHediffsTags>
         <li>Advanced</li>
      </techHediffsTags>
   </ThingDef>
   
   <ThingDef ParentName="BodyPartBase">
      <defName>AdrenalineRib</defName>
      <label>adrenaline rib replacement</label>
      <description>An artificial rib, equipped with little adrenaline-dispensers to keep the fit and awake.</description>
      <graphicData>
         <texPath>Things/Item/BodyPart/ArtificialOrgan</texPath>
         <graphicClass>Graphic_Single</graphicClass>
      </graphicData>
      <statBases>
         <MarketValue>2000</MarketValue>
      </statBases>
      <techHediffsTags>
         <li>Advanced</li>
      </techHediffsTags>
   </ThingDef>
   
</ThingDefs>