<?xml version="1.0" encoding="UTF-8"?>

<ThingDefs>
   
   <ThingDef Name="BodyPartBase" Abstract="True">
      <label>body part</label>
      <thingClass>ThingWithComps</thingClass>
      <category>Item</category>
      <useHitPoints>true</useHitPoints>
      <selectable>true</selectable>
      <statBases>
         <MaxHitPoints>50</MaxHitPoints>
         <Flammability>1.0</Flammability>
      </statBases>
      <altitudeLayer>Item</altitudeLayer>
      <tickerType>Never</tickerType>
      <alwaysHaulable>true</alwaysHaulable>
      <isBodyPartOrImplant>true</isBodyPartOrImplant>
      <tradeTags>
         <li>AdvancedProstheses</li>
      </tradeTags>
      <comps>
         <li>
            <compClass>CompForbiddable</compClass>
         </li>
      </comps>
      <thingCategories>
         <li>AdvancedProsthesesHumanoid</li><!--changed from AdvancedProstheses-->
      </thingCategories>
      <pathCost>10</pathCost>
   </ThingDef>
   
   <ThingDef ParentName="BodyPartBase">
      <defName>AdvancedPowerArm</defName>
      <label>advanced power arm</label>
      <description>Even more unparalleled strength and dexterity, and with a sharp, retractable claws. Now it's the ultimate arm upgrade!</description>
      <graphicData>
         <texPath>Things/Item/BodyPart/ArtificialOrgan</texPath>
         <graphicClass>Graphic_Single</graphicClass>
      </graphicData>
      <statBases>
         <MarketValue>10000</MarketValue>
      </statBases>
      <techHediffsTags>
         <li>AdvancedWeapon</li>
      </techHediffsTags>
   </ThingDef>
   
   <ThingDef ParentName="BodyPartBase">
      <defName>AdvancedBionicHand</defName>
      <label>advanced bionic hand</label>
      <description>Some people would chop their own hands off just to get this gorgeous piece of tech.</description>
      <graphicData>
         <texPath>Things/Item/BodyPart/ArtificialOrgan</texPath>
         <graphicClass>Graphic_Single</graphicClass>
      </graphicData>
      <statBases>
         <MarketValue>5000</MarketValue>
      </statBases>
      <techHediffsTags>
         <li>Advanced</li>
      </techHediffsTags>
   </ThingDef>
   
   <ThingDef ParentName="BodyPartBase">
      <defName>AdvancedBionicArm</defName>
      <label>advanced bionic arm</label>
      <description>Remember when you struggled with opening jars? Now you struggle with not breaking them instantly.</description>
      <graphicData>
         <texPath>Things/Item/BodyPart/ArtificialOrgan</texPath>
         <graphicClass>Graphic_Single</graphicClass>
      </graphicData>
      <statBases>
         <MarketValue>7000</MarketValue>
      </statBases>
      <techHediffsTags>
         <li>Advanced</li>
      </techHediffsTags>
   </ThingDef>
   
   <ThingDef ParentName="BodyPartBase">
      <defName>AdvancedBionicLeg</defName>
      <label>advanced bionic leg</label>
      <description>Impressing technology allows the user to move around faster than ever.</description>
      <graphicData>
         <texPath>Things/Item/BodyPart/ArtificialOrgan</texPath>
         <graphicClass>Graphic_Single</graphicClass>
      </graphicData>
      <statBases>
         <MarketValue>7000</MarketValue>
      </statBases>
      <techHediffsTags>
         <li>Advanced</li>
      </techHediffsTags>
   </ThingDef>
   
   <ThingDef ParentName="BodyPartBase">
      <defName>AdvancedBionicFoot</defName>
      <label>advanced bionic foot</label>
      <description>Dozens of servomotors grant faster movement and ultimate comfort.</description>
      <graphicData>
         <texPath>Things/Item/BodyPart/ArtificialOrgan</texPath>
         <graphicClass>Graphic_Single</graphicClass>
      </graphicData>
      <statBases>
         <MarketValue>5000</MarketValue>
      </statBases>
      <techHediffsTags>
         <li>Advanced</li>
      </techHediffsTags>
   </ThingDef>
   
   <ThingDef ParentName="BodyPartBase">
      <defName>AdvancedBionicEar</defName>
      <label>advanced bionic ear</label>
      <description>This device allows the user to hear better than bats.</description>
      <graphicData>
         <texPath>Things/Item/BodyPart/ArtificialOrgan</texPath>
         <graphicClass>Graphic_Single</graphicClass>
      </graphicData>
      <statBases>
         <MarketValue>3000</MarketValue>
      </statBases>
      <techHediffsTags>
         <li>Advanced</li>
      </techHediffsTags>
   </ThingDef>
   
   <ThingDef ParentName="BodyPartBase">
      <defName>AdvancedBionicJaw</defName>
      <label>advanced bionic jaw</label>
      <description>The voice this jaw creates is so beautiful that even some mechanoids stop to listen to this sound.</description>
      <graphicData>
         <texPath>Things/Item/BodyPart/ArtificialOrgan</texPath>
         <graphicClass>Graphic_Single</graphicClass>
      </graphicData>
      <statBases>
         <MarketValue>4000</MarketValue>
      </statBases>
      <techHediffsTags>
         <li>Advanced</li>
      </techHediffsTags>
   </ThingDef>
   
   <ThingDef ParentName="BodyPartBase">
      <defName>AdvancedBionicEye</defName>
      <label>advanced bionic eye</label>
      <description>This advanced piece of technology allows the user to perfectly see in the dark as well as to see through walls.</description>
      <graphicData>
         <texPath>Things/Item/BodyPart/ArtificialOrgan</texPath>
         <graphicClass>Graphic_Single</graphicClass>
      </graphicData>
      <statBases>
         <MarketValue>6000</MarketValue>
      </statBases>
      <techHediffsTags>
         <li>Advanced</li>
      </techHediffsTags>
   </ThingDef>
   
   <ThingDef ParentName="BodyPartBase">
      <defName>AdvancedBionicSpine</defName>
      <label>advanced bionic spine</label>
      <description>This durable device supports the back and makes working and walking much easier.</description>
      <graphicData>
         <texPath>Things/Item/BodyPart/ArtificialOrgan</texPath>
         <graphicClass>Graphic_Single</graphicClass>
      </graphicData>
      <statBases>
         <MarketValue>5000</MarketValue>
      </statBases>
      <techHediffsTags>
         <li>Advanced</li>
      </techHediffsTags>
   </ThingDef>

  <ThingDef ParentName="BodyPartBase">
    <defName>ExoskeletonSuit</defName>
    <label>exoskeleton suit</label>
    <description>A high tech device made out of two components: a light skeletal structure to relieve the back and servomotors to make the user stronger.</description>
      <graphicData>
         <texPath>Things/Item/BodyPart/ArtificialOrgan</texPath>
         <graphicClass>Graphic_Single</graphicClass>
      </graphicData>
    <statBases>
      <MarketValue>10000</MarketValue>
    </statBases>
    <techHediffsTags>
      <li>Advanced</li>
    </techHediffsTags>
  </ThingDef>
  
</ThingDefs>