﻿<?xml version="1.0" encoding="utf-8" ?>
<Resources>


  <!-- =========== bases =========== -->

  <ThingDef Name="ResourceBase" Abstract="True">
    <thingClass>ThingWithComps</thingClass>
    <label>unspecified resource</label>
    <category>Item</category>
    <resourceReadoutPriority>Middle</resourceReadoutPriority>
    <useHitPoints>true</useHitPoints>
    <selectable>true</selectable>
    <altitudeLayer>Item</altitudeLayer>
    <stackLimit>75</stackLimit>
    <comps>
      <li>
        <compClass>CompForbiddable</compClass>
      </li>
    </comps>
    <alwaysHaulable>true</alwaysHaulable>
    <drawGUIOverlay>true</drawGUIOverlay>
    <rotatable>false</rotatable>
    <pathCost>15</pathCost>
  </ThingDef>


  <!--=============== Pure stuffs: Basics ====================-->


  <ThingDef ParentName="ResourceBase">
    <defName>Gold</defName>
    <label>gold</label>
    <description>The most seductive metal of them all. Millions have died in attempting to feed the endless human thirst for gold. This soft metal is little use on its own, but is strikingly beautiful and very rare.</description>
    <graphicData>
      <texPath>Things/Item/Resource/Gold</texPath>
      <graphicClass>Graphic_Single</graphicClass>
    </graphicData>
    <soundInteract>Silver_Drop</soundInteract>
    <soundDrop>Silver_Drop</soundDrop>
    <useHitPoints>false</useHitPoints>
    <statBases>
      <MarketValue>20</MarketValue>
      <SharpDamageMultiplier>0.3</SharpDamageMultiplier>
      <BluntDamageMultiplier>1.15</BluntDamageMultiplier>
    </statBases>
    <thingCategories>
      <li>Metals</li><!--changed from ResourcesRaw-->
    </thingCategories>
    <stackLimit>400</stackLimit>
    <stuffProps>
      <stuffAdjective>golden</stuffAdjective>
      <categories>
        <li>Metallic</li>
      </categories>
      <color>(255,235,122)</color>
      <constructEffect>ConstructMetal</constructEffect>
      <soundImpactStuff>BulletImpactMetal</soundImpactStuff>
      <soundMeleeHitSharp>MeleeHit_Metal_Sharp</soundMeleeHitSharp>
      <soundMeleeHitBlunt>MeleeHit_Metal_Blunt</soundMeleeHitBlunt>
      <statOffsets>
        <Beauty>18</Beauty>
      </statOffsets>
      <statFactors>
        <MaxHitPoints>0.6</MaxHitPoints>
        <Flammability>0.2</Flammability>
        <Beauty>6</Beauty>
        <WorkToMake>1.3</WorkToMake>
        <MeleeWeapon_Cooldown>1.1</MeleeWeapon_Cooldown>
      </statFactors>
    </stuffProps>
  </ThingDef>

</Resources>