<?xml version="1.0" encoding="utf-8" ?>
<RecipeDefs>

	<!--========================= Recipes (Handcrafted) =============================-->

	<RecipeDef>
		<workerCounterClass>RecipeWorkerCounter_MakeStoneBlocks</workerCounterClass>
		<defName>MakeStoneBlocks</defName>
		<label>make stone blocks</label>
		<description>Cuts rock chunks into usable stone blocks.</description>
		<jobString>Stonecutting.</jobString>
		<workAmount>1600</workAmount>
		<workSpeedStat>StonecuttingSpeed</workSpeedStat>
		<effectWorking>CutStone</effectWorking>
		<workSkillLearnFactor>0.25</workSkillLearnFactor>
		<soundWorking>Recipe_MakeStoneBlocks</soundWorking>
		<targetCountAdjustment>50</targetCountAdjustment>
		<ingredients>
			<li>
				<filter>
					<categories>
						<li>StoneChunks</li>
					</categories>
				</filter>
				<count>1</count>
			</li>
		</ingredients>
		<specialProducts>
			<li>Butchery</li>
		</specialProducts>
		<fixedIngredientFilter>
			<categories>
				<li>StoneChunks</li>
			</categories>
		</fixedIngredientFilter>
		<workSkill>Crafting</workSkill>
	</RecipeDef>
  
	<RecipeDef>
		<defName>MakeSand_Hand</defName>
		<label>make sand</label>
		<description>Grinds 1 stone chunk into 15 sand by hand. Quite slow.</description>
		<jobString>Making sand.</jobString>
		<workAmount>1200</workAmount>
		<workSpeedStat>StonecuttingSpeed</workSpeedStat>
		<effectWorking>Smelt</effectWorking>
		<soundWorking>Recipe_Smelt</soundWorking>
		<ingredients>
			<li>
				<filter>
					<categories>
						<li>StoneChunks</li>
					</categories>
				</filter>
				<count>1</count>
			</li>
		</ingredients>
		<fixedIngredientFilter>
				<categories>
					<li>StoneChunks</li>
				</categories>
		</fixedIngredientFilter>
		<products>
			<Sand>15</Sand>
		</products>
		<workSkill>Crafting</workSkill>
	</RecipeDef>
	
	<!--<RecipeDef>
		<defName>MakeWoodPlanks_Hand</defName>
		<label>make wood planks</label>
		<description>Cuts 10 logs into 15 wood planks by hand. Quite slow.</description>
		<jobString>Making wood planks.</jobString>
		<workAmount>1200</workAmount>
		<workSpeedStat>StonecuttingSpeed</workSpeedStat>
		<effectWorking>MakeWoodPlanks_Hand</effectWorking>
		<soundWorking>Recipe_MakeWoodPlanks_Hand</soundWorking>
		<ingredients>
			<li>
				<filter>
					<thingDefs>
						<li>WoodLog</li>
					</thingDefs>
				</filter>
				<count>10</count>
			</li>
		</ingredients>
		<fixedIngredientFilter>
			<thingDefs>
				<li>WoodLog</li>
			</thingDefs>
		</fixedIngredientFilter>
		<products>
			<WoodPlank>15</WoodPlank>
		</products>
		<workSkill>Crafting</workSkill>
	</RecipeDef>-->
	
	<RecipeDef>
		<defName>MakeKindling_Hand</defName>
		<label>make wood kindling</label>
		<description>Cuts 10 logs into 15 kindling by hand. Quite slow.</description>
		<jobString>Making kindling.</jobString>
		<workAmount>1200</workAmount>
		<workSpeedStat>StonecuttingSpeed</workSpeedStat>
		<effectWorking>MakeWoodPlanks_Hand</effectWorking>
		<soundWorking>Recipe_MakeWoodPlanks_Hand</soundWorking>
		<ingredients>
			<li>
				<filter>
					<thingDefs>
						<li>WoodLog</li>
					</thingDefs>
				</filter>
				<count>10</count>
			</li>
		</ingredients>
		<fixedIngredientFilter>
			<thingDefs>
				<li>WoodLog</li>
			</thingDefs>
		</fixedIngredientFilter>
		<products>
			<Kindling>15</Kindling>
		</products>
		<workSkill>Crafting</workSkill>
	</RecipeDef>

	
	<!--<RecipeDef>
		<defName>MakeSteelBars_Hand</defName>
		<label>make steel bars</label>
		<description>Smelt 10 steel ore into 15 steel bars by hand. Quite slow.</description>
		<jobString>Making steel bars.</jobString>
		<workAmount>1200</workAmount>
		<workSpeedStat>SmeltingSpeed</workSpeedStat>
		<effectWorking>Smelt</effectWorking>
		<soundWorking>Recipe_Smelt</soundWorking>
		<ingredients>
			<li>
				<filter>
					<thingDefs>
						<li>Steel</li>
					</thingDefs>
				</filter>
				<count>10</count>
			</li>
		</ingredients>
		<fixedIngredientFilter>
			<thingDefs>
				<li>Steel</li>
			</thingDefs>
		</fixedIngredientFilter>
		<products>
			<SteelBar>15</SteelBar>
		</products>
		<workSkill>Crafting</workSkill>
	</RecipeDef>
	
	<RecipeDef>
		<defName>MakePlasteelBars_Hand</defName>
		<label>make plasteel bars</label>
		<description>Smelt 10 plasteel ore into 15 plasteel bars by hand. Quite slow.</description>
		<jobString>Making plasteel bars.</jobString>
		<workAmount>1500</workAmount>
		<workSpeedStat>SmeltingSpeed</workSpeedStat>
		<effectWorking>Smelt</effectWorking>
		<soundWorking>Recipe_Smelt</soundWorking>
		<recipeUsers>
         <li>TableFurnace</li>
      </recipeUsers>
		<ingredients>
			<li>
				<filter>
					<thingDefs>
						<li>Plasteel</li>
					</thingDefs>
				</filter>
				<count>10</count>
			</li>
		</ingredients>
		<fixedIngredientFilter>
			<thingDefs>
				<li>Plasteel</li>
			</thingDefs>
		</fixedIngredientFilter>
		<products>
			<PlasteelBar>15</PlasteelBar>
		</products>
		<workSkill>Crafting</workSkill>
	</RecipeDef>-->
	
	<!--========================= Recipes (Powered) =============================-->
	
	<RecipeDef>
		<workerCounterClass>RecipeWorkerCounter_MakeStoneBlocks</workerCounterClass>
		<defName>MakeStoneBlocks_Electric</defName>
		<label>make stone blocks</label>
		<description>Cuts rock chunks into usable stone blocks. Quite fast.</description>
		<jobString>Stonecutting.</jobString>
		<workAmount>600</workAmount>
		<workSpeedStat>StonecuttingSpeed</workSpeedStat>
		<effectWorking>CutStone</effectWorking>
		<soundWorking>Recipe_MakeStoneBlocks</soundWorking>
		<targetCountAdjustment>50</targetCountAdjustment>
		<ingredients>
			<li>
				<filter>
					<categories>
						<li>StoneChunks</li>
					</categories>
				</filter>
				<count>1</count>
			</li>
		</ingredients>
		<specialProducts>
			<li>Butchery</li>
		</specialProducts>
		<fixedIngredientFilter>
			<categories>
				<li>StoneChunks</li>
			</categories>
		</fixedIngredientFilter>
		<workSkill>Crafting</workSkill>
	</RecipeDef>
  
	<RecipeDef>
		<defName>MakeSand_Electric</defName>
		<label>make sand</label>
		<description>Grinds 1 stone chunk into 20 sand. Quite fast.</description>
		<jobString>Making sand.</jobString>
		<workAmount>600</workAmount>
		<workSpeedStat>StonecuttingSpeed</workSpeedStat>
		<effectWorking>Smelt</effectWorking>
		<soundWorking>Recipe_Smelt</soundWorking>
		<ingredients>
			<li>
				<filter>
					<categories>
						<li>StoneChunks</li>
					</categories>
				</filter>
				<count>1</count>
			</li>
		</ingredients>
		<fixedIngredientFilter>
				<categories>
					<li>StoneChunks</li>
				</categories>
		</fixedIngredientFilter>
		<products>
			<Sand>20</Sand>
		</products>
		<workSkill>Crafting</workSkill>
	</RecipeDef>
	
	<!--<RecipeDef>
		<defName>MakeWoodPlanks_Electric</defName>
		<label>make wood planks</label>
		<description>Cuts 20 logs into 40 wood planks. Quite fast.</description>
		<jobString>Making wood planks.</jobString>
		<workAmount>600</workAmount>
		<workSpeedStat>StonecuttingSpeed</workSpeedStat>
		<effectWorking>MakeWoodPlanks_Hand</effectWorking>
		<soundWorking>Recipe_MakeWoodPlanks_Hand</soundWorking>
		<ingredients>
			<li>
				<filter>
					<thingDefs>
						<li>WoodLog</li>
					</thingDefs>
				</filter>
				<count>20</count>
			</li>
		</ingredients>
		<fixedIngredientFilter>
			<thingDefs>
				<li>WoodLog</li>
			</thingDefs>
		</fixedIngredientFilter>
		<products>
			<WoodPlank>40</WoodPlank>
		</products>
		<workSkill>Crafting</workSkill>
	</RecipeDef>-->

	<RecipeDef>
		<defName>MakeKindling_Electric</defName>
		<label>make kindling</label>
		<description>Cuts 20 logs into 40 kindling. Quite fast.</description>
		<jobString>Making kindling.</jobString>
		<workAmount>600</workAmount>
		<workSpeedStat>StonecuttingSpeed</workSpeedStat>
		<effectWorking>MakeWoodPlanks_Hand</effectWorking>
		<soundWorking>Recipe_MakeWoodPlanks_Hand</soundWorking>
		<ingredients>
			<li>
				<filter>
					<thingDefs>
						<li>WoodLog</li>
					</thingDefs>
				</filter>
				<count>20</count>
			</li>
		</ingredients>
		<fixedIngredientFilter>
			<thingDefs>
				<li>WoodLog</li>
			</thingDefs>
		</fixedIngredientFilter>
		<products>
			<Kindling>40</Kindling>
		</products>
		<workSkill>Crafting</workSkill>
	</RecipeDef>

	
	
	<!--<RecipeDef>
		<defName>MakeSteelBars_Electric</defName>
		<label>make steel bars</label>
		<description>Smelt 20 steel ore into 40 steel bars. Quite fast.</description>
		<jobString>Making steel bars.</jobString>
		<workAmount>600</workAmount>
		<workSpeedStat>SmeltingSpeed</workSpeedStat>
		<effectWorking>Smelt</effectWorking>
		<soundWorking>Recipe_Smelt</soundWorking>
		<ingredients>
			<li>
				<filter>
					<thingDefs>
						<li>Steel</li>
					</thingDefs>
				</filter>
				<count>20</count>
			</li>
		</ingredients>
		<fixedIngredientFilter>
			<thingDefs>
				<li>Steel</li>
			</thingDefs>
		</fixedIngredientFilter>
		<products>
			<SteelBar>40</SteelBar>
		</products>
		<workSkill>Crafting</workSkill>
	</RecipeDef>
	
	<RecipeDef>
		<defName>MakePlasteelBars_Electric</defName>
		<label>make plasteel bars</label>
		<description>Smelt 10 plasteel ore into 20 plasteel bars. Quite fast.</description>
		<jobString>Making plasteel bars.</jobString>
		<workAmount>600</workAmount>
		<workSpeedStat>SmeltingSpeed</workSpeedStat>
		<effectWorking>Smelt</effectWorking>
		<soundWorking>Recipe_Smelt</soundWorking>
		<ingredients>
			<li>
				<filter>
					<thingDefs>
						<li>Plasteel</li>
					</thingDefs>
				</filter>
				<count>20</count>
			</li>
		</ingredients>
		<fixedIngredientFilter>
			<thingDefs>
				<li>Plasteel</li>
			</thingDefs>
		</fixedIngredientFilter>
		<products>
			<PlasteelBar>40</PlasteelBar>
		</products>
		<workSkill>Crafting</workSkill>
	</RecipeDef>-->
	
	<RecipeDef>
		<defName>ExtractMetalFromSlag</defName>
		<label>smelt metal from slag</label>
		<description>Use heat and strong electromagnets to separate useful metal from slag chunks.</description>
		<jobString>Smelting metal from slag.</jobString>
		<workAmount>1600</workAmount>
		<workSpeedStat>SmeltingSpeed</workSpeedStat>
		<effectWorking>Smelt</effectWorking>
		<workSkillLearnFactor>0.25</workSkillLearnFactor>
		<soundWorking>Recipe_Smelt</soundWorking>
		<targetCountAdjustment>50</targetCountAdjustment>
		<ingredients>
			<li>
				<filter>
					<thingDefs>
						<li>ChunkSlagSteel</li>
					</thingDefs>
				</filter>
				<count>1</count>
			</li>
		</ingredients>
		<products>
			<Steel>10</Steel>
		</products>
		<fixedIngredientFilter>
			<thingDefs>
				<li>ChunkSlagSteel</li>
			</thingDefs>
		</fixedIngredientFilter>
		<workSkill>Crafting</workSkill>
	</RecipeDef>

	
	<RecipeDef>
		<defName>SmeltWeapon</defName>
		<label>smelt metal from weapon</label>
		<description>Use heat and strong electromagnets to separate useful metal from weapons.</description>
		<jobString>Smelting metal from weapon.</jobString>
		<workAmount>1600</workAmount>
		<workSpeedStat>SmeltingSpeed</workSpeedStat>
		<effectWorking>Smelt</effectWorking>
		<soundWorking>Recipe_Smelt</soundWorking>
		<ingredients>
			<li>
				<filter>
					<categories>
						<li>Weapons</li>
					</categories>
				</filter>
				<count>1</count>
			</li>
		</ingredients>
		<products>
			<Steel>10</Steel>
		</products>
		<fixedIngredientFilter>
			<categories>
				<li>Weapons</li>
			</categories><!--
			<specialFiltersToDisallow>
				<li>AllowNonSmeltableWeapons</li>
			</specialFiltersToDisallow>-->
		</fixedIngredientFilter>
		<workSkill>Crafting</workSkill>
	</RecipeDef>
	
	<!--========================= Recipes (Manufactured Goods) =============================-->
	
	<RecipeDef>
		<defName>MakeGlass</defName>
		<label>make glass</label>
		<description>Make glass from sand.</description>
		<jobString>Making glass.</jobString>
		<workAmount>1200</workAmount>
		<workSpeedStat>SmeltingSpeed</workSpeedStat>
		<effectWorking>Smelt</effectWorking>
		<soundWorking>Recipe_Smelt</soundWorking>
		<ingredients>
			<li>
				<filter>
					<thingDefs>
						<li>Sand</li>
					</thingDefs>
				</filter>
				<count>20</count>
			</li>
		</ingredients>
		<fixedIngredientFilter>
			<thingDefs>
				<li>Sand</li>
			</thingDefs>
		</fixedIngredientFilter>
		<products>
			<Glass>20</Glass>
		</products>
		<workSkill>Crafting</workSkill>
	</RecipeDef>
	
	<RecipeDef>
		<defName>MakeMulch</defName>
		<label>make mulch</label>
		<description>Make mulch from wood logs.</description>
		<jobString>Making mulch.</jobString>
		<workSpeedStat>StonecuttingSpeed</workSpeedStat>
		<workAmount>1200</workAmount>
		<effectWorking>MakeWoodPlanks_Hand</effectWorking>
		<soundWorking>Recipe_MakeWoodPlanks_Hand</soundWorking>
		<ingredients>
			<li>
				<filter>
					<thingDefs>
						<li>WoodLog</li>
					</thingDefs>
				</filter>
				<count>20</count>
			</li>
		</ingredients>
		<fixedIngredientFilter>
			<thingDefs>
				<li>WoodLog</li>
			</thingDefs>
		</fixedIngredientFilter>
		<products>
			<Mulch>20</Mulch>
		</products>
		<workSkill>Crafting</workSkill>
	</RecipeDef>
	
	
	<RecipeDef>
		<defName>MakeElectronics</defName>
		<label>make electronic chips</label>
		<description>Make electronic chips from silver and sand.</description>
		<jobString>Making electronic chips.</jobString>
		<workSpeedStat>SmithingSpeed</workSpeedStat>
		<workAmount>600</workAmount>
		<effectWorking>Smith</effectWorking>
		<soundWorking>Recipe_Machining</soundWorking>
		<ingredients>
			<li>
				<filter>
					<thingDefs>
						<li>Silver</li>
					</thingDefs>
				</filter>
				<count>1</count>
			</li>
			<li>
				<filter>
					<thingDefs>
						<li>Sand</li>
					</thingDefs>
				</filter>
				<count>5</count>
			</li>
		</ingredients>
		<fixedIngredientFilter>
			<thingDefs>
				<li>Silver</li>
				<li>Sand</li>
			</thingDefs>
		</fixedIngredientFilter>
		<products>
			<Electronics>5</Electronics>
		</products>
		<workSkill>Crafting</workSkill>
	</RecipeDef>



	<RecipeDef>
		<defName>MakeArtilleryShell</defName>
		<label>make artillery shell</label>
		<description>Craft an artillery shell.</description>
		<jobString>Making artillery shell.</jobString>
		<workSpeedStat>SmithingSpeed</workSpeedStat>
		<effectWorking>Smith</effectWorking>
		<soundWorking>Recipe_Machining</soundWorking>
		<allowMixingIngredients>true</allowMixingIngredients>
		<workAmount>600</workAmount>
		<targetCountAdjustment>5</targetCountAdjustment>
		<ingredients>
			<li>
				<filter>
					<thingDefs>
						<li>Steel</li>
					</thingDefs>
				</filter>
				<count>5</count>
			</li>
		</ingredients>
		<fixedIngredientFilter>
			<thingDefs>
				<li>Steel</li>
			</thingDefs>
		</fixedIngredientFilter>
		<products>
			<ArtilleryShell>1</ArtilleryShell>
		</products>
		<workSkill>Crafting</workSkill>
	</RecipeDef>
	
	
	<RecipeDef>
		<defName>MakeEthanolFuel</defName>
		<label>make ethanol fuel</label>
		<description>Make ethanol fuel from raw corn.</description>
		<jobString>Making ethanol fuel.</jobString>
		<workSpeedStat>BrewingSpeed</workSpeedStat>
		<effectWorking>Cook</effectWorking>
		<soundWorking>Recipe_CookMeal</soundWorking>
		<allowMixingIngredients>true</allowMixingIngredients>
		<workAmount>600</workAmount>
		<ingredients>
			<li>
				<filter>
					<thingDefs>
						<li>RawCorn</li>
					</thingDefs>
				</filter>
				<count>30</count>
			</li>
		</ingredients>
		<fixedIngredientFilter>
			<thingDefs>
				<li>RawCorn</li>
			</thingDefs>
		</fixedIngredientFilter>
		<products>
			<EthanolFuel>15</EthanolFuel>
		</products>
		<workSkill>Cooking</workSkill>
	</RecipeDef>
	


</RecipeDefs>