<?xml version="1.0" encoding="utf-8" ?>
<ResearchProjectDefs>


   <ResearchProjectDef>
		<defName>CookI</defName>
		<label>Cooking I</label>
		<description>Researches methods of simple cooking. \n\nUnlocks Cooking Stove and Oven.</description>
		<totalCost>300</totalCost>
		<prerequisites>
			<li>AgricultureI</li>
			<li>PowerI</li>
		</prerequisites> <!--added prerequisites-->
	</ResearchProjectDef>
	
	<ResearchProjectDef>
		<defName>CookII</defName>
		<label>Cooking II</label>
		<description>Researches methods of advance cooking styles. \n\nUnlocks Candy making, Grinding Mill, and Dispensing Machine.</description>
		<totalCost>500</totalCost>
		<prerequisites>
			<li>CookI</li>
		</prerequisites>

	</ResearchProjectDef>

	<ResearchProjectDef>
		<defName>Weaving</defName>
		<label>Cloth Weaving</label>
		<description>Researches methods of blending raw fibers into cloths. \n\nUnlocks Loom.</description>
		<totalCost>500</totalCost>
	</ResearchProjectDef>
	
	<!--These categories are present in the non-seed version, but I liked the seed version of research better so removing these-->
	
	<ResearchProjectDef>
		<defName>OvenBaking</defName>
		<label>Baking</label>
		<description>Research methods of cooking in an Oven.</description>
		<totalCost>0</totalCost>
	</ResearchProjectDef>
	
	<ResearchProjectDef>
		<defName>CandyMaking</defName>
		<label>Candy Making</label>
		<description>Unlocks the candy making table to make sweet treats..</description>
		<totalCost>0</totalCost>
	</ResearchProjectDef>	
	
</ResearchProjectDefs>