<?xml version="1.0" encoding="utf-8" ?>
<Buildings>


	<ThingDef Name="BuildingBase" Abstract="True">
		<category>Building</category>
		<soundImpactDefault>BulletImpactMetal</soundImpactDefault>
		<selectable>true</selectable>
		<drawerType>MapMeshAndRealTime</drawerType>
		<terrainAffordanceNeeded>Light</terrainAffordanceNeeded>
		<repairEffect>Repair</repairEffect>
		<leaveResourcesWhenKilled>true</leaveResourcesWhenKilled>
		<filthLeaving>BuildingRubble</filthLeaving>
	</ThingDef>


<!--	<ThingDef ParentName="BuildingBase">
		<defName>Grave</defName>
		<label>grave</label>
		<thingClass>Building_Grave</thingClass>
		<graphicData>
			<texPath>Things/Building/Misc/GraveEmpty</texPath>
			<graphicClass>Graphic_Single</graphicClass>
			<drawSize>(3,4)</drawSize>
		</graphicData>
		<constructEffect>ConstructDirt</constructEffect>
		<altitudeLayer>FloorEmplacement</altitudeLayer>
		<useHitPoints>false</useHitPoints>
		<description>Place the dead in graves to give them a decent final resting
			place.</description>
		<size>(1,2)</size>
		<statBases>
			<WorkToMake>650</WorkToMake>
		</statBases>
		<passability>Standable</passability>
		<building>
			<isInert>true</isInert>
			<fixedStorageSettings>
				<filter>
					<categories>
						<li>Corpses</li>
					</categories>
				</filter>
			</fixedStorageSettings>
			<defaultStorageSettings>
				<priority>Important</priority>
				<filter>
					<categories>
						<li>CorpsesHumanlike</li>
					</categories>
					<specialFiltersToAllow>
						<li>AllowBuried</li>
					</specialFiltersToAllow>
				</filter>
			</defaultStorageSettings>
		</building>
		<inspectorTabs>
			<li>ITab_Storage</li>
		</inspectorTabs>
		<terrainAffordanceNeeded>Diggable</terrainAffordanceNeeded>
		<designationCategory>Misc</designationCategory>
		<surfaceType>Item</surfaceType>
	</ThingDef>
-->

	<ThingDef ParentName="BuildingBase">
		<defName>ResearchBench</defName>
		<label>research bench</label>
		<thingClass>Building_ResearchBench</thingClass>
		<graphicData>
			<texPath>Things/Building/SCMisc/ResearchBench3x1</texPath>
			<graphicClass>Graphic_Single</graphicClass>
			<drawSize>(3,1)</drawSize>
		</graphicData>
		<altitudeLayer>Waist</altitudeLayer>
		<passability>Impassable</passability>
		<castEdgeShadows>true</castEdgeShadows>
		<statBases>
			<MaxHitPoints>120</MaxHitPoints>
			<WorkToMake>1500</WorkToMake>
			<Flammability>1.0</Flammability>
		</statBases>
		<description>Researchers work here to discover new things.</description>
		<size>(3,1)</size>
		<costList>
			<Steel>20</Steel>
			<WoodLog>50</WoodLog>
		</costList>
    <comps>
      <li>
        <compClass>CompAffectedByFacilities</compClass>
        <linkableFacilities>
          <li>MultiAnalyzer</li>
        </linkableFacilities>
      </li>
    </comps>

		<fillPercent>0.5</fillPercent>
		<interactionCellOffset>(0,0,-1)</interactionCellOffset>
		<hasInteractionCell>true</hasInteractionCell>
		<terrainAffordanceNeeded>Heavy</terrainAffordanceNeeded>
		<designationCategory>Misc</designationCategory>
		<staticSunShadowHeight>0.20</staticSunShadowHeight>
		<surfaceType>Item</surfaceType>
	</ThingDef>


	<ThingDef ParentName="BuildingBase">
		<defName>CommsConsole</defName>
		<label>comms console</label>
		<thingClass>Building_CommsConsole</thingClass>
		<graphicData>
			<texPath>Things/Building/SCMisc/CommsConsole2x1</texPath>
			<graphicClass>Graphic_Single</graphicClass>
			<drawSize>(2,1)</drawSize>
		</graphicData>
		<altitudeLayer>BuildingTall</altitudeLayer>
		<passability>Impassable</passability>
		<castEdgeShadows>true</castEdgeShadows>
		<fillPercent>1</fillPercent>
		<statBases>
			<MaxHitPoints>180</MaxHitPoints>
			<WorkToMake>2250</WorkToMake>
			<Flammability>1.0</Flammability>
		</statBases>
		<description>Communicate with nearby ships here for negotiation and trade.</description>
		<size>(2,1)</size>
		<costList>
			<Steel>70</Steel>
			<Glass>20</Glass>

		</costList>
		<interactionCellOffset>(1,0,-1)</interactionCellOffset>
		<hasInteractionCell>true</hasInteractionCell>
		<terrainAffordanceNeeded>Heavy</terrainAffordanceNeeded>
		<designationCategory>Misc</designationCategory>
		<comps>
			<li>
				<compClass>CompPowerTrader</compClass>
				<startElectricalFires>true</startElectricalFires>
				<basePowerConsumption>200</basePowerConsumption>
			</li>
		</comps>
		<staticSunShadowHeight>0.5</staticSunShadowHeight>
		<researchPrerequisite>Communications</researchPrerequisite>

	</ThingDef>


	<ThingDef ParentName="BuildingBase">
		<defName>NutrientPasteDispenser</defName>
		<label>food synthesizer</label>
		<thingClass>Building_NutrientPasteDispenser</thingClass>
		<graphicData>
			<texPath>Things/Building/SCMisc/PasteDispenser2x1</texPath>
			<graphicClass>Graphic_Single</graphicClass>
			<drawSize>(2,1)</drawSize>
		</graphicData>
		<altitudeLayer>BuildingTall</altitudeLayer>
		<passability>Impassable</passability>
		<castEdgeShadows>true</castEdgeShadows>
		<fillPercent>1</fillPercent>
		<statBases>
			<WorkToMake>2250</WorkToMake>
			<MaxHitPoints>180</MaxHitPoints>
			<Flammability>1.0</Flammability>
		</statBases>
		<description>Synthesizes replicated meal from organic feedstock.</description>
		<building>
			<isMealSource>true</isMealSource>
			<wantsHopperAdjacent>true</wantsHopperAdjacent>
			<foodCostPerDispense>10</foodCostPerDispense>
			<soundDispense>DispensePaste</soundDispense>
		</building>
		<comps>
			<li>
				<compClass>CompPowerTrader</compClass>
				<startElectricalFires>true</startElectricalFires>
				<basePowerConsumption>200</basePowerConsumption>
			</li>
		</comps>
		<size>(2,1)</size>
		<costList>
			<Steel>70</Steel>
		</costList>
		<interactionCellOffset>(1,0,1)</interactionCellOffset>
		<hasInteractionCell>true</hasInteractionCell>
		<terrainAffordanceNeeded>Heavy</terrainAffordanceNeeded>
		<designationCategory>Misc</designationCategory>
		<staticSunShadowHeight>0.75</staticSunShadowHeight>
		<constructEffect>ConstructMetal</constructEffect>
		<researchPrerequisite>FoodSynthesizer</researchPrerequisite>
	</ThingDef>


	<ThingDef ParentName="BuildingBase">
		<defName>Hopper</defName>
		<label>synthesizer hopper</label>
		<thingClass>Building_Storage</thingClass>
		<graphicData>
			<texPath>Things/Building/SCMisc/Hopper</texPath>
			<graphicClass>Graphic_Single</graphicClass>
		</graphicData>
		<altitudeLayer>Waist</altitudeLayer>
		<passability>PassThroughOnly</passability>
		<fillPercent>0.5</fillPercent>
		<pathCost>70</pathCost>
		<building>
			<fixedStorageSettings>
				<priority>Important</priority>
				<filter>
					<categories>
						<li>FoodRaw</li>
					</categories>
				</filter>
			</fixedStorageSettings>
			<defaultStorageSettings>
				<priority>Important</priority>
				<filter>
					<categories>
						<li>FoodRaw</li>
					</categories>
					<exceptedThingDefs>
						<li>Human_Meat</li>
					</exceptedThingDefs>
				</filter>
			</defaultStorageSettings>
		</building>
		<inspectorTabs>
			<li>ITab_Storage</li>
		</inspectorTabs>
		<castEdgeShadows>true</castEdgeShadows>
		<statBases>
			<WorkToMake>450</WorkToMake>
			<MaxHitPoints>100</MaxHitPoints>
			<Flammability>1.0</Flammability>
		</statBases>
		<description>Holds resources for the food synthesizer.</description>
		<costList>
			<Steel>25</Steel>
		</costList>
		<tickerType>Never</tickerType>
		<rotatable>true</rotatable>
		<neverMultiSelect>true</neverMultiSelect>
		<designationCategory>Misc</designationCategory>
		<staticSunShadowHeight>0.3</staticSunShadowHeight>
		<surfaceType>Item</surfaceType>
		<placeWorkers>
			<li>PlaceWorker_NextToHopperAccepter</li>
		</placeWorkers>
		<constructEffect>ConstructMetal</constructEffect>
		<researchPrerequisite>FoodSynthesizer</researchPrerequisite>
	</ThingDef>

	<ThingDef ParentName="BuildingBase">
		<defName>OrbitalTradeBeacon</defName>
		<label>orbital trade beacon</label>
		<thingClass>Building_OrbitalTradeBeacon</thingClass>
		<graphicData>
			<texPath>Things/Building/Misc/DropBeacon</texPath>
			<graphicClass>Graphic_Single</graphicClass>
      <shadowData>
        <volume>(0.3, 0.6, 0.3)</volume>
      </shadowData>
		</graphicData>
		<altitudeLayer>Waist</altitudeLayer>
		<statBases>
			<MaxHitPoints>120</MaxHitPoints>
			<WorkToMake>1500</WorkToMake>
			<Flammability>1.0</Flammability>
		</statBases>
		<description>Required for orbital trading. You can only sell goods that are near an orbital trade beacon. Orbital traders will also drop goods near this.</description>
		<size>(1,1)</size>
		<drawerType>MapMeshAndRealTime</drawerType>
		<specialDisplayRadius>7.9</specialDisplayRadius>
		<costList>
			<Steel>60</Steel>
		</costList>
		<leaveResourcesWhenKilled>false</leaveResourcesWhenKilled>
		<pathCost>30</pathCost>
		<designationCategory>Misc</designationCategory>
		<rotatable>false</rotatable>
		<researchPrerequisite>Communications</researchPrerequisite>
	</ThingDef>

	<ThingDef ParentName="BuildingBase">
		<DefName>Crematorium</DefName>
		<label>crematorium</label>
		<ThingClass>Building_WorkTable_HeatPush</ThingClass>
		<Description>Cremates corpses.</Description>
		<graphicData>
			<texPath>Things/Building/Production/Crematorium</texPath>
			<graphicClass>Graphic_Single</graphicClass>
			<shaderType>CutoutComplex</shaderType>
			<drawSize>(3,2)</drawSize>
		</graphicData>
		<costStuffCount>70</costStuffCount>
		<stuffCategories>
			<li>Stony</li>
		</stuffCategories>
		<costList>
			<Steel>20</Steel>
		</costList>
		<AltitudeLayer>Waist</AltitudeLayer>
		<useHitPoints>True</useHitPoints>
		<statBases>
			<WorkToMake>2250</WorkToMake>
			<MaxHitPoints>180</MaxHitPoints>
			<Flammability>0</Flammability>
		</statBases>
		<Size>(3,2)</Size>
		<DesignationCategory>Misc</DesignationCategory>
		<fillPercent>1</fillPercent>
		<Passability>Impassable</Passability>
		<hasInteractionCell>True</hasInteractionCell>
		<interactionCellOffset>(0,0,-1)</interactionCellOffset>
		<recipes>
			<li>CremateCorpse</li>
			<li>BurnApparel</li>
		</recipes>
		<inspectorTabs>
			<li>ITab_Bills</li>
		</inspectorTabs>
		<comps>
			<li>
				<compClass>CompPowerTrader</compClass>
				<basePowerConsumption>250</basePowerConsumption>
				<startElectricalFires>true</startElectricalFires>
				<soundPowerOn>PowerOnSmall</soundPowerOn>
				<soundPowerOff>PowerOffSmall</soundPowerOff>
			</li>
			<li>
				<compClass>CompGlower</compClass>
				<glowRadius>6</glowRadius>
				<glowColor>(217,112,33,0)</glowColor>
			</li>
		</comps>
		<building>
			<spawnedConceptLearnOpportunity>BillsTab</spawnedConceptLearnOpportunity>
			<heatPerTickWhileWorking>0.6</heatPerTickWhileWorking>
		</building>
		<researchPrerequisite>Cremation</researchPrerequisite>
	</ThingDef>
	
	<ThingDef ParentName="BuildingBase">
		<defName>FertilizerPump</defName>
		<label>terraforming pump</label>
		<thingClass>Building_FertilizerPump</thingClass>
		<graphicData>
			<texPath>Things/Building/SCMisc/FertilizerPump</texPath>
			<graphicClass>Graphic_Single</graphicClass>
		</graphicData>
		<altitudeLayer>Waist</altitudeLayer>
		<passability>Standable</passability>
		<castEdgeShadows>true</castEdgeShadows>
		<fillPercent>0.2</fillPercent>
		<tickerType>Rare</tickerType>
		<statBases>
			<MaxHitPoints>240</MaxHitPoints>
			<WorkToMake>3000</WorkToMake>
			<Flammability>1.0</Flammability>
		</statBases>
		<description>Slowly expands a field of growable soil around itself.</description>
		<size>(1,1)</size>
		<costList>
			<Steel>75</Steel>
			<Glass>20</Glass>
			<Electronics>25</Electronics>
		</costList>
		<terrainAffordanceNeeded>Light</terrainAffordanceNeeded>
		<designationCategory>Misc</designationCategory>
		<comps>
			<li>
				<compClass>CompPowerTrader</compClass>
				<startElectricalFires>false</startElectricalFires>
				<basePowerConsumption>100</basePowerConsumption>
			</li>
		</comps>
		<staticSunShadowHeight>0.3</staticSunShadowHeight>
		<rotatable>false</rotatable>
		<researchPrerequisite>AgricultureIV</researchPrerequisite>
	</ThingDef>
  


</Buildings>
