﻿<?xml version="1.0" encoding="utf-8" ?>
<ResearchProjectDefs>

<!--============== 3 shades of cloth ==============-->
<ResearchProjectDef>
    <defName>ComfyTech</defName>
    <label>Basic Furniture</label>
    <description>
Meditation for some its a time of bliss for others its a time of intese thinking on various subjects like poetry "Roses are red, violets are blue, I'm schizophrenic, and so am I". And as colonist was almost archving a state of becoming one with himself, he fall asleep, dreaming, of more butt friendly places where he can sle... mediate.

Unlocks Furniture:
Chairs:
Redisigned Stool
Comfy Seat
Couch

Beds:
Slab Bed

Unlocks Research:
Furniture Designs
Small Utilities Designs
	</description>
    <totalCost>560</totalCost>
	<prerequisites><li>CraftingI</li></prerequisites><!--added prerequisite-->
</ResearchProjectDef>

<ResearchProjectDef>
    <defName>ComfyTechTierII</defName>
    <label>Furniture Designs</label>
    <description>The winter is comming, or so they heard. but it wasnt after than few days later that they ware all out of socks. Even the dirty ones. After few minutes of cerfully wathiching each others feet in silence, they all agreed it had to be the work of mole-squieerls. And a need for new storing spots.

Unlocks Furniture:
Cabinet
Locker
	</description>
    <totalCost>200</totalCost>
	<prerequisites><li>ComfyTech</li></prerequisites>
</ResearchProjectDef>

<ResearchProjectDef>
    <defName>ComfyTechTierIII</defName>
    <label>Small Utilities Designs</label>
    <description>
"Housework can't kill you, but why take a chance?" was written on some old  flayer from Haplo labs, which just stick to one of colonist face. With detailed plans for specializaded trashbin on other side. Althrugh this did take abit of time to discover since the first side had also a quite nice looking coffie cup with 20% discout on it!

Unlocks Furniture Building:
Auto Trashbin
	</description>
    <totalCost>350</totalCost>
	<prerequisites><li>ComfyTech</li></prerequisites>
</ResearchProjectDef>




<!--============== Way of the spoooonge ==============-->

	<ResearchProjectDef> <!--adding same research category as enhance fire fighting mod-->
		<defName>FireFighting</defName>
		<label>firefighting research</label>
		<description>Research methods for fighting fires in your base.</description>
		<totalCost>500</totalCost>
		<prerequisites>
			<li>ConstructionII</li>
		</prerequisites>
	</ResearchProjectDef>
	
	
<ResearchProjectDef> <!-- no longer used -->
    <defName>AFS</defName>
    <label>Fire Suppression</label>
    <description>
While hunting for dead squirrels (live ones are to dangerous, obviously) one of colonist discovered a sponge, but this wasnt any normal sponge it was a PLASMA SPONGE!
So jogging his memory after this event for a quite good while, he discover that his coffee cup was empty.
If this makes no sense it means you're not insane enough.

With this, your research colonist will be able to refill their coffee cups more often, and learn the way of the spoooonge.


Unlocks Seciurity Building:
Sponge Dispenser
</description>
    <totalCost>0</totalCost>
</ResearchProjectDef>

<ResearchProjectDef>
    <defName>PlasmaDischarge</defName>
    <label>Plasma Discharge</label>
    <description>
Most colonist did see it many times, mostly thrugh little window of solid plasteel door, with a big glowing neon sigh "Solarium for brave" and small side plate with "Warning do not enter".

Unlocks Seciurity Building:
Plasma Generator
</description>
<totalCost>1000</totalCost>
	<prerequisites>
	<li>FireFighting</li><!--changed from AFS-->
	<li>Machining</li>
	</prerequisites>
</ResearchProjectDef>
  

<!--============== Table-fuu ==============-->

<ResearchProjectDef>
    <defName>TableDesign</defName>
    <label>Tables Designs</label>
    <description>
After a long debate about the meaning of life and threat assessment of the squirrels, one colonist decided to develop new table types, so they don't need to chat so often, or in most cases, at all.
	
With this, the researcher will uncover ancient art of table-fu.
	
Unlocks Furniture:
Modern Table (Square)
Modern Table (Medium)
Modern Table (Small)
Resource Table
Medic Kit Storage
Serving Table

Unlocks Research:
Table Customization
	</description>
    <totalCost>100</totalCost>
	<prerequisites><li>CraftingI</li></prerequisites><!--added prerequisite-->
  </ResearchProjectDef>
  
 
<!--============== Manual ==============-->

<ResearchProjectDef>
    <defName>UtilityStructures</defName>
    <label>Base Basic Strctures</label>
    <description>It took around 2 hours and a colonist that can read., to page thrugh 1 page long of fireproof, blastproof and squieerl proof survival guide, that was found in pod debris.
	It was short and very helpfull.
	Point 1. If you survived the crash, remmber help is NOT comming.
	Point 2. if you didnt survive the crash remmber help is NOT comming.
	End

Unlocks Structure:
Small Fence
ClutterUtilityWall

Unlocks Research:
Reinforced Strctures
Base Utilities
</description>
<totalCost>500</totalCost>
<prerequisites><li>CraftingI</li></prerequisites><!--added prerequisite-->
</ResearchProjectDef>





</ResearchProjectDefs>