﻿<?xml version="1.0" encoding="utf-8" ?>
<ThingCategoryDefs>

<!-- removing all categories in favor of new ones -->

<!--Prostheses-->

  <ThingCategoryDef>
    <defName>BasicProstheses</defName>
    <label></label>
    <parent>Unused</parent>
  </ThingCategoryDef>
  
  <ThingCategoryDef>
    <defName>SimpleProstheses</defName>
    <label></label>
    <parent>Unused</parent>
  </ThingCategoryDef>
  
  <ThingCategoryDef>
    <defName>BionicProstheses</defName>
    <label></label>
    <parent>Unused</parent>
  </ThingCategoryDef>

  <ThingCategoryDef>
    <defName>AdvancedProstheses</defName>
    <label></label>
    <parent>Unused</parent>
  </ThingCategoryDef>
  
<!--Organs-->

  <ThingCategoryDef>
    <defName>SurrogateOrgans</defName>
    <label></label>
    <parent>Unused</parent>
  </ThingCategoryDef>

  <ThingCategoryDef>
    <defName>SyntheticOrgans</defName>
    <label></label>
    <parent>Unused</parent>
  </ThingCategoryDef>
  
</ThingCategoryDefs>