<?xml version="1.0" encoding="utf-8" ?>

<Buildings>
 <ThingDef Name="BuildingBase" Abstract="True">
    <category>Building</category>
    <thingClass>Building</thingClass>
    <soundImpactDefault>BulletImpactMetal</soundImpactDefault>
    <selectable>true</selectable>
    <drawerType>MapMeshAndRealTime</drawerType>
    <terrainAffordanceNeeded>Light</terrainAffordanceNeeded>
    <repairEffect>Repair</repairEffect>
    <leaveResourcesWhenKilled>true</leaveResourcesWhenKilled>
    <filthLeaving>BuildingRubble</filthLeaving>
  </ThingDef>
  
  <ThingDef Name="FurnitureBase" ParentName="BuildingBase" Abstract="True">
    <comps>
      <li>
        <compClass>CompQuality</compClass>
      </li>
    </comps>
    <DesignationCategory>Furniture</DesignationCategory>
    <minifiedDef>MinifiedFurniture</minifiedDef>
  </ThingDef>
  
  <ThingDef Name="HighQualityFurnitureBase" ParentName="BuildingBase" Abstract="True">
    <comps>
      <li>
        <compClass>CompQuality</compClass>
      </li>
      <li>
        <compClass>CompArt</compClass>
        <nameMaker>NamerFurniture</nameMaker>
        <descriptionMaker>ArtFurniture</descriptionMaker>
        <minQualityForArtistic>Excellent</minQualityForArtistic>
      </li>
    </comps>
    <inspectorTabs>
      <li>ITab_Art</li>
    </inspectorTabs>
    <DesignationCategory>Furniture</DesignationCategory>
    <minifiedDef>MinifiedFurniture</minifiedDef>
  </ThingDef>

<!--================ Decoration ================-->

<ThingDef ParentName="HighQualityFurnitureBase">
		<defName>ClutterCogCrate</defName>
		<label>Cog Crate</label>
		<thingClass>ClutterModule.FurnitureSearch</thingClass>
		<category>Building</category>
		<graphicData>
		 <texPath>Clutter/Decoration/CogCrate</texPath>
		<shaderType>CutoutComplex</shaderType>
		<graphicClass>Graphic_Single</graphicClass>
		 <drawSize>(1,1)</drawSize>
		</graphicData>
		<AltitudeLayer>Waist</AltitudeLayer>
		<statBases>
			<MaxHitPoints>150</MaxHitPoints>
			<WorkToMake>500</WorkToMake>
			<Flammability>1.0</Flammability>
			<Beauty>50</Beauty>
		</statBases>
		<PathCost>60</PathCost>
		<Passability>PassThroughOnly</Passability>
		<tickerType>Normal</tickerType>
		<fillPercent>0.5</fillPercent>
		<Size>1,1</Size>
		<Description>
Crate with a cog</Description>
		 <stuffCategories>
  <li>Metallic</li>
		<li>Woody</li>
    </stuffCategories>
	<costStuffCount>30</costStuffCount>
		<costList>
			<Steel>45</Steel>
			<Silver>20</Silver>
		</costList>
		<rotatable>false</rotatable>
		<selectable>true</selectable>
		<neverMultiSelect>true</neverMultiSelect>
		<DesignationCategory>Furniture</DesignationCategory><!--changed from Misc-->
		</ThingDef>

<ThingDef ParentName="HighQualityFurnitureBase">
		<defName>ClutterLockerA</defName>
		<label>Cloth Locker</label>
		<thingClass>ClutterModule.ClothLocker</thingClass>
		<hasInteractionCell>true</hasInteractionCell>
		<interactionCellOffset>(0,0,1)</interactionCellOffset>
		<category>Building</category>
		<graphicData>
		<shaderType>Transparent</shaderType>
		 <texPath>Clutter/Decoration/LockerA</texPath>
		<graphicClass>Graphic_Multi</graphicClass>
		</graphicData>
		<AltitudeLayer>Waist</AltitudeLayer>
		<statBases>
			<MaxHitPoints>200</MaxHitPoints>
			<WorkToMake>5000</WorkToMake>
			<Flammability>1.0</Flammability>
			<Beauty>20</Beauty>
		</statBases>
		<PathCost>60</PathCost>
		<Passability>PassThroughOnly</Passability>
		<fillPercent>0.5</fillPercent>
		<Size>1,1</Size>
		<Description>Steel plated locker, can store cloths also comes with dust conctrator unit for that good ancient feeling</Description>
		<costList>
			<Steel>75</Steel>
			<Silver>15</Silver>
		</costList>
		<rotatable>true</rotatable>
		<selectable>true</selectable>
		<tickerType>Normal</tickerType>
		<neverMultiSelect>false</neverMultiSelect>
		<DesignationCategory>Storage</DesignationCategory><!--changed from Furniture-->
		<DrawGUIOverlay>True</DrawGUIOverlay>
		<researchPrerequisite>ComfyTechTierII</researchPrerequisite>
		   <inspectorTabs>
      <li>ClutterModule.ITab_LockerContent</li>
    </inspectorTabs>
	</ThingDef>
	
	<ThingDef ParentName="HighQualityFurnitureBase">
		<defName>ClutterCabinetA</defName>
		<label>Cabinet</label>
		<category>Building</category>
		<thingClass>ClutterModule.FurnitureSearch</thingClass>
		<graphicData>
		 <texPath>Clutter/Decoration/Cabinet/Cabinet</texPath>
		<graphicClass>Graphic_Multi</graphicClass>
		</graphicData>
		<AltitudeLayer>Waist</AltitudeLayer>
		<statBases>
			<MaxHitPoints>150</MaxHitPoints>
			<WorkToMake>2000</WorkToMake>
			<Flammability>1.0</Flammability>
			<Beauty>50</Beauty>
		</statBases>
		<PathCost>60</PathCost>
		<Passability>PassThroughOnly</Passability>
		<tickerType>Normal</tickerType>
		<fillPercent>0.5</fillPercent>
		<Size>1,1</Size>
		<Description>Place where you can seal your socks with 20 digit code</Description>
		<costList>
			<Steel>100</Steel>
		</costList>
		<rotatable>true</rotatable>
		<selectable>true</selectable>
		<neverMultiSelect>true</neverMultiSelect>
		<DesignationCategory>Storage</DesignationCategory><!--changed from Furniture-->
		<researchPrerequisite>ComfyTechTierII</researchPrerequisite>
		
	</ThingDef>

	
	  <ThingDef ParentName="BuildingBase">
    <defName>FlagPoleBeacon</defName>
     <label>Flag pole becon</label>
	 <thingClass>Building_OrbitalTradeBeacon</thingClass>
	<graphicData>
	<shaderType>CutoutComplex</shaderType>
     <texPath>Clutter/Decoration/Flag_pole</texPath>
	<graphicClass>Graphic_Single</graphicClass>
	<drawSize>(3,2)</drawSize>
	</graphicData>
	<uiIconPath>Clutter/Decoration/Flag_poleIco</uiIconPath>
    <AltitudeLayer>Waist</AltitudeLayer>
    <statBases>
      <MaxHitPoints>200</MaxHitPoints>
      <WorkToMake>500</WorkToMake>
      <Flammability>5.0</Flammability>
	  <Beauty>40</Beauty>
    </statBases>
    <Description>A flag pole with a flag that you can see from space!
	(Act as trade beacon)</Description>
    <Size>(1,1)</Size>
    <drawerType>MapMeshAndRealTime</drawerType>
    <specialDisplayRadius>7.9</specialDisplayRadius>
    <costList>
      <Steel>20</Steel>
	 </costList>
	 <stuffCategories>
      <li>Fabric</li>
      <li>Leathery</li>
    </stuffCategories>
	<costStuffCount>30</costStuffCount>
    <PathCost>30</PathCost>
    <DesignationCategory>Misc</DesignationCategory>
    <rotatable>false</rotatable>
    <placeWorkers>
      <li>PlaceWorker_NotUnderRoof</li>
    </placeWorkers>
	<minifiedDef>MinifiedFurniture</minifiedDef>
	<researchPrerequisite>BaseUtilities</researchPrerequisite>
	</ThingDef>
	
</Buildings>