<?xml version="1.0" encoding="utf-8" ?>
<Buildings>
 <ThingDef Name="BuildingBase" Abstract="True">
    <category>Building</category>
    <thingClass>Building</thingClass>
    <soundImpactDefault>BulletImpactMetal</soundImpactDefault>
    <selectable>true</selectable>
    <drawerType>MapMeshAndRealTime</drawerType>
    <terrainAffordanceNeeded>Light</terrainAffordanceNeeded>
    <repairEffect>Repair</repairEffect>
    <leaveResourcesWhenKilled>true</leaveResourcesWhenKilled>
    <filthLeaving>BuildingRubble</filthLeaving>
  </ThingDef>
  
  <ThingDef Name="FurnitureBase" ParentName="BuildingBase" Abstract="True">
    <comps>
      <li>
        <compClass>CompQuality</compClass>
      </li>
    </comps>
    <DesignationCategory>Furniture</DesignationCategory>
    <minifiedDef>MinifiedFurniture</minifiedDef>
  </ThingDef>
  
  <ThingDef Name="HighQualityFurnitureBase" ParentName="BuildingBase" Abstract="True">
    <comps>
      <li>
        <compClass>CompQuality</compClass>
      </li>
      <li>
        <compClass>CompArt</compClass>
        <nameMaker>NamerFurniture</nameMaker>
        <descriptionMaker>ArtFurniture</descriptionMaker>
        <minQualityForArtistic>Excellent</minQualityForArtistic>
      </li>
    </comps>
    <inspectorTabs>
      <li>ITab_Art</li>
    </inspectorTabs>
    <!--<DesignationCategory>Furniture</DesignationCategory> moved below and modified-->
    <minifiedDef>MinifiedFurniture</minifiedDef>
  </ThingDef>

  <!--================ Holo ================-->

 <ThingDef Class="Clutter.HoloBaseDefs" ParentName="BuildingBase">
		<defName>HoloEmitter</defName>
		<label>Holographic Emitter</label>
		<thingClass>Clutter.HoloBase</thingClass>
		<category>Building</category>
		<graphicData>
		<shaderType>Transparent</shaderType>
		 <texPath>Clutter/Holo/HoloOff</texPath>
		<graphicClass>Graphic_Single</graphicClass>
		
		</graphicData>
		<AltitudeLayer>Waist</AltitudeLayer>
		 <DrawGUIOverlay>true</DrawGUIOverlay>
		<Passability>PassThroughOnly</Passability>
		<minifiedDef>MinifiedFurniture</minifiedDef>
		<statBases>
		 <MarketValue>926</MarketValue>
			<MaxHitPoints>150</MaxHitPoints>
			<Flammability>0.0</Flammability>
			<Beauty>15</Beauty>
		</statBases>
		<PathCost>60</PathCost>
		<tickerType>Normal</tickerType>
		<selectable>true</selectable>
		<Description>Clutter Mod Joy:
		
Projects holograms of various stuff</Description>
		<Size>(1,1)</Size>
		<leaveResourcesWhenKilled>true</leaveResourcesWhenKilled>
		<comps>
		<li>
        <compClass>CompQuality</compClass>
      </li>
			<li>
				<compClass>CompPowerTrader</compClass>
				<startElectricalFires>true</startElectricalFires>
				<basePowerConsumption>200</basePowerConsumption>
			</li>
		</comps>
		<filthLeaving>BuildingRubble</filthLeaving>
		<rotatable>false</rotatable>
		  <tradeTags>
      <li>Exotic</li>
    </tradeTags>
	<ActiveTexturePath>Clutter/Holo/HoloOn</ActiveTexturePath>
		<HologramList>
		<li>HoloSciSign</li>
		<li>HoloFlyingDots</li>
		</HologramList>
		<DesignationCategory>Joy</DesignationCategory><!--changed from Furniture-->
		<researchPrerequisite>ElectricSmelting</researchPrerequisite>
	</ThingDef><!--added prerequisite-->

	<ThingDef ParentName="HighQualityFurnitureBase">
		<defName>SpongeDispenser</defName>
		<label>Spoonge Dispenser</label>
		<thingClass>Clutter.SpoongeDispenser</thingClass>
		<category>Building</category>
		<graphicData>
		 <texPath>Clutter/Devices/AFS_OFF</texPath>
		<graphicClass>Graphic_Single</graphicClass>
		</graphicData>
		<AltitudeLayer>BuildingTall</AltitudeLayer>
		<Passability>PassThroughOnly</Passability>
		<statBases>
			<MaxHitPoints>150</MaxHitPoints>
			<WorkToMake>150</WorkToMake>
			<Flammability>0.0</Flammability>
			<Beauty>10</Beauty>
		</statBases>
		<PathCost>60</PathCost>
		<tickerType>Normal</tickerType>
		<selectable>true</selectable>
		<Description>Fire extinguishing unit made and lost by skullywag on one of poker nights, then again he did win entire year worth suppluy of almost not used socks.
</Description>
		<Size>(1,1)</Size>
		<costList>
			<Steel>150</Steel>
			<Silver>40</Silver>
		</costList>
		<leaveResourcesWhenKilled>false</leaveResourcesWhenKilled>
		
		<researchPrerequisite>FireFighting</researchPrerequisite><!--changed from AFS-->
		<DesignationCategory>Security</DesignationCategory>
		<rotatable>false</rotatable>
	</ThingDef>
	
	<!--================ Storage ================-->

	<ThingDef ParentName="BuildingBase">
    <defName>ClutterResourceTable</defName>
     <label>Resource Table</label>
    <thingClass>Building_Storage</thingClass>
	<graphicData>
     <texPath>Clutter/Tables/ResourceTable</texPath>
	<graphicClass>Graphic_Multi</graphicClass>
	<shaderType>CutoutComplex</shaderType>
	</graphicData>
	<tickerType>Rare</tickerType>
    <AltitudeLayer>Waist</AltitudeLayer>
    <Passability>Impassable</Passability>
	<castEdgeShadows>true</castEdgeShadows>
    <statBases>
      <MaxHitPoints>300</MaxHitPoints>
      <WorkToMake>2000</WorkToMake>
      <Flammability>1.0</Flammability>
	  <Beauty>10</Beauty>
    </statBases>
    <Description>Now your colonists wont stand in a pile of radioactive uranium, they will have it on face level.
(Store for resources)</Description>
    <Size>(1,1)</Size>
	<costList>
		<Steel>20</Steel>
		<WoodLog>8</WoodLog>
	</costList>
	<stuffCategories>
      <li>Metallic</li>
      <li>Woody</li>
      <li>Stony</li>
		</stuffCategories>
		<costStuffCount>30</costStuffCount>
     <building>
	  <preventDeterioration>true</preventDeterioration>
      <fixedStorageSettings>
        <priority>Important</priority>
        <filter>
          <categories>
            <li>Resources</li>
			<li>Items</li>
			<li>Weapons</li>
			<li>Apparel</li>
			<li>StoneChunks</li>
		 </categories>
        </filter>
      </fixedStorageSettings>
    </building>
    <inspectorTabs>
      <li>ITab_Storage</li>
    </inspectorTabs>
	<researchPrerequisite>TableDesign</researchPrerequisite>
    <DesignationCategory>Storage</DesignationCategory>
    <surfaceType>Item</surfaceType>
    </ThingDef>
	
	<ThingDef ParentName="HighQualityFurnitureBase">
    <defName>ClutterMedicKitTable</defName>
    <label>Medic Kit Storage</label>
    <thingClass>Building_Storage</thingClass>
	<graphicData>
	<shaderType>CutoutComplex</shaderType>
     <texPath>Clutter/Tables/MedicalKitTable/MedicKitTable</texPath>
	 <graphicClass>Graphic_Single</graphicClass>
	 </graphicData>
	 <tickerType>Rare</tickerType>
	<AltitudeLayer>Waist</AltitudeLayer>
    <Passability>Impassable</Passability>
	<rotatable>false</rotatable>
    <castEdgeShadows>true</castEdgeShadows>
    <statBases>
      <MaxHitPoints>100</MaxHitPoints>
      <WorkToMake>1500</WorkToMake>
      <Flammability>1.0</Flammability>
	  <Beauty>15</Beauty>
    </statBases>
    <Description>Safe way to store your dru.. medicine and spare parts
(Store for medikits and body parts)</Description>
    <Size>(1,1)</Size>
	<stuffCategories>
      <li>Metallic</li>
      <li>Woody</li>
      <li>Stony</li>
		</stuffCategories>
		<costStuffCount>30</costStuffCount>
	<costList>
		<Steel>10</Steel>
		<WoodLog>4</WoodLog>
	</costList>
     <building>
	  <preventDeterioration>true</preventDeterioration>
      <fixedStorageSettings>
        <priority>Important</priority>
        <filter>
          <categories>
		<li>BodyPartsAndImplants</li>
        <li>Medicine</li>
    </categories>
        </filter>
      </fixedStorageSettings>
    </building>
    <inspectorTabs>
      <li>ITab_Storage</li>
    </inspectorTabs>
    <DesignationCategory>Storage</DesignationCategory>
	<researchPrerequisite>TableDesign</researchPrerequisite>
    <surfaceType>Item</surfaceType>
    </ThingDef>
</Buildings>