<?xml version="1.0" encoding="utf-8" ?>
<Buildings>
  <ThingDef Name="BuildingBase" Abstract="True">
    <category>Building</category>
    <thingClass>Building</thingClass>
    <soundImpactDefault>BulletImpactMetal</soundImpactDefault>
    <selectable>true</selectable>
    <drawerType>MapMeshAndRealTime</drawerType>
    <terrainAffordanceNeeded>Light</terrainAffordanceNeeded>
    <repairEffect>Repair</repairEffect>
    <leaveResourcesWhenKilled>true</leaveResourcesWhenKilled>
    <filthLeaving>BuildingRubble</filthLeaving>
	<researchPrerequisite>PowerI</researchPrerequisite>
  </ThingDef><!--added prerequisite-->
	
	<ThingDef ParentName="BuildingBase">
		<defName>ClutterFloorLampA</defName>
		
		<label>Floor Lamp</label>
		<thingClass>Building</thingClass>
		<category>Building</category>
		<graphicData>
		 <texPath>Clutter/Lamp/FloorLamp</texPath>
		<graphicClass>Graphic_Single</graphicClass>
		</graphicData>
		<AltitudeLayer>BuildingTall</AltitudeLayer>
		<Passability>PassThroughOnly</Passability>
		<statBases>
			<MaxHitPoints>100</MaxHitPoints>
			<WorkToMake>700</WorkToMake>
			<Flammability>1.0</Flammability>
			<Beauty>15</Beauty>
		</statBases>
		<selectable>true</selectable>
		<Description>
Simple floor lamp</Description>
		
		<Size>(1,1)</Size>
		<costList>
			<Steel>28</Steel>
		</costList>
		<soundImpactDefault>BulletImpactMetal</soundImpactDefault>
		<leaveResourcesWhenKilled>false</leaveResourcesWhenKilled>
		<comps>
			<li>
				<compClass>CompPowerTrader</compClass>
				<basePowerConsumption>200</basePowerConsumption>
				<shortCircuitInRain>false</shortCircuitInRain>
				<soundPowerOn>PowerOnSmall</soundPowerOn>
				<soundPowerOff>PowerOffSmall</soundPowerOff>
			</li>
			<li>
				<compClass>CompGlower</compClass>
				<glowRadius>12</glowRadius>
				<glowColor>(217,217,217,0)</glowColor>
			</li>
		</comps>
		<DesignationCategory>Lighting</DesignationCategory><!--changed from Furniture-->
		<rotatable>true</rotatable>
	</ThingDef>
	
<!--fixed description spelling for weird lamps-->	
	
	<ThingDef Class="Clutter.ClutterThingDefs" ParentName="BuildingBase">
		<defName>ClutterLampYellow</defName>
		
		<label>Weird lamp</label>
		<thingClass>Clutter.Lamps</thingClass>
		<category>Building</category>
		<graphicData>
		 <texPath>Clutter/Lamp/Lamps_Yellow</texPath>
		<graphicClass>Graphic_Single</graphicClass>
		</graphicData>
		<AltitudeLayer>BuildingTall</AltitudeLayer>
		<Passability>PassThroughOnly</Passability>
		<statBases>
			<MaxHitPoints>100</MaxHitPoints>
			<WorkToMake>2000</WorkToMake>
			<Flammability>1.0</Flammability>
			<Beauty>35</Beauty>
		</statBases>
		<selectable>true</selectable>
		<tickerType>Normal</tickerType>
		<Description>
More advanced lamp in look terms only, can change light color with apropriate research</Description>
		<Size>(1,1)</Size>
		<costList>
			<Steel>40</Steel>
		</costList>
		<soundImpactDefault>BulletImpactMetal</soundImpactDefault>
		<leaveResourcesWhenKilled>false</leaveResourcesWhenKilled>
		<comps>
			<li>
				<compClass>CompPowerTrader</compClass>
				<basePowerConsumption>200</basePowerConsumption>
				<shortCircuitInRain>false</shortCircuitInRain>
				<soundPowerOn>PowerOnSmall</soundPowerOn>
				<soundPowerOff>PowerOffSmall</soundPowerOff>
			</li>
			<li>
				<compClass>CompGlower</compClass>
				<glowRadius>12</glowRadius>
				<glowColor>(217,217,217,0)</glowColor>
			</li>
		</comps>
		<DesignationCategory>Lighting</DesignationCategory><!--changed from Furniture-->
		<rotatable>false</rotatable>
		<LampOffTexture>Clutter/Lamp/Lamps_Off</LampOffTexture>
	</ThingDef>
	
	
	<ThingDef Class="Clutter.ClutterThingDefs" ParentName="BuildingBase">
		<defName>ClutterLampBlue</defName>
		
		<label>Weird lamp blue</label>
		<thingClass>Clutter.Lamps</thingClass>
		<category>Building</category>
		<graphicData>
		 <texPath>Clutter/Lamp/Lamps_Blue</texPath>
		<graphicClass>Graphic_Single</graphicClass>
		<shaderType>Transparent</shaderType>
		</graphicData>
		<AltitudeLayer>BuildingTall</AltitudeLayer>
		<Passability>PassThroughOnly</Passability>
		<statBases>
			<MaxHitPoints>100</MaxHitPoints>
			<WorkToMake>115</WorkToMake>
			<Flammability>1.0</Flammability>
			<Beauty>50</Beauty>
		</statBases>
		<selectable>true</selectable>
		<tickerType>Normal</tickerType>
		<Description>Bluish glowing weird looking lamp thingy.</Description>
		
		<Size>(1,1)</Size>
		<costList>
			<Steel>40</Steel>
		</costList>
		<soundImpactDefault>BulletImpactMetal</soundImpactDefault>
		<leaveResourcesWhenKilled>false</leaveResourcesWhenKilled>
		<comps>
			<li>
				<compClass>CompPowerTrader</compClass>
				<basePowerConsumption>200</basePowerConsumption>
				<shortCircuitInRain>false</shortCircuitInRain>
				<soundPowerOn>PowerOnSmall</soundPowerOn>
				<soundPowerOff>PowerOffSmall</soundPowerOff>
			</li>
			<li>
				<compClass>CompGlower</compClass>
				<glowRadius>9</glowRadius>
				<glowColor>(52,210,255,0)</glowColor>
			</li>
		</comps>
		<DesignationCategory>None</DesignationCategory>
		<rotatable>false</rotatable>
		<LampOffTexture>Clutter/Lamp/Lamps_Off</LampOffTexture>
	</ThingDef>
	
	<ThingDef Class="Clutter.ClutterThingDefs" ParentName="BuildingBase">
		<defName>ClutterLampRed</defName>
		
		<label>Weird lamp red</label>
		<thingClass>Clutter.Lamps</thingClass>
		<category>Building</category>
		<graphicData>
		 <texPath>Clutter/Lamp/Lamps_Red</texPath>
		<graphicClass>Graphic_Single</graphicClass>
		</graphicData>
		<AltitudeLayer>BuildingTall</AltitudeLayer>
		<Passability>PassThroughOnly</Passability>
		<statBases>
			<MaxHitPoints>100</MaxHitPoints>
			<WorkToMake>115</WorkToMake>
			<Flammability>1.0</Flammability>
			<Beauty>50</Beauty>
		</statBases>
		<selectable>true</selectable>
		<tickerType>Normal</tickerType>
		<Description>Redish glowing weird looking lamp thingy.</Description>
		
		<Size>(1,1)</Size>
		<costList>
			<Steel>40</Steel>
		</costList>
		<soundImpactDefault>BulletImpactMetal</soundImpactDefault>
		<leaveResourcesWhenKilled>false</leaveResourcesWhenKilled>
		<comps>
			<li>
				<compClass>CompPowerTrader</compClass>
				<basePowerConsumption>200</basePowerConsumption>
				<shortCircuitInRain>false</shortCircuitInRain>
				<soundPowerOn>PowerOnSmall</soundPowerOn>
				<soundPowerOff>PowerOffSmall</soundPowerOff>
			</li>
			<li>
				<compClass>CompGlower</compClass>
				<glowRadius>9</glowRadius>
				<glowColor>(255,82,52,1)</glowColor>
			</li>
		</comps>
		<DesignationCategory>None</DesignationCategory>
		<rotatable>false</rotatable>
		<LampOffTexture>Clutter/Lamp/Lamps_Off</LampOffTexture>
	</ThingDef>
	
	<ThingDef Class="Clutter.ClutterThingDefs" ParentName="BuildingBase">
		<defName>ClutterLampGreen</defName>
		
		<label>Weird lamp green</label>
		<thingClass>Clutter.Lamps</thingClass>
		<category>Building</category>
		<graphicData>
		 <texPath>Clutter/Lamp/Lamps_Green</texPath>
		<graphicClass>Graphic_Single</graphicClass>
		</graphicData>
		<AltitudeLayer>BuildingTall</AltitudeLayer>
		<Passability>PassThroughOnly</Passability>
		<tickerType>Normal</tickerType>
		<statBases>
			<MaxHitPoints>100</MaxHitPoints>
			<WorkToMake>115</WorkToMake>
			<Flammability>1.0</Flammability>
			<Beauty>50</Beauty>
		</statBases>
		<selectable>true</selectable>
		<Description>Greenish glowing weird looking lamp thingy.</Description>
		
		<Size>(1,1)</Size>
		<costList>
			<Steel>40</Steel>
		</costList>
		<soundImpactDefault>BulletImpactMetal</soundImpactDefault>
		<leaveResourcesWhenKilled>false</leaveResourcesWhenKilled>
		<comps>
			<li>
				<compClass>CompPowerTrader</compClass>
				<basePowerConsumption>200</basePowerConsumption>
				<shortCircuitInRain>false</shortCircuitInRain>
				<soundPowerOn>PowerOnSmall</soundPowerOn>
				<soundPowerOff>PowerOffSmall</soundPowerOff>
			</li>
			<li>
				<compClass>CompGlower</compClass>
				<glowRadius>9</glowRadius>
				<glowColor>(180,255,0,1)</glowColor>
			</li>
		</comps>
		<DesignationCategory>None</DesignationCategory>
		<rotatable>false</rotatable>
		<LampOffTexture>Clutter/Lamp/Lamps_Off</LampOffTexture>
	</ThingDef>
	
	<ThingDef Class="Clutter.ClutterThingDefs" ParentName="BuildingBase">
		<defName>ClutterLampOrange</defName>
		
		<label>Weird lamp orange</label>
		<thingClass>Clutter.Lamps</thingClass>
		<category>Building</category>
		<graphicData>
		 <texPath>Clutter/Lamp/Lamps_Orange</texPath>
		<graphicClass>Graphic_Single</graphicClass>
		</graphicData>
		<AltitudeLayer>BuildingTall</AltitudeLayer>
		<Passability>PassThroughOnly</Passability>
		<tickerType>Normal</tickerType>
		<statBases>
			<MaxHitPoints>100</MaxHitPoints>
			<WorkToMake>115</WorkToMake>
			<Flammability>1.0</Flammability>
			<Beauty>45</Beauty>
		</statBases>
		<selectable>true</selectable>
		<Description>Orangish glowing weird looking lamp thingy.</Description>
		
		<Size>(1,1)</Size>
		<costList>
			<Steel>40</Steel>
		</costList>
		<soundImpactDefault>BulletImpactMetal</soundImpactDefault>
		<leaveResourcesWhenKilled>false</leaveResourcesWhenKilled>
		<comps>
			<li>
				<compClass>CompPowerTrader</compClass>
				<basePowerConsumption>200</basePowerConsumption>
				<shortCircuitInRain>false</shortCircuitInRain>
				<soundPowerOn>PowerOnSmall</soundPowerOn>
				<soundPowerOff>PowerOffSmall</soundPowerOff>
			</li>
			<li>
				<compClass>CompGlower</compClass>
				<glowRadius>9</glowRadius>
				<glowColor>(255,132,0,1)</glowColor>
			</li>
		</comps>
		<DesignationCategory>None</DesignationCategory>
		<rotatable>false</rotatable>
		<LampOffTexture>Clutter/Lamp/Lamps_Off</LampOffTexture>
	</ThingDef>
	
	<ThingDef Class="Clutter.ClutterThingDefs" ParentName="BuildingBase">
		<defName>ClutterLampVoilet</defName>
		
		<label>Weird lamp voilet</label>
		<thingClass>Clutter.Lamps</thingClass>
		<category>Building</category>
		<graphicData>
		 <texPath>Clutter/Lamp/Lamps_Voilet</texPath>
		<graphicClass>Graphic_Single</graphicClass>
		</graphicData>
		<AltitudeLayer>BuildingTall</AltitudeLayer>
		<Passability>PassThroughOnly</Passability>
		<tickerType>Normal</tickerType>
		<statBases>
			<MaxHitPoints>100</MaxHitPoints>
			<WorkToMake>115</WorkToMake>
			<Flammability>1.0</Flammability>
			<Beauty>45</Beauty>
		</statBases>
		<selectable>true</selectable>
		<Description>Violet glowing weird looking lamp thingy.</Description>
		
		<Size>(1,1)</Size>
		<costList>
			<Steel>40</Steel>
		</costList>
		<soundImpactDefault>BulletImpactMetal</soundImpactDefault>
		<leaveResourcesWhenKilled>false</leaveResourcesWhenKilled>
		<comps>
			<li>
				<compClass>CompPowerTrader</compClass>
				<basePowerConsumption>200</basePowerConsumption>
				<shortCircuitInRain>false</shortCircuitInRain>
				<soundPowerOn>PowerOnSmall</soundPowerOn>
				<soundPowerOff>PowerOffSmall</soundPowerOff>
			</li>
			<li>
				<compClass>CompGlower</compClass>
				<glowRadius>9</glowRadius>
				<glowColor>(185,61,205,1)</glowColor>
			</li>
		</comps>
		<DesignationCategory>None</DesignationCategory>
		<rotatable>false</rotatable>
		<LampOffTexture>Clutter/Lamp/Lamps_Off</LampOffTexture>
	</ThingDef>

	
</Buildings>