<?xml version="1.0" encoding="utf-8" ?>
<ThingDefs>


  <ThingDef Name="BuildingBase" Abstract="True">
    <category>Building</category>
    <thingClass>Building</thingClass>
    <soundImpactDefault>BulletImpactMetal</soundImpactDefault>
    <selectable>true</selectable>
    <drawerType>MapMeshAndRealTime</drawerType>
    <terrainAffordanceNeeded>Light</terrainAffordanceNeeded>
    <repairEffect>Repair</repairEffect>
    <leaveResourcesWhenKilled>true</leaveResourcesWhenKilled>
    <filthLeaving>BuildingRubble</filthLeaving>
  </ThingDef>
  
  
  <ThingDef ParentName="BuildingBase">
		<defName>ClutterAlloyHydroponicsBasinVS</defName>
		
		<label>Hydroponic Pod</label>
		<thingClass>ClutterModule.Hydrophonic</thingClass>
		<graphicData>
<shaderType>CutoutComplex</shaderType>
		 <texPath>Clutter/Hydrophonic/Pot</texPath>
		<graphicClass>Graphic_Random</graphicClass>
		</graphicData>
		<AltitudeLayer>FloorEmplacement</AltitudeLayer>
		<Passability>PassThroughOnly</Passability>
		<Description>Pot digged into the ground with additonal hydroponic support</Description>
		<Size>(1,1)</Size>
		<statBases>
			<WorkToMake>2200</WorkToMake>
			<MaxHitPoints>50</MaxHitPoints>
			<Flammability>1.0</Flammability>
			<Beauty>25</Beauty>
			<Cleanliness>-3</Cleanliness>
		</statBases>
		<stuffCategories>
      <li>Metallic</li>
      <li>Woody</li>
      <li>Stony</li>
    </stuffCategories>
	<costStuffCount>10</costStuffCount>
	 		<costList>
			<Steel>38</Steel>
			<Silver>16</Silver>
		</costList>
		<inspectorTabs>
			<li>ITab_Growing</li>
		</inspectorTabs>
		<fertility>2.5</fertility>
		<placingDraggableDimensions>1</placingDraggableDimensions>
		<building>
			<defaultPlantToGrow>PlantPotato</defaultPlantToGrow>
			<plantsDestroyWithMe>true</plantsDestroyWithMe>
			<sowTag>Ground</sowTag>
		</building>
		<tickerType>Rare</tickerType>
		<comps>
			<li>
				<compClass>CompForbiddable</compClass>
			</li>
			<li>
				<compClass>CompPowerTrader</compClass>
				<basePowerConsumption>50</basePowerConsumption>
			</li>
		</comps>
		 <rotatable>false</rotatable>
		<leaveResourcesWhenKilled>true</leaveResourcesWhenKilled>
		<researchPrerequisite>Hydroponics</researchPrerequisite>
		<terrainAffordanceNeeded>Heavy</terrainAffordanceNeeded>
		<DesignationCategory>FoodProduction</DesignationCategory><!--changed from Production-->
  </ThingDef>
 
 </ThingDefs>