﻿<?xml version="1.0" encoding="utf-8" ?>
<Resources>


  <!-- =========== bases =========== -->

  <ThingDef Name="ResourceBase" Abstract="True">
    <thingClass>ThingWithComps</thingClass>
    <label>unspecified resource</label>
    <category>Item</category>
    <resourceReadoutPriority>Middle</resourceReadoutPriority>
    <useHitPoints>true</useHitPoints>
    <selectable>true</selectable>
    <altitudeLayer>Item</altitudeLayer>
    <stackLimit>75</stackLimit>
    <comps>
      <li>
        <compClass>CompForbiddable</compClass>
      </li>
    </comps>
    <alwaysHaulable>true</alwaysHaulable>
    <drawGUIOverlay>true</drawGUIOverlay>
    <rotatable>false</rotatable>
    <pathCost>15</pathCost>
  </ThingDef>
  

  <!--=============== Pure stuffs: Basics ====================-->


  <ThingDef ParentName="ResourceBase">
    <defName>RockChips</defName>
    <label>Small Chunk Pices</label>
    <Description>Small pices of chunk </Description>
	<graphicData>
     <texPath>SmallRocks</texPath>
    <graphicClass>Graphic_Single</graphicClass>
	</graphicData>
    <resourceReadoutPriority>Middle</resourceReadoutPriority>
    <useHitPoints>false</useHitPoints>
    <resourceReadoutAlwaysShow>true</resourceReadoutAlwaysShow>
    <statBases>
      <MarketValue>1</MarketValue>
    </statBases>
    <thingCategories>
      <li>Minerals</li><!--changed from ResourcesRaw-->
    </thingCategories>
    <stackLimit>500</stackLimit>
   </ThingDef>
   

</Resources>
 