<?xml version="1.0" encoding="utf-8" ?>
<Buildings>

  <ThingDef Name="BuildingBase" Abstract="True">
    <category>Building</category>
    <thingClass>Building</thingClass>
    <soundImpactDefault>BulletImpactMetal</soundImpactDefault>
    <selectable>true</selectable>
    <drawerType>MapMeshAndRealTime</drawerType>
    <terrainAffordanceNeeded>Light</terrainAffordanceNeeded>
    <repairEffect>Repair</repairEffect>
    <leaveResourcesWhenKilled>true</leaveResourcesWhenKilled>
    <filthLeaving>BuildingRubble</filthLeaving>
  </ThingDef>


	<ThingDef ParentName="BuildingBase">
		<defName>ClutterTechTable</defName>
		 
		<label>Thinker Table</label>
		<ThingClass>Building_WorkTable</ThingClass>
		<Description>A table to sit and think at, and occasionally hit your fingers with hammer</Description>
		<category>Building</category>
		<graphicData>
		 <texPath>Clutter/Tables/TT1</texPath>
		<graphicClass>Graphic_Multi</graphicClass>
		</graphicData>
		<AltitudeLayer>Waist</AltitudeLayer>
		<hasInteractionCell>true</hasInteractionCell>
		<interactionCellOffset>(0,0,-1)</interactionCellOffset>
		<statBases>
			<MaxHitPoints>200</MaxHitPoints>
			<WorkToMake>750</WorkToMake>
			<Flammability>1.0</Flammability>
			<Beauty>15</Beauty>
		</statBases>
		<PathCost>60</PathCost>
		<surfaceType>Item</surfaceType>
		<Passability>Impassable</Passability>
		<fillPercent>0.5</fillPercent>
		<Size>1,1</Size>
		<costList>
			<Steel>100</Steel>
			<Silver>20</Silver>
		</costList>
		<recipes>
			<li>MakeRayGun</li>
		</recipes>
		<inspectorTabs>
			<li>ITab_Bills</li>
		</inspectorTabs>
		<DesignationCategory>Production</DesignationCategory>
		<rotatable>true</rotatable>
		<selectable>true</selectable>
		<neverMultiSelect>true</neverMultiSelect>
		<building>
      <spawnedConceptLearnOpportunity>BillsTab</spawnedConceptLearnOpportunity>
    </building>
	<researchPrerequisite>CraftingI</researchPrerequisite><!--added prerequisite-->
	</ThingDef>

</Buildings>