﻿<?xml version="1.0" encoding="utf-8" ?>
<ThingDefs>


  <ThingDef Name="BaseGun" Abstract="True">
    <category>Item</category>
    <thingClass>ThingWithComps</thingClass>
    <equipmentType>Primary</equipmentType>
    <pathCost>10</pathCost>
    <useHitPoints>True</useHitPoints>
    <selectable>True</selectable>
    <graphicData>
      <onGroundRandomRotateAngle>35</onGroundRandomRotateAngle>
    </graphicData>
    <drawGUIOverlay>true</drawGUIOverlay>
    <statBases>
      <MaxHitPoints>100</MaxHitPoints>
      <Flammability>1.0</Flammability>
      <DeteriorationRate>1</DeteriorationRate>
      <SellPriceFactor>0.5</SellPriceFactor>
    </statBases>
    <altitudeLayer>Item</altitudeLayer>
    <alwaysHaulable>True</alwaysHaulable>
    <tickerType>Never</tickerType>
    <techLevel>Midworld</techLevel>
    <!--<thingCategories>
      <li>WeaponsRanged</li>
    </thingCategories> removed-->
    <inspectorTabs>
      <li>ITab_Art</li>
    </inspectorTabs>
    <comps>
      <li>
        <compClass>CompForbiddable</compClass>
      </li>
      <li>
        <compClass>CompEquippable</compClass>
      </li>
      <li>
        <compClass>CompQuality</compClass>
      </li>
      <li>
        <compClass>CompArt</compClass>
        <nameMaker>NamerGun</nameMaker>
        <descriptionMaker>ArtWeaponGun</descriptionMaker>
        <minQualityForArtistic>Excellent</minQualityForArtistic>
      </li>
    </comps>
    <smeltProducts>
      <Steel>20</Steel>
    </smeltProducts>
  </ThingDef>


  <ThingDef Name="BaseGun2" ParentName="BaseGun" Abstract="True">
    <weaponTags>
      <li>Gun</li>
    </weaponTags>
  </ThingDef>
  
  
  
  <!-- ============================================================== -->


  <ThingDef Name="BaseBullet2" Abstract="True">
    <category>Projectile</category>
    <tickerType>Normal</tickerType>
    <AltitudeLayer>Projectile</AltitudeLayer>
    <thingClass>ClutterModule.Ray</thingClass>
    <label>bullet</label>
    <useHitPoints>False</useHitPoints>
    <neverMultiSelect>True</neverMultiSelect>
	<graphicData>
    <shaderType>Transparent</shaderType>
	</graphicData>
  </ThingDef>
  
    <ThingDef ParentName="BaseBullet2">
    <defName>TraningBullet</defName>
    <label>Traning bullet</label>
    <graphicData>
      <texPath>Things/Projectile/Bullet_Small</texPath>
      <graphicClass>Graphic_Single</graphicClass>
    </graphicData>
	  <thingClass>Bullet</thingClass>
    <projectile>
      <flyOverhead>false</flyOverhead>
      <damageDef>Bullet</damageDef>
      <DamageAmountBase>0</DamageAmountBase>
      <Speed>55</Speed>
    </projectile>
  </ThingDef>

  <ThingDef ParentName="BaseBullet2">
    <defName>SSTBullet</defName>
    <label>pistol bullet</label>
	<graphicData>
     <texPath>Clutter/Weapons/MiningLaser</texPath>
    <graphicClass>Graphic_Random</graphicClass>
	</graphicData>
    <projectile>
      <flyOverhead>false</flyOverhead>
      <damageDef>Mining</damageDef>
      <DamageAmountBase>20</DamageAmountBase>
      <Speed>14</Speed>
    </projectile>
  </ThingDef>


  <ThingDef ParentName="BaseGun2">
    <defName>SSTPistol</defName>
    <label>Prospector Caster</label>
    <Description>This caster is able to destroy rock chunks, turning them into small rock pices used in various constructions. Mining/Scientists experts can even extract some minerals, by adjusting bream resonation accordingly</Description>
	<graphicData>
     <texPath>Clutter/Weapons/Prospector Crusher</texPath>
    <graphicClass>Graphic_Single</graphicClass>
	</graphicData>
    <soundInteract>InteractPistol</soundInteract>
   <tradeability>Sellable</tradeability>
    <statBases>
      <MarketValue>700</MarketValue>
      <AccuracyTouch>1</AccuracyTouch>
      <AccuracyShort>1</AccuracyShort>
      <AccuracyMedium>1</AccuracyMedium>
      <AccuracyLong>1</AccuracyLong>
      <RangedWeapon_Cooldown>0.5</RangedWeapon_Cooldown>
    </statBases>
    <verbs>
      <li>
        <verbClass>Verb_Shoot</verbClass>
        <hasStandardCommand>true</hasStandardCommand>
        <projectileDef>SSTBullet</projectileDef>
        <canMiss>false</canMiss>
		<warmupTicks>20</warmupTicks>
        <range>5</range>
        <soundCast>null</soundCast>
		<ai_IsBuildingDestroyer>true</ai_IsBuildingDestroyer>
		<targetParams>
          <canTargetLocations>true</canTargetLocations>
		  <canTargetItems>true</canTargetItems>
		</targetParams>
      </li>
    </verbs>
	<thingCategories>
      <li>Pistols</li><!--changed from weaponsranged-->
    </thingCategories>
	</ThingDef>
  
   <ThingDef ParentName="BaseBullet2">
    <defName>SpoongeBullet</defName>
    <label>Its a plasma!</label>
	<graphicData>
     <texPath>Clutter/Devices/SpongeBullet</texPath>
    <graphicClass>Graphic_Single</graphicClass>
	</graphicData>
	  <thingClass>Clutter.Bullet_Sponge</thingClass>
    <projectile>
      <flyOverhead>false</flyOverhead>
      <damageDef>Frostbite</damageDef>
      <DamageAmountBase>0</DamageAmountBase>
      <Speed>15</Speed>
    </projectile>
  </ThingDef>

</ThingDefs>