﻿<?xml version="1.0" encoding="utf-8"?>
<DefPackage-TraderKindDef>

  <TraderKindDef>
    <defName>ApparelloVessel</defName>
    <label>Tailor goods trader</label>
    <stockGenerators>
      <li Class="StockGenerator_SingleDef">
        <thingDef>Silver</thingDef>
        <countRange>
          <min>2400</min>
          <max>5000</max>
        </countRange>
      </li>
      <li Class="StockGenerator_SingleDef">
        <thingDef>SchemKit</thingDef>
        <countRange>
          <min>-1</min>
          <max>5</max>
        </countRange>
        <price>Expensive</price>
      </li>
      <li Class="StockGenerator_SingleDef">
        <thingDef>Compaste</thingDef>
        <countRange>
          <min>-1</min>
          <max>5</max>
        </countRange>
        <price>Normal</price>
      </li>
      <li Class="StockGenerator_SingleDef">
        <thingDef>ApparelloWhizbang</thingDef>
        <countRange>
          <min>-1</min>
          <max>5</max>
        </countRange>
        <price>Normal</price>
      </li>
      <li Class="StockGenerator_SingleDef">
        <thingDef>Apparel_PowerArmor</thingDef>
        <countRange>
          <min>0</min>
          <max>1</max>
        </countRange>
        <price>Normal</price>
      </li>
      <li Class="StockGenerator_Category">
        <categoryDef>Apparellosets</categoryDef>
        <thingDefCountRange>
          <min>3</min>
          <max>5</max>
        </thingDefCountRange>
        <price>Normal</price>
        <countRange>
          <min>1</min>
          <max>1</max>
        </countRange>
      </li>
      <!--<li Class="StockGenerator_Category">
        <categoryDef>Accessorellocategory</categoryDef>
        <thingDefCountRange>
          <min>3</min>
          <max>5</max>
        </thingDefCountRange>
        <price>Normal</price>
        <countRange>
          <min>1</min>
          <max>1</max>
        </countRange>
      </li>
      <li Class="StockGenerator_Category">
        <categoryDef>TrinkelloCat</categoryDef>
        <thingDefCountRange>
          <min>-1</min>
          <max>2</max>
        </thingDefCountRange>
        <price>Expensive</price>
        <countRange>
          <min>1</min>
          <max>1</max>
        </countRange>
      </li>-->
      <li Class="StockGenerator_Category">
        <categoryDef>Apparel</categoryDef>
        <thingDefCountRange>
          <min>2</min>
          <max>4</max>
        </thingDefCountRange>
        <price>Cheap</price>
        <countRange>
          <min>1</min>
          <max>3</max>
        </countRange>
      </li>
      <!--<li Class="StockGenerator_Category">
        <categoryDef>Apparellohats</categoryDef>
        <thingDefCountRange>
          <min>1</min>
          <max>4</max>
        </thingDefCountRange>
        <price>Normal</price>
        <countRange>
          <min>1</min>
          <max>2</max>
        </countRange>
      </li>
      <li Class="StockGenerator_Category">
        <categoryDef>Apparellosubhats</categoryDef>
        <thingDefCountRange>
          <min>0</min>
          <max>2</max>
        </thingDefCountRange>
        <price>Expensive</price>
        <countRange>
          <min>1</min>
          <max>1</max>
        </countRange>
      </li>-->
      <li Class="StockGenerator_Category">
        <categoryDef>Textiles</categoryDef>
        <thingDefCountRange>
          <min>2</min>
          <max>8</max>
        </thingDefCountRange>
        <countRange>
          <min>50</min>
          <max>200</max>
        </countRange>
        <price>Cheap</price>
      </li>
    </stockGenerators>
  </TraderKindDef>

</DefPackage-TraderKindDef>
