<?xml version="1.0" encoding="utf-8" ?>
<ThingDefs>



	<ThingDef Name="BuildingBase" Abstract="True">
		<category>Building</category>
		<soundImpactDefault>BulletImpactMetal</soundImpactDefault>
		<selectable>true</selectable>
		<drawerType>MapMeshAndRealTime</drawerType>
		<terrainAffordanceNeeded>Light</terrainAffordanceNeeded>
		<repairEffect>Repair</repairEffect>
		<leaveResourcesWhenKilled>true</leaveResourcesWhenKilled>
		<filthLeaving>BuildingRubble</filthLeaving>
	</ThingDef>

	<ThingDef ParentName="BuildingBase">
		<defName>TableChemlab</defName>
		<label>chemlab</label>
		<ThingClass>Building_WorkTable</ThingClass>
		<Description>A chemical laboratory with all the equipment needed to create medkits and make materials.</Description>
		<graphicData>
			<texPath>Things/Building/SCProduction/TableLab3x1</texPath>
			<graphicClass>Graphic_Single</graphicClass>
			<drawSize>(3,1)</drawSize>
		</graphicData>
		<constructEffect>ConstructMetal</constructEffect>
		<CostList>
			<Steel>120</Steel>
		</CostList>
		<AltitudeLayer>Waist</AltitudeLayer>
		<fillPercent>0.5</fillPercent>
		<useHitPoints>True</useHitPoints>
		<statBases>
			<WorkToMake>3000</WorkToMake>
			<MaxHitPoints>240</MaxHitPoints>
			<Flammability>1.0</Flammability>
		</statBases>
		<Size>(3,1)</Size>
		<DesignationCategory>MedicalProduction</DesignationCategory><!--changed from Production-->
		<Passability>Impassable</Passability>
		<hasInteractionCell>True</hasInteractionCell>
		<interactionCellOffset>(0,0,-1)</interactionCellOffset>
		<recipes>
			<li>MakeMedicine</li>
			<li>AlchemyPlasteel</li>
			<li>AlchemyGold</li>

		</recipes>
		<surfaceType>Item</surfaceType>
		<inspectorTabs>
			<li>ITab_Bills</li>
		</inspectorTabs>
		<comps>
			<li>
				<compClass>CompPowerTrader</compClass>
				<startElectricalFires>true</startElectricalFires>
				<basePowerConsumption>150</basePowerConsumption>
				<soundPowerOn>PowerOnSmall</soundPowerOn>
				<soundPowerOff>PowerOffSmall</soundPowerOff>
			</li>
      <li>
        <compClass>CompAffectedByFacilities</compClass>
        <linkableFacilities>
          <li>ToolCabinet</li>
        </linkableFacilities>
      </li>

		</comps>
		<building>
			<spawnedConceptLearnOpportunity>BillsTab</spawnedConceptLearnOpportunity>
		</building>
		<researchPrerequisite>Chemlab</researchPrerequisite>

	</ThingDef>



</ThingDefs>
