<?xml version="1.0" encoding="utf-8" ?>
<ThingDefs>



	<ThingDef Name="BuildingBase" Abstract="True">
		<category>Building</category>
		<soundImpactDefault>BulletImpactMetal</soundImpactDefault>
		<selectable>true</selectable>
		<drawerType>MapMeshAndRealTime</drawerType>
		<terrainAffordanceNeeded>Light</terrainAffordanceNeeded>
		<repairEffect>Repair</repairEffect>
		<leaveResourcesWhenKilled>true</leaveResourcesWhenKilled>
		<filthLeaving>BuildingRubble</filthLeaving>
	</ThingDef>





	<ThingDef ParentName="BuildingBase">
		<defName>TableOrganvat</defName>
		<label>organ vat</label>
		<ThingClass>Building_WorkTable</ThingClass>
		<Description>A large vat used to turn human corpses into biomatter, and grow replacement
			organs.</Description>
		<graphicData>
			<texPath>Things/Building/SCProduction/TableOrganvat2x2</texPath>
			<graphicClass>Graphic_Single</graphicClass>
			<drawSize>(2,2)</drawSize>
		</graphicData>
		<constructEffect>ConstructMetal</constructEffect>
		<CostList>
			<Steel>90</Steel>
			<Plasteel>30</Plasteel>
		</CostList>
		<AltitudeLayer>Waist</AltitudeLayer>
		<fillPercent>0.5</fillPercent>
		<useHitPoints>True</useHitPoints>
		<statBases>
			<WorkToMake>3000</WorkToMake>
			<MaxHitPoints>240</MaxHitPoints>
			<Flammability>1.0</Flammability>
		</statBases>
		<Size>(2,2)</Size>
		<DesignationCategory>MedicalProduction</DesignationCategory> <!--changed from Production-->
		<Passability>Impassable</Passability>
		<hasInteractionCell>True</hasInteractionCell>
		<interactionCellOffset>(1,0,-1)</interactionCellOffset>
		<recipes>
			<li>ExtractBiomatterCorpse</li>
			
			<li>MakeNaturalEye</li>
			<li>MakeNaturalEar</li>
			<li>MakeNaturalNose</li>
			<li>MakeNaturalHeart</li>
			<li>MakeNaturalLung</li>
			<li>MakeNaturalLiver</li>
			<li>MakeNaturalKidney</li>
			<li>MakeNaturalStomach</li>

		</recipes>
		<surfaceType>Item</surfaceType>
		<inspectorTabs>
			<li>ITab_Bills</li>
		</inspectorTabs>
		<comps>
			<li>
				<compClass>CompPowerTrader</compClass>
				<startElectricalFires>true</startElectricalFires>
				<basePowerConsumption>450</basePowerConsumption>
				<soundPowerOn>PowerOnSmall</soundPowerOn>
				<soundPowerOff>PowerOffSmall</soundPowerOff>
			</li>
		</comps>
		<building>
			<spawnedConceptLearnOpportunity>BillsTab</spawnedConceptLearnOpportunity>
		</building>
		<researchPrerequisite>Cryptosleep</researchPrerequisite>

	</ThingDef>






	<ThingDef ParentName="BuildingBase">
		<defName>TableBionics</defName>
		<label>bionics crafting table</label>
		<ThingClass>Building_WorkTable</ThingClass>
		<Description>An advanced work station used to create  replacement bod parts.</Description>
		<graphicData>
			<texPath>Things/Building/SCProduction/TableBionic3x1</texPath>
			<graphicClass>Graphic_Single</graphicClass>
			<drawSize>(3,1)</drawSize>
		</graphicData>
		<constructEffect>ConstructMetal</constructEffect>
		<CostList>
			<Steel>90</Steel>
			<Plasteel>30</Plasteel>
		</CostList>
		<AltitudeLayer>Waist</AltitudeLayer>
		<fillPercent>0.5</fillPercent>
		<useHitPoints>True</useHitPoints>
		<statBases>
			<WorkToMake>3750</WorkToMake>
			<MaxHitPoints>300</MaxHitPoints>
			<Flammability>1.0</Flammability>
		</statBases>
		<Size>(3,1)</Size>
		<DesignationCategory>MedicalProduction</DesignationCategory><!--changed from Production-->
		<Passability>Impassable</Passability>
		<hasInteractionCell>True</hasInteractionCell>
		<interactionCellOffset>(0,0,-1)</interactionCellOffset>
		<recipes>
			<li>MakeBionicEye</li>
			<li>MakeBionicEar</li>
			<li>MakeBionicArm</li>
			<li>MakeBionicLeg</li>
			<li>MakeBionicSpine</li>
			<li>MakeBionicBrain</li>

		</recipes>
		<surfaceType>Item</surfaceType>
		<inspectorTabs>
			<li>ITab_Bills</li>
		</inspectorTabs>
		<comps>
			<li>
				<compClass>CompPowerTrader</compClass>
				<startElectricalFires>true</startElectricalFires>
				<basePowerConsumption>300</basePowerConsumption>
				<soundPowerOn>PowerOnSmall</soundPowerOn>
				<soundPowerOff>PowerOffSmall</soundPowerOff>
			</li>
		</comps>
		<building>
			<spawnedConceptLearnOpportunity>BillsTab</spawnedConceptLearnOpportunity>
		</building>
		<researchPrerequisite>CraftingIV</researchPrerequisite>

	</ThingDef>






</ThingDefs>
