<?xml version="1.0" encoding="utf-8" ?>
<Buildings>


	<ThingDef Name="BuildingBase" Abstract="True">
		<category>Building</category>
		<thingClass>Building</thingClass>
		<soundImpactDefault>BulletImpactMetal</soundImpactDefault>
		<selectable>true</selectable>
		<drawerType>MapMeshAndRealTime</drawerType>
		<terrainAffordanceNeeded>Light</terrainAffordanceNeeded>
		<repairEffect>Repair</repairEffect>
		<leaveResourcesWhenKilled>true</leaveResourcesWhenKilled>
		<filthLeaving>BuildingRubble</filthLeaving>
	</ThingDef>

  <ThingDef Name="FurnitureBase" ParentName="BuildingBase" Abstract="True">
    <comps>
      <li>
        <compClass>CompQuality</compClass>
      </li>
    </comps>
    <!--<DesignationCategory>Furniture</DesignationCategory> removed-->
    <minifiedDef>MinifiedFurniture</minifiedDef>
  </ThingDef>


  <ThingDef Name="HighQualityFurnitureBase" ParentName="BuildingBase" Abstract="True">
    <comps>
      <li>
        <compClass>CompQuality</compClass>
      </li>
      <li>
        <compClass>CompArt</compClass>
        <nameMaker>NamerFurniture</nameMaker>
        <descriptionMaker>ArtFurniture</descriptionMaker>
        <minQualityForArtistic>Excellent</minQualityForArtistic>
      </li>
    </comps>
    <inspectorTabs>
      <li>ITab_Art</li>
    </inspectorTabs>
    <DesignationCategory>Furniture</DesignationCategory>
    <minifiedDef>MinifiedFurniture</minifiedDef>
  </ThingDef>
  <ThingDef ParentName="BuildingBase">
		<defName>Stool</defName>
		<label>stool</label>
		<graphicData>
			<texPath>Things/Building/SCFurniture/Chairs/Stool</texPath>
			<graphicClass>Graphic_Multi</graphicClass>
			<shadowData>
				<volume>(0.3, 0.6, 0.3)</volume>
			</shadowData>
		</graphicData>
		<altitudeLayer>Waist</altitudeLayer>
		<statBases>
			<MaxHitPoints>30</MaxHitPoints>
			<WorkToMake>375</WorkToMake>
			<Flammability>1.0</Flammability>
			<Beauty>3</Beauty>
			<Comfort>0.5</Comfort>
		</statBases>
		<description>A basic stool people can sit on.</description>
		<size>(1,1)</size>
		<stuffCategories>
			<li>Metallic</li>
			<li>Woody</li>
			<li>Stony</li>
		</stuffCategories>
		<costStuffCount>15</costStuffCount>
		<pathCost>30</pathCost>
		<designationCategory>Furniture</designationCategory>
		<building>
			<isSittable>true</isSittable>
		</building>
		<researchPrerequisite>CraftingI</researchPrerequisite>
  </ThingDef><!--added prerequisite-->
<ThingDef ParentName="FurnitureBase">
		<defName>Bed</defName>
		<label>simple bed</label>
		<Description>A simple bed. Rest effectiveness:
			80%</Description>
		<ThingClass>Building_Bed</ThingClass>
		<graphicData>
			<texPath>Things/Building/SCFurniture/Beds/HideBed</texPath>
			<graphicClass>Graphic_Single</graphicClass>
			<shaderType>CutoutComplex</shaderType>
			<drawSize>(3,4)</drawSize>
		</graphicData>
		<AltitudeLayer>Waist</AltitudeLayer>
		<statBases>
			<MaxHitPoints>80</MaxHitPoints>
			<Flammability>1.0</Flammability>
			<Beauty>8</Beauty>
			<WorkToMake>1000</WorkToMake>
			<Comfort>0.6</Comfort>
			<BedRestEffectiveness>0.8</BedRestEffectiveness>
		</statBases>
		<Size>(1,2)</Size>
    <stuffCategories>
      <li>Metallic</li>
      <li>Woody</li>
      <li>Stony</li>
    </stuffCategories>
    <costStuffCount>35</costStuffCount>
		<building>
			<Bed_ShowSleeperBody>False</Bed_ShowSleeperBody>
			<Bed_HealTickInterval>2400</Bed_HealTickInterval>
		</building>
		<fillPercent>0.4</fillPercent>
		<PathCost>60</PathCost>
		<StaticSunShadowHeight>0.17</StaticSunShadowHeight>
		<CastEdgeShadows>True</CastEdgeShadows>
		<DesignationCategory>Furniture</DesignationCategory>
		<Passability>PassThroughOnly</Passability>
		<DrawGUIOverlay>True</DrawGUIOverlay>
		<researchPrerequisite>CraftingI</researchPrerequisite><!--added prerequisite-->
	</ThingDef>



  <ThingDef ParentName="FurnitureBase">
    <defName>HospitalBed</defName>
    <label>hospital bed</label>
    <Description>A bed specially designed for injured people. Improves chance of successful medical work.</Description>
    <ThingClass>Building_Bed</ThingClass>
    <graphicData>
      <texPath>Things/Building/SCFurniture/Beds/MedBed</texPath>
      <graphicClass>Graphic_Single</graphicClass>
      <shaderType>CutoutComplex</shaderType>
      <drawSize>(3,4)</drawSize>
    </graphicData>
    <AltitudeLayer>Waist</AltitudeLayer>
    <statBases>
      <MaxHitPoints>200</MaxHitPoints>
      <WorkToMake>2500</WorkToMake>
      <Flammability>1.0</Flammability>
      <BedRestEffectiveness>0.85</BedRestEffectiveness>
      <Comfort>0.80</Comfort>
      <ImmunityGainSpeedFactor>1.144</ImmunityGainSpeedFactor>
      <MedicalTreatmentQualityFactor>0.75</MedicalTreatmentQualityFactor>
    </statBases>
    <Size>(1,2)</Size>
    <costList>
      <Steel>100</Steel>
      <Medicine>5</Medicine>
      <Cloth>40</Cloth>
    </costList>
    <building>
      <Bed_ShowSleeperBody>False</Bed_ShowSleeperBody>
      <Bed_HealTickInterval>1950</Bed_HealTickInterval>
      <bed_defaultMedical>true</bed_defaultMedical>
    </building>
    <comps>
      <li>
        <compClass>CompAffectedByFacilities</compClass>
        <linkableFacilities>
          <li>VitalsMonitor</li>
        </linkableFacilities>
      </li>
    </comps>
    <fillPercent>0.4</fillPercent>
    <PathCost>60</PathCost>
    <LeaveResourcesWhenKilled>True</LeaveResourcesWhenKilled>
    <StaticSunShadowHeight>0.17</StaticSunShadowHeight>
    <CastEdgeShadows>True</CastEdgeShadows>
    <Passability>PassThroughOnly</Passability>
    <DrawGUIOverlay>True</DrawGUIOverlay>
   		<placeWorkers>
			<li>PlaceWorker_ShowFacilitiesConnections</li>
		</placeWorkers>
    		<researchPrerequisite>HospitalBed</researchPrerequisite>
		<DesignationCategory>MedicalProduction</DesignationCategory>
  </ThingDef>

<ThingDef ParentName="BuildingBase">
		<defName>TableShort</defName>
		<label>dragable table</label>
		<graphicData>
			<texPath>Things/Building/SCFurniture/Tables/Table_Atlas</texPath>
			<graphicClass>Graphic_Single</graphicClass>
			<linkType>Basic</linkType>
			<linkFlags>
				<li>Custom3</li>
			</linkFlags>
		</graphicData>
		<blueprintGraphicData>
			<texPath>Things/Building/Linked/Sandbags_Blueprint_Atlas</texPath>
		</blueprintGraphicData>
		<uiIconPath>Things/Building/SCFurniture/Tables/Table_Icon</uiIconPath>
		<description>A dragable table. A place for your colonists to sit and eat.</description>
		<placingDraggableDimensions>1</placingDraggableDimensions>
		<AltitudeLayer>Waist</AltitudeLayer>
		<surfaceType>Eat</surfaceType>
		<statBases>
			<MaxHitPoints>40</MaxHitPoints>
			<WorkToMake>500</WorkToMake>
			<Flammability>1.0</Flammability>
			<Beauty>6</Beauty>
		</statBases>
		<stuffCategories>
			<li>Metallic</li>
			<li>Woody</li>
			<li>Stony</li>
		</stuffCategories>
		<costStuffCount>20</costStuffCount>
		<rotatable>false</rotatable>
		<passability>PassThroughOnly</passability>
		<pathCost>60</pathCost>
		<fillPercent>0.4</fillPercent>
		<selectable>true</selectable>
		<neverMultiSelect>true</neverMultiSelect>
		<castEdgeShadows>true</castEdgeShadows>
		<staticSunShadowHeight>0.20</staticSunShadowHeight>
		<designationCategory>Furniture</designationCategory>
		<comps>
			<li>
				<compClass>CompGatherSpot</compClass>
			</li>
		</comps>
		<researchPrerequisite>CraftingI</researchPrerequisite>
  </ThingDef><!--added prerequisite-->

	<!-- ======================== Lighting ======================= -->


	<ThingDef ParentName="BuildingBase">
		<defName>Armchair</defName>
		<label>wood torch</label>
		<description>A temporary light source which burns for a few days.</description>
		<thingClass>Building</thingClass>
		<category>Building</category>
		<graphicData>
			<texPath>Things/Building/SCFurniture/Lights/WoodTorch</texPath>
			<graphicClass>Graphic_Single</graphicClass>
		</graphicData>
		<altitudeLayer>FloorEmplacement</altitudeLayer>
		<passability>PassThroughOnly</passability>
		<pathCost>50</pathCost>
		<constructEffect>ConstructDirt</constructEffect>
		<tickerType>Normal</tickerType>
		<drawerType>RealtimeOnly</drawerType>
		<statBases>
			<MaxHitPoints>20</MaxHitPoints>
			<WorkToMake>250</WorkToMake>
			<Flammability>1.0</Flammability>
		</statBases>
		<selectable>true</selectable>
		<size>(1,1)</size>
		<costList>
			<WoodLog>10</WoodLog>
		</costList>
		<soundImpactDefault>BulletImpactGround</soundImpactDefault>
		<leaveResourcesWhenKilled>false</leaveResourcesWhenKilled>
		<comps>
			<li>
				<compClass>CompGlower</compClass>
				<glowRadius>8</glowRadius>
				<glowColor>(252,187,113,0)</glowColor>
			</li>
			<li>
				<compClass>CompLifespan</compClass>
				<lifespanTicks>80000</lifespanTicks>
			</li>
		</comps>
		<designationCategory>Lighting</designationCategory><!--changed from Furniture-->
		<rotatable>false</rotatable>
	</ThingDef>
</Buildings>