<?xml version="1.0" encoding="utf-8" ?>
<ThingDefs>



	<ThingDef Name="BuildingBase" Abstract="True">
		<category>Building</category>
		<soundImpactDefault>BulletImpactMetal</soundImpactDefault>
		<selectable>true</selectable>
		<drawerType>MapMeshAndRealTime</drawerType>
		<terrainAffordanceNeeded>Light</terrainAffordanceNeeded>
		<repairEffect>Repair</repairEffect>
		<leaveResourcesWhenKilled>true</leaveResourcesWhenKilled>
		<designationCategory>Production</designationCategory>
		<comps>
      <li>
        <compClass>CompAffectedByFacilities</compClass>
        <linkableFacilities>
          <li>ToolCabinet</li>
        </linkableFacilities>
      </li>
</comps>

		<filthLeaving>BuildingRubble</filthLeaving>
	</ThingDef>

	
  <ThingDef ParentName="BuildingBase">
    <DefName>Brewery</DefName>
    <label>brewery</label>
    <ThingClass>Building_WorkTable</ThingClass>
    <Description>A work station with all the equipment needed to brew beer.</Description>
    <graphicData>
      <texPath>Things/Building/Production/TableBrewery</texPath>
      <graphicClass>Graphic_Multi</graphicClass>
      <drawSize>(3.5,1.5)</drawSize>
    </graphicData>
    <constructEffect>ConstructWood</constructEffect>
    <CostList>
      <WoodLog>100</WoodLog>
      <Steel>30</Steel>
    </CostList>
    <AltitudeLayer>Waist</AltitudeLayer>
    <fillPercent>0.5</fillPercent>
    <useHitPoints>True</useHitPoints>
    <statBases>
      <WorkToMake>2000</WorkToMake>
      <MaxHitPoints>180</MaxHitPoints>
      <Flammability>1.0</Flammability>
    </statBases>
    <Size>(3,1)</Size>
    <DesignationCategory>FoodProduction</DesignationCategory><!--changed from Production-->
    <Passability>PassThroughOnly</Passability>
    <pathCost>70</pathCost>
    <hasInteractionCell>True</hasInteractionCell>
    <interactionCellOffset>(0,0,-1)</interactionCellOffset>
    <surfaceType>Item</surfaceType>
    <recipes>
      <li>BrewBeer</li>
      <li>MakeEthanolFuel</li>

    </recipes>
    <inspectorTabs>
      <li>ITab_Bills</li>
    </inspectorTabs>
    <building>
      <spawnedConceptLearnOpportunity>BillsTab</spawnedConceptLearnOpportunity>
    </building>
    <researchPrerequisite>Brewing</researchPrerequisite>
  </ThingDef>


	
	<ThingDef ParentName="BuildingBase">
		<DefName>TableButcher</DefName>
		<label>food prep table</label>
		<ThingClass>Building_WorkTable</ThingClass>
		<Description>A heavy table used for butchering dead creatures into pieces of raw meat.</Description>
		<graphicData>
		<texPath>Things/Building/SCProduction/PrepTable3x1</texPath>
		<graphicClass>Graphic_Single</graphicClass>
		<drawSize>(3,1)</drawSize>
		</graphicData>
		<CostList>
			<WoodLog>50</WoodLog>
			<Steel>10</Steel>
		</CostList>
		<constructEffect>ConstructWood</constructEffect>
		<AltitudeLayer>Waist</AltitudeLayer>
		<fillPercent>0.5</fillPercent>
		<useHitPoints>True</useHitPoints>
		<statBases>
			<WorkToMake>1500</WorkToMake>
			<MaxHitPoints>120</MaxHitPoints>
			<Flammability>1.0</Flammability>
		</statBases>
		<Size>(3,1)</Size>
		<DesignationCategory>FoodProduction</DesignationCategory> <!--changed from Production-->
		<Passability>PassThroughOnly</Passability>
		<pathCost>60</pathCost>
		<hasInteractionCell>True</hasInteractionCell>
		<interactionCellOffset>(0,0,-1)</interactionCellOffset>
		<surfaceType>Item</surfaceType>
		<recipes>
			<li>ButcherCorpseFlesh</li>
		</recipes>
		<inspectorTabs>
			<li>ITab_Bills</li>
		</inspectorTabs>
		<building>
			<spawnedConceptLearnOpportunity>BillsTab</spawnedConceptLearnOpportunity>
		</building>
	</ThingDef>
	
	
	<ThingDef ParentName="BuildingBase">
		<DefName>TableGrill</DefName>
		<label>simple grill</label>
		<ThingClass>Building_WorkTable</ThingClass>
		<Description>A small grill used to cook meat into simple jerky.</Description>
		<graphicData>
			<texPath>Things/Building/SCProduction/TableGrill1x1</texPath>
			<graphicClass>Graphic_Single</graphicClass>
		</graphicData>
		<CostList>
			<Steel>60</Steel>
		</CostList>
		<constructEffect>ConstructWood</constructEffect>
		<AltitudeLayer>Waist</AltitudeLayer>
		<fillPercent>0.5</fillPercent>
		<useHitPoints>True</useHitPoints>
		<statBases>
			<WorkToMake>1500</WorkToMake>
			<MaxHitPoints>120</MaxHitPoints>
			<Flammability>1.0</Flammability>
		</statBases>
		<Size>(1,1)</Size>
		<DesignationCategory>FoodProduction</DesignationCategory> <!--changed from Production-->
		<Passability>Impassable</Passability>
		<hasInteractionCell>True</hasInteractionCell>
		<interactionCellOffset>(0,0,-1)</interactionCellOffset>
		<recipes>
			<li>CookMealJerky</li>
		</recipes>
		<surfaceType>Item</surfaceType>
		<inspectorTabs>
			<li>ITab_Bills</li>
		</inspectorTabs>
		<comps>
			<li>
				<compClass>CompGlower</compClass>
				<glowRadius>3</glowRadius>
				<glowColor>(217,112,33,0)</glowColor>
			</li>
		</comps>
		<building>
			<isMealSource>true</isMealSource>
			<spawnedConceptLearnOpportunity>BillsTab</spawnedConceptLearnOpportunity>
		</building>
	</ThingDef>
	<ThingDef ParentName="BuildingBase">
		<defName>CookStove</defName>
		<label>cook stove</label>
		<ThingClass>Building_WorkTable_HeatPush</ThingClass>
		<Description>A simple stove and attached countertop for preparing meals.</Description>
		<graphicData>
			<texPath>Things/Building/SCProduction/CookStove3x1</texPath>
			<graphicClass>Graphic_Single</graphicClass>
			<drawSize>(3,1)</drawSize>
		</graphicData>
		<constructEffect>ConstructMetal</constructEffect>
		<CostList>
			<WoodLog>60</WoodLog>
			<Steel>30</Steel>
		</CostList>
		<AltitudeLayer>Waist</AltitudeLayer>
		<fillPercent>0.5</fillPercent>
		<useHitPoints>True</useHitPoints>
		<statBases>
			<WorkToMake>2250</WorkToMake>
			<MaxHitPoints>180</MaxHitPoints>
			<Flammability>1.0</Flammability>
		</statBases>
		<Size>(3,1)</Size>
		<DesignationCategory>FoodProduction</DesignationCategory> <!--changed from Production-->
		<Passability>Impassable</Passability>
		<hasInteractionCell>True</hasInteractionCell>
		<interactionCellOffset>(0,0,-1)</interactionCellOffset>
		<recipes>
			<li>CookMealSimple</li>
			<li>CookMealFine</li>
			<li>CookMealLavish</li>
			<li>CookMealSimple_Bulk</li>
			<li>CookMealFine_Bulk</li>
			<li>CookMealLavish_Bulk</li>
		</recipes>
		<surfaceType>Item</surfaceType>
		<inspectorTabs>
			<li>ITab_Bills</li>
		</inspectorTabs>
		<comps>
			<li>
				<compClass>CompPowerTrader</compClass>
				<startElectricalFires>true</startElectricalFires>
				<basePowerConsumption>350</basePowerConsumption>
				<soundPowerOn>PowerOnSmall</soundPowerOn>
				<soundPowerOff>PowerOffSmall</soundPowerOff>
			</li>
		</comps>
		<building>
			<isMealSource>true</isMealSource>
			<spawnedConceptLearnOpportunity>BillsTab</spawnedConceptLearnOpportunity>
			<heatPerTickWhileWorking>0.25</heatPerTickWhileWorking>
		</building>
		<researchPrerequisite>PowerI</researchPrerequisite>
	</ThingDef>
	
	<ThingDef ParentName="BuildingBase">
		<defName>HydroponicsBasin</defName>
		<label>hydroponics basin</label>
    <thingClass>Building_PlantGrower</thingClass>
		<graphicData>
			<texPath>Things/Building/SCProduction/Hydroponics_Atlas</texPath>
			<graphicClass>Graphic_Single</graphicClass>
			<linkType>Basic</linkType>
			<linkFlags>
				<li>Custom1</li>
			</linkFlags>
		</graphicData>
		<blueprintGraphicData>
			<texPath>Things/Building/Linked/Wall_Blueprint_Atlas</texPath>
		</blueprintGraphicData>
		<uiIconPath>Things/Building/SCProduction/Hydroponics_Ico</uiIconPath>
		<altitudeLayer>FloorEmplacement</altitudeLayer>
		<passability>PassThroughOnly</passability>
		<pathCost>60</pathCost>
		<castEdgeShadows>true</castEdgeShadows>
		<constructEffect>ConstructMetal</constructEffect>
		<statBases>
			<WorkToMake>1500</WorkToMake>
			<MaxHitPoints>120</MaxHitPoints>
			<Flammability>1.0</Flammability>
		</statBases>
		<description>For growing food. Hydroponics basins grow plants quickly. The basin requires power to work, provides their own light source, but plants will die if power is cut.</description>
		<costList>
			<Steel>20</Steel>
			<Glass>20</Glass>
			<Mulch>20</Mulch>
		</costList>
		<surfaceType>Item</surfaceType>
		<inspectorTabs>
			<li>ITab_Growing</li>
		</inspectorTabs>
		<fertility>4.0</fertility>
		<building>
			<ignoreNeedsPower>false</ignoreNeedsPower>
			<defaultPlantToGrow>PlantPotato</defaultPlantToGrow>
			<plantsDestroyWithMe>true</plantsDestroyWithMe>
			<sowTag>Hydroponic</sowTag>
		</building>
		<placingDraggableDimensions>1</placingDraggableDimensions>
		<tickerType>Rare</tickerType>
		<rotatable>false</rotatable>
		<selectable>true</selectable>
		<neverMultiSelect>true</neverMultiSelect>
		<comps>
			<li>
				<compClass>CompForbiddable</compClass>
			</li>
			<li>
				<compClass>CompPowerTrader</compClass>
				<transmitsPower>true</transmitsPower>
				<startElectricalFires>true</startElectricalFires>
				<soundPowerOn>PowerOnSmall</soundPowerOn>
				<soundPowerOff>PowerOffSmall</soundPowerOff>
				<basePowerConsumption>25</basePowerConsumption>
			</li>
			<li>
				<compClass>CompGlower</compClass>
				<overlightRadius>7.0</overlightRadius>
				<glowRadius>2</glowRadius>
				<glowColor>(370,370,370,0)</glowColor>
			</li>
		</comps>
		<researchPrerequisite>Hydroponics</researchPrerequisite>
		<terrainAffordanceNeeded>Heavy</terrainAffordanceNeeded>
		<DesignationCategory>FoodProduction</DesignationCategory> <!--changed from Production-->
		<staticSunShadowHeight>0.03</staticSunShadowHeight>
	</ThingDef>
	<ThingDef ParentName="BuildingBase">
		<defName>SunLamp</defName>
		<label>sun lamp</label>
		<thingClass>Building</thingClass>
		<category>Building</category>
		<graphicData>
			<texPath>Things/Building/SCMisc/SunLamp1x1</texPath>
			<graphicClass>Graphic_Single</graphicClass>
		</graphicData>
		<altitudeLayer>BuildingTall</altitudeLayer>
		<passability>PassThroughOnly</passability>
		<statBases>
			<MaxHitPoints>50</MaxHitPoints>
			<WorkToMake>330</WorkToMake>
			<Flammability>1.0</Flammability>
		</statBases>
		<selectable>true</selectable>
		<description>Lights an area brightly enough to grow crops.</description>
		<size>(1,1)</size>
		<costList>
			<Steel>40</Steel>
			<Glass>10</Glass>
		</costList>
		<soundImpactDefault>BulletImpactMetal</soundImpactDefault>
		<leaveResourcesWhenKilled>false</leaveResourcesWhenKilled>
		<comps>
			<li>
				<compClass>CompGlower</compClass>
				<overlightRadius>7.0</overlightRadius>
				<glowRadius>14</glowRadius>
				<glowColor>(370,370,370,0)</glowColor>
			</li>
			<li>
				<compClass>CompPowerTrader</compClass>
				<startElectricalFires>true</startElectricalFires>
				<soundPowerOn>PowerOnSmall</soundPowerOn>
				<soundPowerOff>PowerOffSmall</soundPowerOff>
				<basePowerConsumption>300</basePowerConsumption>
			</li>
		</comps>
		<specialDisplayRadius>5.8</specialDisplayRadius>
		<DesignationCategory>FoodProduction</DesignationCategory> <!--changed from Production-->
		<rotatable>false</rotatable>
		<researchPrerequisite>PowerI</researchPrerequisite>
	</ThingDef>
  
  
</ThingDefs>
