<?xml version="1.0" encoding="utf-8" ?>
<ThingDefs>

	<ThingDef Name="BuildingBase" Abstract="True">
		<category>Building</category>
		<soundImpactDefault>BulletImpactMetal</soundImpactDefault>
		<selectable>true</selectable>
		<drawerType>MapMeshAndRealTime</drawerType>
		<terrainAffordanceNeeded>Light</terrainAffordanceNeeded>
		<repairEffect>Repair</repairEffect>
		<leaveResourcesWhenKilled>true</leaveResourcesWhenKilled>
		<filthLeaving>BuildingRubble</filthLeaving>
	</ThingDef>
	
	
	<!--========================= Sandbags =============================-->


	<ThingDef ParentName="BuildingBase">
		<defName>Sandbags</defName>
		<label>sandbags</label>
		<thingClass>Building</thingClass>
		<category>Building</category>
		<graphicData>
			<texPath>Things/Building/Linked/Sandbags_Atlas</texPath>
			<graphicClass>Graphic_Single</graphicClass>
			<linkType>Basic</linkType>
			<linkFlags>
				<li>Sandbags</li>
			</linkFlags>
		</graphicData>
		<blueprintGraphicData>
			<texPath>Things/Building/Linked/Sandbags_Blueprint_Atlas</texPath>
		</blueprintGraphicData>
		<uiIconPath>Things/Building/Linked/Sandbags_MenuIcon</uiIconPath>
		<altitudeLayer>Waist</altitudeLayer>
		<pathCost>40</pathCost>
		<passability>PassThroughOnly</passability>
		<castEdgeShadows>true</castEdgeShadows>
		<fillPercent>0.65</fillPercent>
		<statBases>
			<MaxHitPoints>300</MaxHitPoints>
			<Beauty>-10</Beauty>
			<WorkToMake>125</WorkToMake>
			<Flammability>0</Flammability>
		</statBases>
		<description>A sandbag barrier that provides cover from gunfire.</description>
		<placingDraggableDimensions>1</placingDraggableDimensions>
		<costList>
			<Sand>5</Sand>
		</costList>
		<filthLeaving>SandbagRubble</filthLeaving>
		<rotatable>false</rotatable>
		<selectable>true</selectable>
		<neverMultiSelect>true</neverMultiSelect>
		<terrainAffordanceNeeded>Light</terrainAffordanceNeeded>
		<designationCategory>Security</designationCategory>
		<staticSunShadowHeight>0.20</staticSunShadowHeight>
		<constructEffect>ConstructDirt</constructEffect>
		<repairEffect>ConstructDirt</repairEffect>
		<researchPrerequisite>SecurityI</researchPrerequisite><!--added prerequisite-->
	</ThingDef>

		<!--========================= Embrasures =============================-->
	
	
	<ThingDef ParentName="BuildingBase">
		<defName>StoneEmbrasure</defName>
		<label>embrasure</label>
		<thingClass>Building</thingClass>
		<category>Building</category>
		<graphicData>
			<texPath>Things/Building/SCSecurity/StoneEmbrasure_Atlas</texPath>
			<graphicClass>Graphic_Single</graphicClass>
			<linkType>Basic</linkType>
			<linkFlags>
				<li>Custom2</li>
			</linkFlags>
		</graphicData>
		<blueprintGraphicData>
			<texPath>Things/Building/Linked/Sandbags_Blueprint_Atlas</texPath>
		</blueprintGraphicData>
		<uiIconPath>Things/Building/SCSecurity/StoneEmbrasure_MenuIcon</uiIconPath>
		<altitudeLayer>Waist</altitudeLayer>
		<passability>Impassable</passability>
		<castEdgeShadows>true</castEdgeShadows>
		<fillPercent>0.9</fillPercent>
		<holdsRoof>true</holdsRoof>
		<statBases>
			<MaxHitPoints>350</MaxHitPoints>
			<Beauty>-10</Beauty>
			<WorkToMake>250</WorkToMake>
			<Flammability>0</Flammability>
		</statBases>
		<description>A stone embrasure that provides exceptional cover from gunfire.</description>
		<placingDraggableDimensions>1</placingDraggableDimensions>
		<costStuffCount>10</costStuffCount>
	    <stuffCategories>
			<li>Stony</li>
		</stuffCategories>
		<filthLeaving>SandbagRubble</filthLeaving>
		<rotatable>false</rotatable>
		<selectable>true</selectable>
		<neverMultiSelect>true</neverMultiSelect>
		<terrainAffordanceNeeded>Light</terrainAffordanceNeeded>
		<designationCategory>Structure</designationCategory><!--changed from Security-->
		<staticSunShadowHeight>0.20</staticSunShadowHeight>
		<repairEffect>ConstructDirt</repairEffect>
		<researchPrerequisite>Embrasures</researchPrerequisite>
	</ThingDef>
	<!--==================== Traps ======================== -->
  

	<ThingDef ParentName="BuildingBase">
		<defName>TrapDeadfall</defName>
		<label>deadfall trap</label>
		<thingClass>Building_TrapRearmable</thingClass>
		<graphicData>
			<texPath>Things/Building/Security/DeadfallArmed</texPath>
			<graphicClass>Graphic_Single</graphicClass>
		</graphicData>
		<altitudeLayer>Waist</altitudeLayer>
		<drawerType>RealtimeOnly</drawerType>
		<rotatable>false</rotatable>
		<tickerType>Normal</tickerType>
		<statBases>
			<MaxHitPoints>40</MaxHitPoints>
			<WorkToMake>3000</WorkToMake>
			<Beauty>-4</Beauty>
			<TrapMeleeDamage>30</TrapMeleeDamage>
			<TrapSpringChance>0.8</TrapSpringChance>
		</statBases>
		<description>A suspended spiked weight held up by a delicate trigger. When the victim disturbs the trigger, the weight is released and falls on his head or torso.</description>
		<stuffCategories>
			<li>Metallic</li>
			<li>Woody</li>
			<li>Stony</li>
		</stuffCategories>
		<costStuffCount>50</costStuffCount>
		<designationCategory>Security</designationCategory>
		<designationHotKey>L</designationHotKey>
		<building>
			<isTrap>true</isTrap>
			<trapDamageCategory>Sharp</trapDamageCategory>
			<trapUnarmedGraphicData>
				<texPath>Things/Building/Security/DeadfallUnarmed</texPath>
				<graphicClass>Graphic_Single</graphicClass>
				<shaderType>Cutout</shaderType>
			</trapUnarmedGraphicData>
		</building>
		<researchPrerequisite>SecurityI</researchPrerequisite><!--added prerequisite-->
	</ThingDef>
  
</ThingDefs>