<?xml version="1.0" encoding="utf-8" ?>
<Defs>
  
	<ThingDef Name="BuildingBase" Abstract="True">
		<category>Building</category>
		<soundImpactDefault>BulletImpactMetal</soundImpactDefault>
		<selectable>true</selectable>
		<drawerType>MapMeshAndRealTime</drawerType>
		<terrainAffordanceNeeded>Light</terrainAffordanceNeeded>
		<repairEffect>Repair</repairEffect>
		<leaveResourcesWhenKilled>true</leaveResourcesWhenKilled>
		<filthLeaving>BuildingRubble</filthLeaving>
	</ThingDef>


		<ThingDef ParentName="BuildingBase">
				<defName>RedisHeat_IndustrialHeater</defName>
				<label>industrial heater</label>
				<thingClass>Building_Heater</thingClass>
				<graphicData>
				<texPath>Things/Building/SCTemperature/IndustrialHeater</texPath>
				<graphicClass>Graphic_Single</graphicClass>
				<drawSize>(2,2)</drawSize>
				</graphicData>
				<altitudeLayer>BuildingTall</altitudeLayer>
				<passability>PassThroughOnly</passability>
				<pathCost>40</pathCost>
				<castEdgeShadows>false</castEdgeShadows>
				<rotatable>false</rotatable>
				<fillPercent>0.5</fillPercent>
				<statBases>
						<WorkToMake>5000</WorkToMake>
						<MaxHitPoints>250</MaxHitPoints>
						<Flammability>1.0</Flammability>
						<Beauty>-20</Beauty>
				</statBases>
				<tickerType>Rare</tickerType>
				<description>A massive industrial heater, can efficiently heat large rooms and bases. It can automatically turn itself on or off to reach a specific target temperature.</description>
				<size>(2,2)</size>
				<costList>
						<Steel>250</Steel>
				</costList>
				<terrainAffordanceNeeded>Heavy</terrainAffordanceNeeded>
				<placeWorkers>
						<li>PlaceWorker_Heater</li>
				</placeWorkers>
				<drawPlaceWorkersWhileSelected>true</drawPlaceWorkersWhileSelected>
				<comps>
						<li>
								<compClass>CompPowerTrader</compClass>
								<soundPowerOn>PowerOnSmall</soundPowerOn>
								<soundPowerOff>PowerOffSmall</soundPowerOff>
								<basePowerConsumption>450</basePowerConsumption>
						</li>
						<li>
								<compClass>CompTempControl</compClass>
								<energyPerSecond>125</energyPerSecond>
						</li>
						<li>
								<compClass>CompGlower</compClass>
								<glowColor>(255,150,100,0)</glowColor>
								<glowRadius>6</glowRadius>
						</li>
				</comps>
				<!--<designationCategory>Temperature</designationCategory> Removing misnamed industrial heater so that the LT_RedistHeat mod can override the correctly named one from Core.-->
		<researchPrerequisite>ConstructionII</researchPrerequisite>

		</ThingDef>
	
</Defs>