<?xml version="1.0" encoding="utf-8" ?>
<Resources>


	<!-- =========== bases =========== -->


	<ThingDef Name="ResourceBase" Abstract="True">
		<thingClass>ThingWithComps</thingClass>
		<label>unspecified resource</label>
		<category>Item</category>
		<resourceReadoutPriority>Middle</resourceReadoutPriority>
		<useHitPoints>true</useHitPoints>
		<selectable>true</selectable>
		<altitudeLayer>Item</altitudeLayer>
		<stackLimit>75</stackLimit>
		<comps>
			<li>
				<compClass>CompForbiddable</compClass>
			</li>
		</comps>
		<alwaysHaulable>true</alwaysHaulable>
		<drawGUIOverlay>true</drawGUIOverlay>
		<rotatable>false</rotatable>
		<pathCost>15</pathCost>
	</ThingDef>

	<ThingDef Name="ResourceVerbBase" ParentName="ResourceBase" Abstract="True">
		<equipmentType>Primary</equipmentType>
		<techLevel>Neolithic</techLevel>
		<comps>
			<li>
				<compClass>CompEquippable</compClass>
			</li>
		</comps>
	</ThingDef>



	<ThingDef ParentName="ResourceBase">
		<defName>Biomatter</defName>
		<label>biomatter</label>
		<description>Biomatter extracted from a human corpse. Used to grow organs in the organ
			vat.</description>
		<graphicData>
			<texPath>Things/Item/Resource/Biomatter</texPath>
			<graphicClass>Graphic_Single</graphicClass>
		</graphicData>
		<soundInteract>Food_Drop</soundInteract>
		<soundDrop>Food_Drop</soundDrop>
		<statBases>
			<MarketValue>12</MarketValue>
		</statBases>
		<thingCategories>
			<li>Medicine</li> <!-- changed from Manufactured -->
		</thingCategories>
		<tradeTags>
			<li>Exotic</li>
		</tradeTags>
	</ThingDef>


	<ThingDef ParentName="ResourceBase">
		<defName>ArtificialBone</defName>
		<label>artificial bone</label>
		<description>A carefully crafted synthetic bone piece.</description>
		<graphicData>
			<texPath>Things/Item/BodyPart/ArtificialBone</texPath>
			<graphicClass>Graphic_Single</graphicClass>
		</graphicData>
		<soundInteract>Food_Drop</soundInteract>
		<soundDrop>Food_Drop</soundDrop>
		<statBases>
			<MarketValue>180</MarketValue>
		</statBases>
		<thingCategories>
			<li>SyntheticOrgansHumanoid</li> <!-- changed from Manufactured -->
		</thingCategories>
		<tradeTags>
			<li>Exotic</li>
		</tradeTags>
	</ThingDef>


</Resources>
