<?xml version="1.0" encoding="utf-8" ?>
<ThingDefs>

  <ThingDef Name="BodyPartBase" Abstract="True">
    <label>body part</label>
    <thingClass>ThingWithComps</thingClass>
    <category>Item</category>
    <useHitPoints>true</useHitPoints>
    <selectable>true</selectable>
    <statBases>
      <MaxHitPoints>50</MaxHitPoints>
      <Flammability>1.0</Flammability>
    </statBases>
    <altitudeLayer>Item</altitudeLayer>
    <tickerType>Never</tickerType>
    <alwaysHaulable>true</alwaysHaulable>
    <isBodyPartOrImplant>true</isBodyPartOrImplant>
    <tradeTags>
      <li>BodyPartOrImplant</li>
    </tradeTags>
    <comps>
      <li>
        <compClass>CompForbiddable</compClass>
      </li>
    </comps>
    <!--<thingCategories>
      <li>BodyPartsAndImplants</li>
    </thingCategories>-->
    <pathCost>10</pathCost>
  </ThingDef>

  <!-- natural -->

  <ThingDef ParentName="BodyPartBase">
    <defName>Heart</defName>
    <label>heart</label>
    <description>Supplies blood and oxygen to all parts of the body. Ready to find a new owner.</description>
    <graphicData>
      <texPath>Things/Item/BodyPart/Organ</texPath>
      <graphicClass>Graphic_Single</graphicClass>
    </graphicData>
    <statBases>
      <MarketValue>500</MarketValue>
    </statBases>
	<thingCategories>
		<li>NaturalBodyPartsHumanoid</li> <!-- changed from BodyPartsAndImplants -->
	</thingCategories>
  </ThingDef>

  <ThingDef ParentName="BodyPartBase">
    <defName>Lung</defName>
    <label>lung</label>
    <description>Essential part of the respiratory system.</description>
    <graphicData>
      <texPath>Things/Item/BodyPart/Organ</texPath>
      <graphicClass>Graphic_Single</graphicClass>
    </graphicData>
    <statBases>
      <MarketValue>400</MarketValue>
    </statBases>
	<thingCategories>
		<li>NaturalBodyPartsHumanoid</li> <!-- changed from BodyPartsAndImplants -->
	</thingCategories>
  </ThingDef>

  <ThingDef ParentName="BodyPartBase">
    <defName>Kidney</defName>
    <label>kidney</label>
    <description>Filters and removes waste products from the blood.</description>
    <graphicData>
      <texPath>Things/Item/BodyPart/Organ</texPath>
      <graphicClass>Graphic_Single</graphicClass>
    </graphicData>
    <statBases>
      <MarketValue>250</MarketValue>
    </statBases>
	<thingCategories>
		<li>NaturalBodyPartsHumanoid</li> <!-- changed from BodyPartsAndImplants -->
	</thingCategories>
  </ThingDef>

  <ThingDef ParentName="BodyPartBase">
    <defName>Liver</defName>
    <label>liver</label>
    <description>Plays an important role in metabolism.</description>
    <graphicData>
      <texPath>Things/Item/BodyPart/Organ</texPath>
      <graphicClass>Graphic_Single</graphicClass>
    </graphicData>
    <statBases>
      <MarketValue>500</MarketValue>
    </statBases>
	<thingCategories>
		<li>NaturalBodyPartsHumanoid</li> <!-- changed from BodyPartsAndImplants -->
	</thingCategories>
  </ThingDef>

  <!--
  <ThingDef ParentName="BodyPartBase">
    <defName>Brain</defName>
    <label>brain</label>
    <texPath>Things/Item/BodyPart/Organ</texPath>
    <graphicClass>Graphic_Single</graphicClass>
    <statBases>
      <MarketValue>250</MarketValue>
    </statBases>
  </ThingDef>
  -->

  <!-- artificial - simple prosthetics -->

  <ThingDef ParentName="BodyPartBase">
    <defName>SimpleProstheticLeg</defName>
    <label>simple prosthetic leg</label>
    <description>Simple prosthesis made to replace missing leg. Not very comfortable but quite efficient.</description>
    <graphicData>
      <texPath>Things/Item/BodyPart/ArtificialOrgan</texPath>
      <graphicClass>Graphic_Single</graphicClass>
    </graphicData>
    <statBases>
      <MarketValue>400</MarketValue>
    </statBases>
    <techHediffsTags>
      <li>Simple</li>
    </techHediffsTags>
	<thingCategories>
		<li>ProsthesesHumanoid</li> <!-- changed from BodyPartsAndImplants -->
	</thingCategories>
  </ThingDef>

  <ThingDef ParentName="BodyPartBase">
    <defName>SimpleProstheticArm</defName>
    <label>simple prosthetic arm</label>
    <description>Simple but durable arm prosthesis.</description>
    <graphicData>
      <texPath>Things/Item/BodyPart/ArtificialOrgan</texPath>
      <graphicClass>Graphic_Single</graphicClass>
    </graphicData>
    <statBases>
      <MarketValue>400</MarketValue>
    </statBases>
    <techHediffsTags>
      <li>Simple</li>
    </techHediffsTags>
	<thingCategories>
		<li>ProsthesesHumanoid</li> <!-- changed from BodyPartsAndImplants -->
	</thingCategories>
  </ThingDef>

  <!-- artificial - bionics -->


  <ThingDef ParentName="BodyPartBase">
    <defName>BionicEye</defName>
    <label>bionic eye</label>
    <description>Advanced piece of technology made not only to fully replace natural eye, but also to give supernatural vision abilities.</description>
    <graphicData>
      <texPath>Things/Item/BodyPart/ArtificialOrgan</texPath>
      <graphicClass>Graphic_Single</graphicClass>
    </graphicData>
    <statBases>
      <MarketValue>1500</MarketValue>
    </statBases>
    <techHediffsTags>
      <li>Advanced</li>
    </techHediffsTags>
	<thingCategories>
		<li>BionicsHumanoid</li> <!-- changed from BodyPartsAndImplants -->
	</thingCategories>
  </ThingDef>

  <ThingDef ParentName="BodyPartBase">
    <defName>BionicArm</defName>
    <label>bionic arm</label>
    <description>One of the most sophisticated arm replacements. Gives extreme strength to its user.</description>
    <graphicData>
      <texPath>Things/Item/BodyPart/ArtificialOrgan</texPath>
      <graphicClass>Graphic_Single</graphicClass>
    </graphicData>
    <statBases>
      <MarketValue>1500</MarketValue>
    </statBases>
    <techHediffsTags>
      <li>Advanced</li>
    </techHediffsTags>
	<thingCategories>
		<li>BionicsHumanoid</li> <!-- changed from BodyPartsAndImplants -->
	</thingCategories>
  </ThingDef>

  <ThingDef ParentName="BodyPartBase">
    <defName>BionicLeg</defName>
    <label>bionic leg</label>
    <description>Bionic leg uses cutting-edge technology to give its owner extreme walking comfort and strength.</description>
    <graphicData>
      <texPath>Things/Item/BodyPart/ArtificialOrgan</texPath>
      <graphicClass>Graphic_Single</graphicClass>
    </graphicData>
    <statBases>
      <MarketValue>1500</MarketValue>
    </statBases>
    <techHediffsTags>
      <li>Advanced</li>
    </techHediffsTags>
	<thingCategories>
		<li>BionicsHumanoid</li> <!-- changed from BodyPartsAndImplants -->
	</thingCategories>
  </ThingDef>

  <ThingDef ParentName="BodyPartBase">
    <defName>PowerClaw</defName>
    <label>power claw</label>
    <description>Powerful hand replacement consisting of three deadly claws.</description>
    <graphicData>
      <texPath>Things/Item/BodyPart/ArtificialOrgan</texPath>
      <graphicClass>Graphic_Single</graphicClass>
    </graphicData>
    <statBases>
      <MarketValue>1500</MarketValue>
    </statBases>
    <techHediffsTags>
      <li>AdvancedWeapon</li>
    </techHediffsTags>
	<thingCategories>
		<li>BionicsHumanoid</li> <!-- changed from BodyPartsAndImplants -->
	</thingCategories>
  </ThingDef>
  
  <ThingDef ParentName="BodyPartBase">
    <defName>ScytherBlade</defName>
    <label>scyther blade</label>
    <description>Hand replacement with a telescoping blade. Scavenged from a dead scyther mechanoid. Not very comfortable, but quite effective as a close-range weapon.</description>
    <graphicData>
      <texPath>Things/Item/BodyPart/ArtificialOrgan</texPath>
      <graphicClass>Graphic_Single</graphicClass>
    </graphicData>
    <statBases>
      <MarketValue>2000</MarketValue>
    </statBases>
    <techHediffsTags>
      <li>SpecialWeapon</li>
    </techHediffsTags>
    <tradeability>Sellable</tradeability>
	<thingCategories>
		<li>BionicsHumanoid</li> <!-- changed from BodyPartsAndImplants -->
	</thingCategories>
  </ThingDef>

<!--======Mod Additions ====-->

  <ThingDef ParentName="BodyPartBase">
    <defName>ArtificialBone</defName>
    <label>artificial bone</label>
    <description>A carefully crafted synthetic bone piece.</description>
    <graphicData>
      <texPath>Things/Item/BodyPart/ArtificialBone</texPath>
      <graphicClass>Graphic_Single</graphicClass>
    </graphicData>
    <statBases>
      <MarketValue>180</MarketValue>
    </statBases>
    <techHediffsTags>
      <li>Advanced</li>
    </techHediffsTags>
    <tradeTags>
      <li>Exotic</li>
    </tradeTags>
	<thingCategories>
			<li>SyntheticOrgansHumanoid</li> <!-- changed from BodyPartsAndImplants -->
		</thingCategories>
  </ThingDef>

  <ThingDef ParentName="BodyPartBase">
    <defName>Eye</defName>
    <label>eye</label>
    <description>A replacement eye fabricated from biomatter.</description>
    <graphicData>
      <texPath>Things/Item/BodyPart/MedOrgan</texPath>
      <graphicClass>Graphic_Single</graphicClass>
    </graphicData>
    <statBases>
      <MarketValue>504</MarketValue>
    </statBases>
	<thingCategories>
		<li>NaturalBodyPartsHumanoid</li> <!-- changed from BodyPartsAndImplants -->
	</thingCategories>
  </ThingDef>

  <ThingDef ParentName="BodyPartBase">
    <defName>Ear</defName>
    <label>ear</label>
    <description>A replacement ear fabricated from biomatter.</description>
    <graphicData>
      <texPath>Things/Item/BodyPart/MedOrgan</texPath>
      <graphicClass>Graphic_Single</graphicClass>
    </graphicData>
    <statBases>
      <MarketValue>504</MarketValue>
    </statBases>
	<thingCategories>
		<li>NaturalBodyPartsHumanoid</li> <!-- changed from BodyPartsAndImplants -->
	</thingCategories>
  </ThingDef>
  
  <ThingDef ParentName="BodyPartBase">
    <defName>Nose</defName>
    <label>nose</label>
    <description>A replacement nose fabricated from biomatter.</description>
    <graphicData>
      <texPath>Things/Item/BodyPart/MedOrgan</texPath>
      <graphicClass>Graphic_Single</graphicClass>
    </graphicData>
    <statBases>
      <MarketValue>504</MarketValue>
    </statBases>
	<thingCategories>
		<li>NaturalBodyPartsHumanoid</li> <!-- changed from BodyPartsAndImplants -->
	</thingCategories>
  </ThingDef>

    <ThingDef ParentName="BodyPartBase">
    <defName>Stomach</defName>
    <label>stomach</label>
    <description>A replacement stomach fabricated from biomatter.</description>
    <graphicData>
      <texPath>Things/Item/BodyPart/MedOrgan</texPath>
      <graphicClass>Graphic_Single</graphicClass>
    </graphicData>
    <statBases>
      <MarketValue>504</MarketValue>
    </statBases>
	<thingCategories>
		<li>NaturalBodyPartsHumanoid</li> <!-- changed from BodyPartsAndImplants -->
	</thingCategories>
  </ThingDef>

  <ThingDef ParentName="BodyPartBase">
    <defName>SteelDenture</defName>
    <label>steel denture</label>
    <description>Simple but durable jaw prosthesis.</description>
    <graphicData>
      <texPath>Things/Item/BodyPart/MedProstheticSimple</texPath>
      <graphicClass>Graphic_Single</graphicClass>
    </graphicData>
    <statBases>
      <MarketValue>72</MarketValue>
    </statBases>
	<thingCategories>
		<li>ProsthesesHumanoid</li> <!-- changed from BodyPartsAndImplants -->
	</thingCategories>
  </ThingDef>

  <ThingDef ParentName="BodyPartBase">
    <defName>AdvancedProstheticArm</defName>
    <label>advanced prosthetic arm</label>
    <description>Advanced prosthesis made to replace a missing arm.  Very comfortable and quite efficient.</description>
    <graphicData>
      <texPath>Things/Item/BodyPart/MedProstheticAdvanced</texPath>
      <graphicClass>Graphic_Single</graphicClass>
    </graphicData>
    <statBases>
      <MarketValue>792</MarketValue>
    </statBases>
    <techHediffsTags>
      <li>Advanced</li>
    </techHediffsTags>
	<thingCategories>
		<li>AdvancedProsthesesHumanoid</li> <!-- changed from BodyPartsAndImplants -->
	</thingCategories>
  </ThingDef>

  <ThingDef ParentName="BodyPartBase">
    <defName>AdvancedProstheticLeg</defName>
    <label>advanced prosthetic leg</label>
    <description>Advanced prosthesis made to replace a missing leg.  Very comfortable and quite efficient.</description>
    <graphicData>
      <texPath>Things/Item/BodyPart/MedProstheticAdvanced</texPath>
      <graphicClass>Graphic_Single</graphicClass>
    </graphicData>
    <statBases>
      <MarketValue>1512</MarketValue>
    </statBases>
    <techHediffsTags>
      <li>Advanced</li>
    </techHediffsTags>
	<thingCategories>
		<li>AdvancedProsthesesHumanoid</li> <!-- changed from BodyPartsAndImplants -->
	</thingCategories>
  </ThingDef>

  <ThingDef ParentName="BodyPartBase">
    <defName>PlasteelDenture</defName>
    <label>plasteel denture</label>
    <description>Advanced prosthesis made to replace a missing jaw.  Very comfortable and quite efficient.</description>
    <graphicData>
      <texPath>Things/Item/BodyPart/MedProstheticAdvanced</texPath>
      <graphicClass>Graphic_Single</graphicClass>
    </graphicData>
    <statBases>
      <MarketValue>515</MarketValue>
    </statBases>
    <techHediffsTags>
      <li>Advanced</li>
    </techHediffsTags>
	<thingCategories>
		<li>AdvancedProsthesesHumanoid</li> <!-- changed from BodyPartsAndImplants -->
	</thingCategories>
  </ThingDef>

  <ThingDef ParentName="BodyPartBase">
    <defName>BionicEar</defName>
    <label>bionic ear</label>
    <description>Advanced piece of technology made not only to fully replace a natural ear, but also to give supernatural hearing.</description>
    <graphicData>
      <texPath>Things/Item/BodyPart/MedBionic</texPath>
      <graphicClass>Graphic_Single</graphicClass>
    </graphicData>
    <statBases>
      <MarketValue>1850</MarketValue>
    </statBases>
    <techHediffsTags>
      <li>Advanced</li>
    </techHediffsTags>
	<thingCategories>
		<li>AdvancedBionicsHumanoid</li> <!-- changed from BodyPartsAndImplants -->
	</thingCategories>
  </ThingDef>

  <ThingDef ParentName="BodyPartBase">
    <defName>BionicBrain</defName>
    <label>positronic brain implant</label>
    <description>Advanced piece of technology made not only to augment the human brain, but also to give enhanced neurotransmitter function.</description>
    <graphicData>
      <texPath>Things/Item/BodyPart/MedBionic</texPath>
      <graphicClass>Graphic_Single</graphicClass>
    </graphicData>
    <statBases>
      <MarketValue>9468</MarketValue>
    </statBases>
    <techHediffsTags>
      <li>Advanced</li>
    </techHediffsTags>
	<thingCategories>
		<li>AdvancedBionicsHumanoid</li> <!-- changed from BodyPartsAndImplants -->
	</thingCategories>
  </ThingDef>

  <ThingDef ParentName="BodyPartBase">
    <defName>BionicSpine</defName>
    <label>bionic spine</label>
    <description>Advanced piece of technology made not only to fully replace the spine, but also to give supernatural strength and agility.</description>
    <graphicData>
      <texPath>Things/Item/BodyPart/MedBionic</texPath>
      <graphicClass>Graphic_Single</graphicClass>
    </graphicData>
    <statBases>
      <MarketValue>4198</MarketValue>
    </statBases>
    <techHediffsTags>
      <li>Advanced</li>
    </techHediffsTags>
	<thingCategories>
		<li>AdvancedBionicsHumanoid</li> <!-- changed from BodyPartsAndImplants -->
	</thingCategories>
  </ThingDef>



</ThingDefs>
