<?xml version="1.0" encoding="utf-8" ?>
<Resources>


	<!-- =========== bases =========== -->


	<ThingDef Name="ResourceBase" Abstract="True">
		<thingClass>ThingWithComps</thingClass>
		<label>unspecified resource</label>
		<category>Item</category>
		<resourceReadoutPriority>Middle</resourceReadoutPriority>
		<useHitPoints>true</useHitPoints>
		<selectable>true</selectable>
		<altitudeLayer>Item</altitudeLayer>
		<stackLimit>75</stackLimit>
		<comps>
			<li>
				<compClass>CompForbiddable</compClass>
			</li>
		</comps>
		<alwaysHaulable>true</alwaysHaulable>
		<drawGUIOverlay>true</drawGUIOverlay>
		<rotatable>false</rotatable>
		<pathCost>15</pathCost>
	</ThingDef>

	<ThingDef Name="ResourceVerbBase" ParentName="ResourceBase" Abstract="True">
		<equipmentType>Primary</equipmentType>
		<techLevel>Neolithic</techLevel>
		<comps>
			<li>
				<compClass>CompEquippable</compClass>
			</li>
		</comps>
	</ThingDef>



	<ThingDef ParentName="ResourceBase">
		<defName>RawCotton</defName>
		<label>raw cotton</label>
		<description>Raw cotton. It can be spun into cloth or sold to a trader.</description>
		<graphicData>
			<texPath>Things/Item/Resource/RawCotton</texPath>
			<graphicClass>Graphic_Single</graphicClass>
		</graphicData>
		<soundInteract>Food_Drop</soundInteract>
		<soundDrop>Food_Drop</soundDrop>
		<statBases>
			<MarketValue>1.5</MarketValue>
		</statBases>
		<thingCategories>
			<li>PlantResources</li> <!-- changed from ResoucesRaw -->
		</thingCategories>
	</ThingDef>

	<ThingDef ParentName="ResourceBase">
		<defName>RawDevilstrand</defName>
		<label>Raw devilstrand</label>
		<description>Raw devilstrand. It can be spun into cloth or sold to a trader.</description>
		<graphicData>
			<texPath>Things/Item/Resource/RawDevilstrand</texPath>
			<graphicClass>Graphic_Single</graphicClass>
		</graphicData>
		<soundInteract>Food_Drop</soundInteract>
		<soundDrop>Food_Drop</soundDrop>
		<statBases>
			<MarketValue>6.4</MarketValue>
		</statBases>
		<thingCategories>
			<li>PlantResources</li> <!-- changed from ResoucesRaw -->
		</thingCategories>
	</ThingDef>


	<ThingDef ParentName="ResourceBase">
		<defName>Cloth</defName>
		<label>cloth</label>
		<description>Cloth woven from organic fibers.</description>
		<graphicData>
			<texPath>Things/Item/Resource/Cloth</texPath>
			<graphicClass>Graphic_Single</graphicClass>
			<color>(162,157,152)</color>
		</graphicData>
		<statBases>
			<MaxHitPoints>100</MaxHitPoints>
			<MarketValue>1.8</MarketValue>
			<Flammability>1.0</Flammability>
			<DeteriorationRate>2</DeteriorationRate>
		</statBases>
		<stuffProps>
			<categories>
				<li>Fabric</li>
			</categories>
			<color>(162,157,152)</color>
			<allowColorGenerators>true</allowColorGenerators>
			<statFactors>
				<Beauty>1.3</Beauty>
			</statFactors>
		</stuffProps>
		<thingCategories>
			<li>PlantTextiles</li> <!-- changed from Textiles -->
		</thingCategories>
		<comps>
			<li>
				<compClass>CompColorable</compClass>
			</li>
		</comps>
		<colorGeneratorInTraderStock Class="ColorGenerator_Options">
			<options>
				<li>
					<weight>5</weight>
					<only>RGBA(0.33,0.33,0.33,1)</only>
				</li>
				<li>
					<weight>10</weight>
					<min>RGBA(0.3,0.3,0.3,1)</min>
					<max>RGBA(0.9,0.9,0.9,1)</max>
				</li>
				<li>
					<weight>5</weight>
					<only>RGBA(0.9,0.9,0.9,1)</only>
				</li>
			</options>
		</colorGeneratorInTraderStock>
	</ThingDef>

	<ThingDef ParentName="ResourceBase">
		<defName>Synthread</defName>
		<label>synthread</label>
		<description>Spacer-tech synthetic fabric designed for making ordinary clothes. It is soft,
			light, strong, and insulates well.</description>
		<graphicData>
			<texPath>Things/Item/Resource/Synthread</texPath>
			<graphicClass>Graphic_Single</graphicClass>
		</graphicData>
		<statBases>
			<MaxHitPoints>150</MaxHitPoints>
			<MarketValue>11</MarketValue>
			<Flammability>1.0</Flammability>
			<DeteriorationRate>1.5</DeteriorationRate>
		</statBases>
		<stuffProps>
			<categories>
				<li>Fabric</li>
			</categories>
			<color>(174,219,228)</color>
			<statOffsets>
				<ArmorRating_Blunt>0.03</ArmorRating_Blunt>
				<ArmorRating_Sharp>0.03</ArmorRating_Sharp>
				<ArmorRating_Heat>0.03</ArmorRating_Heat>
				<ArmorRating_Electric>0.03</ArmorRating_Electric>
			</statOffsets>
			<statFactors>
				<Beauty>1.5</Beauty>
				<ArmorRating_Blunt>1.0</ArmorRating_Blunt>
				<ArmorRating_Sharp>1.65</ArmorRating_Sharp>
				<ArmorRating_Heat>4.0</ArmorRating_Heat>
				<ArmorRating_Electric>4.0</ArmorRating_Electric>
				<Insulation_Cold>1.25</Insulation_Cold>
				<Insulation_Heat>1.25</Insulation_Heat>
			</statFactors>
		</stuffProps>
		<thingCategories>
			<li>SyntheticTextiles</li> <!-- changed from Textiles -->
		</thingCategories>
	</ThingDef>

	<ThingDef ParentName="ResourceBase">
		<defName>DevilstrandCloth</defName>
		<label>devilstrand cloth</label>
		<description>Fabric spun from microfibers extracted from silk-producing Devilstrand
			mushrooms. Very tough, but insulates no better than cloth.</description>
		<graphicData>
			<texPath>Things/Item/Resource/Cloth</texPath>
			<graphicClass>Graphic_Single</graphicClass>
			<color>(180,60,60)</color>
		</graphicData>
		<statBases>
			<MaxHitPoints>100</MaxHitPoints>
			<MarketValue>16</MarketValue>
			<Flammability>1.0</Flammability>
			<DeteriorationRate>1.5</DeteriorationRate>
		</statBases>
		<stuffProps>
			<categories>
				<li>Fabric</li>
			</categories>
			<color>(180,60,60)</color>
			<statOffsets>
				<ArmorRating_Blunt>0.05</ArmorRating_Blunt>
				<ArmorRating_Sharp>0.05</ArmorRating_Sharp>
				<ArmorRating_Heat>0</ArmorRating_Heat>
				<ArmorRating_Electric>0.05</ArmorRating_Electric>
			</statOffsets>
			<statFactors>
				<Beauty>1.8</Beauty>
				<WorkToMake>1.3</WorkToMake>
				<ArmorRating_Blunt>1.3</ArmorRating_Blunt>
				<ArmorRating_Sharp>2.0</ArmorRating_Sharp>
				<ArmorRating_Heat>1</ArmorRating_Heat>
				<ArmorRating_Electric>3</ArmorRating_Electric>
			</statFactors>
		</stuffProps>
		<thingCategories>
			<li>PlantTextiles</li> <!-- changed from Textiles -->
		</thingCategories>
		<comps>
			<li>
				<compClass>CompColorable</compClass>
			</li>
		</comps>
	</ThingDef>

	<ThingDef ParentName="ResourceBase">
		<defName>Hyperweave</defName>
		<label>hyperweave</label>
		<description>High-tech nano-fibers woven into sheets. It is somewhat heavy, but is
			incredibly difficult to break. The secrets of its production are known only to the most
			advanced glitterworld cultures.</description>
		<graphicData>
			<texPath>Things/Item/Resource/Hyperweave</texPath>
			<graphicClass>Graphic_Single</graphicClass>
		</graphicData>
		<statBases>
			<MarketValue>45</MarketValue>
			<Flammability>1.0</Flammability>
		</statBases>
		<stuffProps>
			<categories>
				<li>Fabric</li>
			</categories>
			<color>(0,106,126)</color>
			<statOffsets>
				<ArmorRating_Blunt>0.03</ArmorRating_Blunt>
				<ArmorRating_Sharp>0.03</ArmorRating_Sharp>
				<ArmorRating_Heat>0.03</ArmorRating_Heat>
			</statOffsets>
			<statFactors>
				<Beauty>2</Beauty>
				<WorkToMake>1.8</WorkToMake>
				<ArmorRating_Blunt>1.6</ArmorRating_Blunt>
				<ArmorRating_Sharp>4.0</ArmorRating_Sharp>
				<ArmorRating_Heat>2.0</ArmorRating_Heat>
				<ArmorRating_Electric>0</ArmorRating_Electric>
				<Insulation_Cold>1.1</Insulation_Cold>
				<Insulation_Heat>1.1</Insulation_Heat>
			</statFactors>
		</stuffProps>
		<thingCategories>
			<li>SyntheticTextiles</li> <!-- changed from Textiles -->
		</thingCategories>
	</ThingDef>


</Resources>
