<?xml version="1.0" encoding="utf-8" ?>
<Resources>


	<!-- =========== bases =========== -->

	
	<ThingDef Name="ResourceBase" Abstract="True">
		<thingClass>ThingWithComps</thingClass>
		<label>unspecified resource</label>
		<category>Item</category>
		<resourceReadoutPriority>Middle</resourceReadoutPriority>
		<useHitPoints>true</useHitPoints>
		<selectable>true</selectable>
		<altitudeLayer>Item</altitudeLayer>
		<stackLimit>75</stackLimit>
		<comps>
			<li>
				<compClass>CompForbiddable</compClass>
			</li>
		</comps>
		<alwaysHaulable>true</alwaysHaulable>
		<drawGUIOverlay>true</drawGUIOverlay>
		<rotatable>false</rotatable>
		<pathCost>15</pathCost>
	</ThingDef>

	<ThingDef Name="ResourceVerbBase" ParentName="ResourceBase" Abstract="True">
		<equipmentType>Primary</equipmentType>
		<techLevel>Neolithic</techLevel>
		<comps>
			<li>
				<compClass>CompEquippable</compClass>
			</li>
		</comps>
	</ThingDef>


	<!--=============== Raw Materials ====================-->
  <ThingDef ParentName="ResourceBase">
    <defName>Steel</defName>
    <label>steel</label>
    <description>An iron-carbon metal alloy used for building structures, tools, and weapons.</description>
    <graphicData>
      <texPath>Things/Item/Resource/Metal</texPath>
      <graphicClass>Graphic_Random</graphicClass>
      <color>(255,255,255)</color>
    </graphicData>
    <soundInteract>Metal_Drop</soundInteract>
    <soundDrop>Metal_Drop</soundDrop>
    <statBases>
      <MarketValue>2.0</MarketValue>
      <SharpDamageMultiplier>1</SharpDamageMultiplier>
      <BluntDamageMultiplier>1</BluntDamageMultiplier>
    </statBases>
    <useHitPoints>false</useHitPoints>
    <slagDef>ChunkSlagSteel</slagDef>
    <thingCategories>
      <li>Metals</li><!-- changed from ResourcesRaw -->
    </thingCategories>
    <stuffProps>
      <categories>
        <li>Metallic</li>
      </categories>
      <constructEffect>ConstructMetal</constructEffect>
      <color>(102,102,105)</color>
      <soundImpactStuff>BulletImpactMetal</soundImpactStuff>
      <soundMeleeHitSharp>MeleeHit_Metal_Sharp</soundMeleeHitSharp>
      <soundMeleeHitBlunt>MeleeHit_Metal_Blunt</soundMeleeHitBlunt>
      <statFactors>
        <MaxHitPoints>1</MaxHitPoints>
        <Beauty>1</Beauty>
        <Flammability>0.2</Flammability>
        <MeleeWeapon_Cooldown>1</MeleeWeapon_Cooldown>
      </statFactors>
      <smeltable>true</smeltable>
    </stuffProps>
  </ThingDef>

	<ThingDef ParentName="ResourceBase">
    <defName>Plasteel</defName>
    <label>plasteel</label>
    <description>Advanced spacer tech structural material. Plasteel is extremely strong due to its unique molecular structure.</description>
    <graphicData>
      <texPath>Things/Item/Resource/Plasteel</texPath>
      <graphicClass>Graphic_Single</graphicClass>
    </graphicData>
    <soundInteract>Metal_Drop</soundInteract>
    <soundDrop>Metal_Drop</soundDrop>
    <useHitPoints>false</useHitPoints>
    <statBases>
      <MarketValue>27</MarketValue>
      <SharpDamageMultiplier>1.2</SharpDamageMultiplier>
      <BluntDamageMultiplier>1.0</BluntDamageMultiplier>
    </statBases>
    <thingCategories>
      <li>Metals</li><!-- changed from ResourcesRaw -->
    </thingCategories>
    <stuffProps>
      <categories>
        <li>Metallic</li>
      </categories>
      <constructEffect>ConstructMetal</constructEffect>
      <color>(160,178,181)</color>
      <soundImpactStuff>BulletImpactMetal</soundImpactStuff>
      <soundMeleeHitSharp>MeleeHit_Metal_Sharp</soundMeleeHitSharp>
      <soundMeleeHitBlunt>MeleeHit_Metal_Blunt</soundMeleeHitBlunt>
      <statFactors>
        <MaxHitPoints>2.8</MaxHitPoints>
        <Beauty>1.2</Beauty>
        <Flammability>0.1</Flammability>
        <WorkToMake>2.0</WorkToMake>
        <MeleeWeapon_Cooldown>0.8</MeleeWeapon_Cooldown>
      </statFactors>
      <smeltable>true</smeltable>
    </stuffProps>
  </ThingDef>

	<ThingDef ParentName="ResourceBase">
		<defName>Mulch</defName>
		<label>mulch</label>
		<description>Mulch made from wood logs.  Used for enriching the soil.</description>
		<graphicData>
			<texPath>Things/Item/Resource/Mulch</texPath>
			<graphicClass>Graphic_Single</graphicClass>
		</graphicData>
		<soundInteract>Wood_Drop</soundInteract>
		<soundDrop>Wood_Drop</soundDrop>
		<statBases>
			<MarketValue>1.7</MarketValue>
		</statBases>
		<thingCategories>
			<li>Minerals</li><!--changed from Manufactured-->
		</thingCategories>
		<stuffProps>
			<categories>
				<li>Matty</li>
			</categories>
		</stuffProps>
	</ThingDef>
	
	<ThingDef ParentName="ResourceBase">
		<defName>Sand</defName>
		<label>sand</label>
		<description>Sand made from stone chunks.  For making glass and other items.</description>
		<graphicData>
			<texPath>Things/Item/Resource/Sand</texPath>
			<graphicClass>Graphic_Single</graphicClass>
		</graphicData>
		<soundInteract>Wood_Drop</soundInteract>
		<soundDrop>Wood_Drop</soundDrop>
		<statBases>
			<MarketValue>1.8</MarketValue>
		</statBases>
		<thingCategories>
			<li>Minerals</li><!--changed from Manufactured-->
		</thingCategories>
		<stuffProps>
			<categories>
				<li>Matty</li>
			</categories>
		</stuffProps>
	</ThingDef>
	<!--=============== Manufactured Resources	====================-->
	

	
	
	<ThingDef ParentName="ResourceBase">
		<defName>Electronics</defName>
		<label>electronic chips</label>
		<description>Electronic chips made from silver and sand.  Used in the construction of advanced structures</description>
		<graphicData>
			<texPath>Things/Item/Resource/Electronics</texPath>
			<graphicClass>Graphic_Single</graphicClass>
		</graphicData>
		<soundInteract>Metal_Drop</soundInteract>
		<soundDrop>Metal_Drop</soundDrop>
		<statBases>
			<MarketValue>35</MarketValue>
		</statBases>
		<thingCategories>
			<li>Electronics</li><!-- changed from Manufactured -->
		</thingCategories>
		<stuffProps>
			<categories>
				<li>Matty</li>
			</categories>
		</stuffProps>
	</ThingDef>
	
	
	<ThingDef ParentName="ResourceBase">
		<defName>ArtilleryShell</defName>
		<label>artillery shell</label>
		<description>Fired from artillery cannons.</description>
		<graphicData>
			<texPath>Things/Item/Resource/Shell</texPath>
			<graphicClass>Graphic_Single</graphicClass>
		</graphicData>
		<soundInteract>Metal_Drop</soundInteract>
		<soundDrop>Standard_Drop</soundDrop>
		<tickerType>Normal</tickerType>
		<stackLimit>25</stackLimit>
		<statBases>
			<MaxHitPoints>70</MaxHitPoints>
			<MarketValue>14</MarketValue>
			<Flammability>1.0</Flammability>
			<DeteriorationRate>1</DeteriorationRate>
		</statBases>
		<thingCategories>
			<li>Ammunition</li><!-- changed from Manufactured -->
		</thingCategories>
		<comps>
			<li>
				<compClass>CompExplosive</compClass>
				<explosiveRadius>2.9</explosiveRadius>
				<explosiveDamageType>Bomb</explosiveDamageType>
				<explosiveExpandPerStackcount>0.4</explosiveExpandPerStackcount>
				<startWickHitPointsPercent>0.333</startWickHitPointsPercent>
				<wickTicks>
					<min>10</min>
					<max>30</max>
				</wickTicks>
			</li>
		</comps>
	</ThingDef>



</Resources>