<?xml version="1.0" encoding="utf-8" ?>
<ThingDefs>


	<ThingDef Name="BaseWeaponNeolithic" Abstract="True">
		<category>Item</category>
		<thingClass>ThingWithComps</thingClass>
		<equipmentType>Primary</equipmentType>
		<pathCost>10</pathCost>
		<useHitPoints>True</useHitPoints>
		<selectable>True</selectable>
		<graphicData>
			<onGroundRandomRotateAngle>35</onGroundRandomRotateAngle>
		</graphicData>
		<drawGUIOverlay>true</drawGUIOverlay>
		<statBases>
			<MaxHitPoints>100</MaxHitPoints>
			<Flammability>1.0</Flammability>
			<DeteriorationRate>1</DeteriorationRate>
			<SellPriceFactor>0.5</SellPriceFactor>
		</statBases>
		<altitudeLayer>Item</altitudeLayer>
		<alwaysHaulable>True</alwaysHaulable>
		<tickerType>Never</tickerType>
		<techLevel>Neolithic</techLevel>
		<weaponTags>
			<li>Neolithic</li>
		</weaponTags>
		<thingCategories>
			<li>ManPoweredWeapons</li> <!-- changed from WeaponsRanged -->
		</thingCategories>
		<comps>
			<li>
				<compClass>CompForbiddable</compClass>
			</li>
			<li>
				<compClass>CompEquippable</compClass>
			</li>
			<li>
				<compClass>CompQuality</compClass>
			</li>
		</comps>
		<recipeMaker>
			<workSpeedStat>SmithingSpeed</workSpeedStat>
			<workSkill>Crafting</workSkill>
			<recipeUsers>
				<li>TableSmithing</li>
			</recipeUsers>
			<unfinishedThingDef>UnfinishedWeapon</unfinishedThingDef>
			<effectWorking>Smelt</effectWorking>
		</recipeMaker>
	</ThingDef>


	<ThingDef Name="BaseProjectileNeolithic" Abstract="True">
		<category>Projectile</category>
		<tickerType>Normal</tickerType>
		<altitudeLayer>Projectile</altitudeLayer>
		<thingClass>Bullet</thingClass>
			<label>arrow</label>
		<useHitPoints>False</useHitPoints>
		<neverMultiSelect>True</neverMultiSelect>
		<graphicData>
			<shaderType>Transparent</shaderType>
		</graphicData>
	</ThingDef>


	<!--=============== Short Bow ====================-->

	<ThingDef ParentName="BaseProjectileNeolithic">
		<defName>Arrow_Short</defName>
		<label>shortbow arrow</label>
		<graphicData>
			<texPath>Things/Projectile/Arrow_Small</texPath>
			<graphicClass>Graphic_Single</graphicClass>
		</graphicData>
		<projectile>
			<flyOverhead>false</flyOverhead>
			<damageDef>Arrow</damageDef>
			<DamageAmountBase>10</DamageAmountBase>
			<Speed>44</Speed>
		</projectile>
	</ThingDef>
	
	<ThingDef ParentName="BaseWeaponNeolithic">
		<defName>Bow_Short</defName>
		<label>short bow</label>
		<description>A simple short bow, made with skill, but using only the most primitive technologies.</description>
		<graphicData>
			<texPath>Things/Item/Equipment/WeaponRanged/BowShort</texPath>
			<graphicClass>Graphic_Single</graphicClass>
		</graphicData>
		<soundInteract>BowSmall</soundInteract>
		<costList>
			<WoodLog>40</WoodLog>
		</costList>
		<statBases>
			<WorkToMake>1200</WorkToMake>
			<MarketValue>60</MarketValue>
			<AccuracyTouch>0.89</AccuracyTouch>
			<AccuracyShort>0.64</AccuracyShort>
			<AccuracyMedium>0.41</AccuracyMedium>
			<AccuracyLong>0.22</AccuracyLong>
			<RangedWeapon_Cooldown>0.66</RangedWeapon_Cooldown>
		</statBases>
		<weaponTags>
			<li>NeolithicRanged</li>
		</weaponTags>
		<verbs>
			<li>
				<verbClass>Verb_Shoot</verbClass>
				<hasStandardCommand>true</hasStandardCommand>
				<projectileDef>Arrow_Short</projectileDef>
				<warmupTicks>150</warmupTicks>
				<range>29</range>
				<soundCast>BowSmall</soundCast>
			</li>
		</verbs>
	</ThingDef>

	<!--=============== Pilum (Thrown) ====================-->

	<ThingDef ParentName="BaseProjectileNeolithic">
		<defName>Pilum_Thrown</defName>
		<label>pilum (thrown)</label>
		<graphicData>
			<texPath>Things/Projectile/Pilum</texPath>
			<graphicClass>Graphic_Single</graphicClass>
		</graphicData>
		<projectile>
			<flyOverhead>false</flyOverhead>
			<damageDef>Stab</damageDef>
			<DamageAmountBase>30</DamageAmountBase>
			<Speed>26</Speed>
		</projectile>
	</ThingDef>
  
	<ThingDef ParentName="BaseWeaponNeolithic">
		<defName>Pila</defName>
		<label>pila</label>
		<description>A bundle of pila, non-reusable throwing spears.</description>
		<graphicData>
			<texPath>Things/Item/Equipment/WeaponRanged/Pilum</texPath>
			<graphicClass>Graphic_Single</graphicClass>
		</graphicData>
		<soundInteract>Interact_BeatFire</soundInteract>
		<costList>
			<WoodLog>120</WoodLog>
		</costList>
		<statBases>
			<WorkToMake>1400</WorkToMake>
			<MarketValue>90</MarketValue>
			<AccuracyTouch>0.91</AccuracyTouch>
			<AccuracyShort>0.71</AccuracyShort>
			<AccuracyMedium>0.50</AccuracyMedium>
			<AccuracyLong>0.32</AccuracyLong>
			<RangedWeapon_Cooldown>4</RangedWeapon_Cooldown>
		</statBases>
		<weaponTags>
			<li>NeolithicRanged</li>
		</weaponTags>
		<verbs>
			<li>
				<verbClass>Verb_Shoot</verbClass>
				<hasStandardCommand>true</hasStandardCommand>
				<projectileDef>Pilum_Thrown</projectileDef>
				<warmupTicks>240</warmupTicks>
				<range>20</range>
				<soundCast>Interact_BeatFire</soundCast>
			</li>
		</verbs>
	</ThingDef>

	<!--=============== Great Bow ====================-->

	<ThingDef ParentName="BaseProjectileNeolithic">
		<defName>Arrow_Great</defName>
		<label>greatbow arrow</label>
		<graphicData>
			<texPath>Things/Projectile/Arrow_Small</texPath>
			<graphicClass>Graphic_Single</graphicClass>
		</graphicData>
		<projectile>
			<flyOverhead>false</flyOverhead>
			<damageDef>Arrow</damageDef>
			<DamageAmountBase>18</DamageAmountBase>
			<Speed>49</Speed>
		</projectile>
	</ThingDef>
  
	<ThingDef ParentName="BaseWeaponNeolithic">
		<defName>Bow_Great</defName>
		<label>great bow</label>
		<description>A powerful greatbow. Fires a heavy arrow long distances.</description>
		<graphicData>
			<texPath>Things/Item/Equipment/WeaponRanged/BowGreat</texPath>
			<graphicClass>Graphic_Single</graphicClass>
		</graphicData>
		<soundInteract>BowLarge</soundInteract>
		<costList>
			<WoodLog>180</WoodLog>
		</costList>
		<statBases>
			<WorkToMake>1700</WorkToMake>
			<MarketValue>180</MarketValue>
			<AccuracyTouch>0.93</AccuracyTouch>
			<AccuracyShort>0.85</AccuracyShort>
			<AccuracyMedium>0.75</AccuracyMedium>
			<AccuracyLong>0.50</AccuracyLong>
			<RangedWeapon_Cooldown>0.66</RangedWeapon_Cooldown>
		</statBases>
		<weaponTags>
			<li>NeolithicRanged</li>
		</weaponTags>
		<verbs>
			<li>
				<verbClass>Verb_Shoot</verbClass>
				<hasStandardCommand>true</hasStandardCommand>
				<projectileDef>Arrow_Great</projectileDef>
				<warmupTicks>170</warmupTicks>
				<range>32</range>
				<soundCast>BowGreat</soundCast>
			</li>
		</verbs>
	</ThingDef>
  

</ThingDefs>