<?xml version="1.0" encoding="utf-8" ?>

 <ThingDefs>
 
  <!-- Base in case I make enhanced a different table --> 
 
  <ThingDef Name="BuildingBase" Abstract="True">
    <category>Building</category>
    <soundImpactDefault>BulletImpactMetal</soundImpactDefault>
    <selectable>true</selectable>
    <drawerType>MapMeshAndRealTime</drawerType>
    <terrainAffordanceNeeded>Light</terrainAffordanceNeeded>
    <repairEffect>Repair</repairEffect>
	<leaveResourcesWhenKilled>true</leaveResourcesWhenKilled>
    <filthLeaving>BuildingRubble</filthLeaving>
  </ThingDef>
 
  <!-- Basic (and maybe only)Shield Craft Table -->
 
 <ThingDef ParentName="BuildingBase">
    <DefName>ShieldModificationTable</DefName>
    <label>Shield Modification Table</label>
    <ThingClass>Building_WorkTable</ThingClass>
    <Description>A workbench to modify a variety of shields.</Description>
	<graphicData>
		<texPath>Things/Building/Production/ShieldTable</texPath>
		<graphicClass>Graphic_Single</graphicClass>
		<drawSize>(3,1)</drawSize>
	</graphicData>
	<CostList>
      <WoodLog>25</WoodLog>
      <Steel>150</Steel>
	  <Apparel_PersonalShield>2</Apparel_PersonalShield>

    </CostList>
    <AltitudeLayer>Waist</AltitudeLayer>
	<fillPercent>0.5</fillPercent>
    <useHitPoints>True</useHitPoints>
    <statBases>
      <WorkToMake>1000</WorkToMake>
      <MaxHitPoints>250</MaxHitPoints>
      <Flammability>1.0</Flammability>
    </statBases>
    <Size>(3,1)</Size>
    <DesignationCategory>ArmsProduction</DesignationCategory><!--changed from Production-->
    <minifiedDef>MinifiedFurniture</minifiedDef>
    <Passability>PassThroughOnly</Passability>
	<pathCost>70</pathCost>
    <hasInteractionCell>True</hasInteractionCell>
    <interactionCellOffset>(0,0,-1)</interactionCellOffset>
    <surfaceType>Item</surfaceType>
    <recipes>
      <li>CraftShieldHeated</li>
	  <li>CraftShieldCooled</li>
	  <li>CraftShieldCoolHaul</li>
	  <li>CraftShieldCoolHeat</li>
	  <li>CraftShieldHeatHaulRScratch</li>
	  <li>CraftShieldCoolHaulRScratch</li>
	  <li>CraftShieldHeatShoot</li>
	  <li>CraftShieldCoolShoot</li>
	  <li>CraftShieldHeatShootAdvanced</li>
	  <li>CraftShieldCoolShootAdvanced</li>
	  <li>CraftShieldAdvTemperateShooterWorker</li>
	  <li>CraftShieldMediVac</li>
	  <li>CraftShieldMediVacAdvanced</li>
	  <li>CraftShieldSteadfast</li>
	  <li>CraftShieldSteadfastAdvanced</li>
<!--
	  <li></li>
	  <li></li>		  
	  <li></li>
	  <li></li>	  	  
	  -->
    </recipes>
	<inspectorTabs>
      <li>ITab_Bills</li>
    </inspectorTabs>
	<building>
      <spawnedConceptLearnOpportunity>BillsTab</spawnedConceptLearnOpportunity>
    </building>
	<researchPrerequisite>Machining</researchPrerequisite>
 </ThingDef><!--added research prerequisite-->
</ThingDefs>