<?xml version="1.0" encoding="utf-8" ?>
<Defs>


	<ThingDef Name="ApparelShieldBase" Abstract="True">
		<thingClass>Apparel</thingClass>
		<category>Item</category>
		<selectable>True</selectable>
		<pathCost>10</pathCost>
		<useHitPoints>True</useHitPoints>
    <graphicData>
      <onGroundRandomRotateAngle>35</onGroundRandomRotateAngle>
    </graphicData>
    <drawGUIOverlay>true</drawGUIOverlay>
    <statBases>
			<MaxHitPoints>100</MaxHitPoints>
			<Flammability>1.0</Flammability>
      <DeteriorationRate>1</DeteriorationRate>
      <SellPriceFactor>0.5</SellPriceFactor>
    </statBases>
		<altitudeLayer>Item</altitudeLayer>
		<alwaysHaulable>True</alwaysHaulable>
		<tickerType>Never</tickerType>
		<thingCategories>
			<li>ApparelSheilds</li><!--changed from Apparel-->
		</thingCategories>
		<comps>
			<li>
				<compClass>CompForbiddable</compClass>
			</li>
      <li>
        <compClass>CompColorable</compClass>
      </li>
			<li>
				<compClass>CompQuality</compClass>
			</li>
		</comps>
	</ThingDef>


	<ThingDef ParentName="ApparelShieldBase">
		<thingClass>PersonalShield</thingClass>
		<defName>Apparel_PersonalShield_Heat</defName>
		<label>cozy shield</label>
		<description>One day a nudist somewhere said NO MORE to clothing just because of the ice sheet and tore open a personal shield and installed a heating module. \n\nWhile it will still attempt to stop any rapidly-moving projectile or energy attack that comes from a distance its capacity to do so has been greatly reduced due to the heaters power requirements. It also still does nothing against melee attacks or shots from point-blank range. It also prevents firing past touch range like the shield it was derived from. </description>
    <graphicData>
      <texPath>Things/Pawn/Humanlike/Apparel/PersonalShield/PersonalShield</texPath>
      <graphicClass>Graphic_Single</graphicClass>
    </graphicData>
    <tickerType>Normal</tickerType>
		<statBases>
			<MarketValue>1250</MarketValue>
      <PersonalShieldRechargeRate>0.13</PersonalShieldRechargeRate>
      <PersonalShieldEnergyMax>.35</PersonalShieldEnergyMax>
	  	<Insulation_Cold>-65</Insulation_Cold>
<!--		<Insulation_Heat>-12</Insulation_Heat> -->
    </statBases>
		<apparel>
			<bodyPartGroups>
				<li>Torso</li>
			</bodyPartGroups>
			<layers>
				<li>Accessory</li>
			</layers>
			<commonality>3</commonality>
			<tags>
				<li>PersonalShield</li>
				<li>Outlander</li>
				<li>Pirate</li>
				<li>Spacer</li>
			</tags>
		</apparel>
    <colorGenerator Class="ColorGenerator_Options">
      <options>
        <li>
          <weight>10</weight>
          <only>RGBA(0.33,0.33,0.33,1)</only>
        </li>
        <li>
          <weight>10</weight>
          <only>RGBA(0.65,0.65,0.65,1)</only>
        </li>
        <li>
          <weight>6</weight>
          <min>RGBA(0.3,0.3,0.3,1)</min>
          <max>RGBA(0.5,0.5,0.5,1)</max>
        </li>
        <li>
          <weight>10</weight>
          <only>RGBA(0.9,0.9,0.9,1)</only>
        </li>
      </options>
    </colorGenerator>
	</ThingDef>
	
	<ThingDef ParentName="ApparelShieldBase">
		<thingClass>PersonalShield</thingClass>
		<defName>Apparel_PersonalShield_Cold</defName>
		<label>Chilled Shield</label>
		<description>During a heatwave an overheated colonist somewhere ripped apart their AC and merged it into their personal shield.\n\nWhile it will still attempt to stop any rapidly-moving projectile or energy attack that comes from a distance its capacity to do so has been greatly reduced due to the air-conditioner's power requirements. It also still does nothing against melee attacks or shots from point-blank range. It also prevents firing past touch range like the shield it was derived from. </description>
    <graphicData>
      <texPath>Things/Pawn/Humanlike/Apparel/PersonalShield/PersonalShield</texPath>
      <graphicClass>Graphic_Single</graphicClass>
    </graphicData>
    <tickerType>Normal</tickerType>
		<statBases>
			<MarketValue>1250</MarketValue>
      <PersonalShieldRechargeRate>0.13</PersonalShieldRechargeRate>
      <PersonalShieldEnergyMax>.35</PersonalShieldEnergyMax>
<!--	  	<Insulation_Cold>-6</Insulation_Cold> -->
		<Insulation_Heat>26</Insulation_Heat>
    </statBases>
		<apparel>
			<bodyPartGroups>
				<li>Torso</li>
			</bodyPartGroups>
			<layers>
				<li>Accessory</li>
			</layers>
			<commonality>3</commonality>
			<tags>
				<li>PersonalShield</li>
				<li>Outlander</li>
				<li>Pirate</li>
				<li>Spacer</li>
			</tags>
		</apparel>
    <colorGenerator Class="ColorGenerator_Options">
      <options>
        <li>
          <weight>10</weight>
          <only>RGBA(0.33,0.33,0.33,1)</only>
        </li>
        <li>
          <weight>10</weight>
          <only>RGBA(0.65,0.65,0.65,1)</only>
        </li>
        <li>
          <weight>6</weight>
          <min>RGBA(0.3,0.3,0.3,1)</min>
          <max>RGBA(0.5,0.5,0.5,1)</max>
        </li>
        <li>
          <weight>10</weight>
          <only>RGBA(0.9,0.9,0.9,1)</only>
        </li>
      </options>
    </colorGenerator>
	</ThingDef>
	
	
	<ThingDef ParentName="ApparelShieldBase">
		<defName>Apparel_PersonalShield_Cold_Enhanced</defName>
		<thingClass>ExtremeTemperatureShields.Apparel_ExtremeTemperatureShield</thingClass>
		<label>Chilled Shooter Shield</label>
		<description>During a heatwave an overheated colonist somewhere ripped apart their AC and merged it into their personal shield.\n\nA month later they did some more tweaking and due to the need of this device to vent heat while retaining cool the colonist made it so bullets could move out as easily as the hot air. \n\nThe power requirements are still quite high however so this shield still offers less capacity, though some refinements were made</description>
    <graphicData>
      <texPath>Things/Pawn/Humanlike/Apparel/PersonalShield/PersonalShield</texPath>
      <graphicClass>Graphic_Single</graphicClass>
    </graphicData>
    <tickerType>Normal</tickerType>
		<statBases>
			<MarketValue>1800</MarketValue>
      <PersonalShieldRechargeRate>0.13</PersonalShieldRechargeRate>
      <PersonalShieldEnergyMax>.55</PersonalShieldEnergyMax>
<!--	  	<Insulation_Cold>-6</Insulation_Cold> -->
		<Insulation_Heat>26</Insulation_Heat>
    </statBases>
		<apparel>
			<bodyPartGroups>
				<li>Torso</li>
			</bodyPartGroups>
			<layers>
				<li>Accessory</li>
			</layers>
			<commonality>3</commonality>
			<tags>
				<li>PersonalShield</li>
				<li>Outlander</li>
				<li>Pirate</li>
				<li>Spacer</li>
			</tags>
		</apparel>
    <colorGenerator Class="ColorGenerator_Options">
      <options>
        <li>
          <weight>10</weight>
          <only>RGBA(0.33,0.33,0.33,1)</only>
        </li>
        <li>
          <weight>10</weight>
          <only>RGBA(0.65,0.65,0.65,1)</only>
        </li>
        <li>
          <weight>6</weight>
          <min>RGBA(0.3,0.3,0.3,1)</min>
          <max>RGBA(0.5,0.5,0.5,1)</max>
        </li>
        <li>
          <weight>10</weight>
          <only>RGBA(0.9,0.9,0.9,1)</only>
        </li>
      </options>
    </colorGenerator>
	</ThingDef>
	
	
		<ThingDef ParentName="ApparelShieldBase">
		<defName>Apparel_PersonalShield_Heat_Enhanced</defName>
		<thingClass>ExtremeTemperatureShields.Apparel_ExtremeTemperatureShield</thingClass>
		<label>Cozy Shooter Shield</label>
		<description>One day a nudist somewhere said NO MORE to clothing just because of the ice sheet and tore open a personal shield and installed a heating module. \n\n Then when one day after they had to deactivate it just to shoot a raider they tore back into it to do some tweaking...\n\n Finally they managed to upgrade it to be a tiny bit more efficent as well as allowing shots to be fired out!</description>
    <graphicData>
      <texPath>Things/Pawn/Humanlike/Apparel/PersonalShield/PersonalShield</texPath>
      <graphicClass>Graphic_Single</graphicClass>
    </graphicData>
    <tickerType>Normal</tickerType>
		<statBases>
			<MarketValue>1800</MarketValue>
      <PersonalShieldRechargeRate>0.13</PersonalShieldRechargeRate>
      <PersonalShieldEnergyMax>.55</PersonalShieldEnergyMax>
	  	<Insulation_Cold>-68</Insulation_Cold>
<!--		<Insulation_Heat>-6</Insulation_Heat> -->
    </statBases>
		<apparel>
			<bodyPartGroups>
				<li>Torso</li>
			</bodyPartGroups>
			<layers>
				<li>Accessory</li>
			</layers>
			<commonality>3</commonality>
			<tags>
				<li>PersonalShield</li>
				<li>Outlander</li>
				<li>Pirate</li>
				<li>Spacer</li>
			</tags>
		</apparel>
    <colorGenerator Class="ColorGenerator_Options">
      <options>
        <li>
          <weight>10</weight>
          <only>RGBA(0.33,0.33,0.33,1)</only>
        </li>
        <li>
          <weight>10</weight>
          <only>RGBA(0.65,0.65,0.65,1)</only>
        </li>
        <li>
          <weight>6</weight>
          <min>RGBA(0.3,0.3,0.3,1)</min>
          <max>RGBA(0.5,0.5,0.5,1)</max>
        </li>
        <li>
          <weight>10</weight>
          <only>RGBA(0.9,0.9,0.9,1)</only>
        </li>
      </options>
    </colorGenerator>
	</ThingDef>
	
	<ThingDef ParentName="ApparelShieldBase">
		<thingClass>PersonalShield</thingClass>
		<defName>Apparel_PersonalShield_Heat_HaulR</defName>
		<label>Cozy Speed Shield</label>
		<description>One day a nudist somewhere said NO MORE to clothing just because of the ice sheet and tore open a personal shield and installed a heating module. \n\nWhile it will still attempt to stop any rapidly-moving projectile or energy attack that comes from a distance its capacity to do so has been greatly reduced due to the heaters power requirements. It also still does nothing against melee attacks or shots from point-blank range. It also prevents firing past touch range like the shield it was derived from. \n\n This shield was modified in such a way that it now acts like a minimal exoskeleton so an elderly or lazy colonist can still haul and work with the rest</description>
    <graphicData>
      <texPath>Things/Pawn/Humanlike/Apparel/PersonalShield/PersonalShield</texPath>
      <graphicClass>Graphic_Single</graphicClass>
    </graphicData>
    <tickerType>Normal</tickerType>
		<statBases>
			<MarketValue>1250</MarketValue>
      <PersonalShieldRechargeRate>0.13</PersonalShieldRechargeRate>
      <PersonalShieldEnergyMax>.28</PersonalShieldEnergyMax>
	  	<Insulation_Cold>-65</Insulation_Cold>
<!--		<Insulation_Heat>-12</Insulation_Heat> -->
    </statBases>
	<equippedStatOffsets>
		<MoveSpeed>0.40</MoveSpeed>
		<WorkSpeedGlobal>0.15</WorkSpeedGlobal>
	</equippedStatOffsets>
		<apparel>
			<bodyPartGroups>
				<li>Torso</li>
			</bodyPartGroups>
			<layers>
				<li>Accessory</li>
			</layers>
			<commonality>3</commonality>
			<tags>
				<li>PersonalShield</li>
				<li>Melee</li>
			</tags>
		</apparel>
    <colorGenerator Class="ColorGenerator_Options">
      <options>
        <li>
          <weight>10</weight>
          <only>RGBA(0.33,0.33,0.33,1)</only>
        </li>
        <li>
          <weight>10</weight>
          <only>RGBA(0.65,0.65,0.65,1)</only>
        </li>
        <li>
          <weight>6</weight>
          <min>RGBA(0.3,0.3,0.3,1)</min>
          <max>RGBA(0.5,0.5,0.5,1)</max>
        </li>
        <li>
          <weight>10</weight>
          <only>RGBA(0.9,0.9,0.9,1)</only>
        </li>
      </options>
    </colorGenerator>
	</ThingDef>
	
		<ThingDef ParentName="ApparelShieldBase">
		<thingClass>PersonalShield</thingClass>
		<defName>Apparel_PersonalShield_Cold_HaulR</defName>
		<label>Chilled Speed Shield</label>
		<description>During a heatwave an overheated colonist somewhere ripped apart their AC and merged it into their personal shield.\n\nWhile it will still attempt to stop any rapidly-moving projectile or energy attack that comes from a distance its capacity to do so has been greatly reduced due to the air-conditioner's power requirements. It also still does nothing against melee attacks or shots from point-blank range. It also prevents firing past touch range like the shield it was derived from. \n\n This shield was modified in such a way that it now acts like a minimal exoskeleton so an elderly or lazy colonist can still haul and work with the rest.</description>
    <graphicData>
      <texPath>Things/Pawn/Humanlike/Apparel/PersonalShield/PersonalShield</texPath>
      <graphicClass>Graphic_Single</graphicClass>
    </graphicData>
    <tickerType>Normal</tickerType>
		<statBases>
			<MarketValue>1250</MarketValue>
      <PersonalShieldRechargeRate>0.13</PersonalShieldRechargeRate>
      <PersonalShieldEnergyMax>.28</PersonalShieldEnergyMax>
<!--	  	<Insulation_Cold>-6</Insulation_Cold> -->
		<Insulation_Heat>26</Insulation_Heat>
    </statBases>
	<equippedStatOffsets>
		<MoveSpeed>0.40</MoveSpeed>
		<WorkSpeedGlobal>0.15</WorkSpeedGlobal>
	</equippedStatOffsets>
		<apparel>
			<bodyPartGroups>
				<li>Torso</li>
			</bodyPartGroups>
			<layers>
				<li>Accessory</li>
			</layers>
			<commonality>3</commonality>
			<tags>
				<li>PersonalShield</li>
			</tags>
		</apparel>
    <colorGenerator Class="ColorGenerator_Options">
      <options>
        <li>
          <weight>10</weight>
          <only>RGBA(0.33,0.33,0.33,1)</only>
        </li>
        <li>
          <weight>10</weight>
          <only>RGBA(0.65,0.65,0.65,1)</only>
        </li>
        <li>
          <weight>6</weight>
          <min>RGBA(0.3,0.3,0.3,1)</min>
          <max>RGBA(0.5,0.5,0.5,1)</max>
        </li>
        <li>
          <weight>10</weight>
          <only>RGBA(0.9,0.9,0.9,1)</only>
        </li>
      </options>
    </colorGenerator>
	</ThingDef>
	
  	<ThingDef ParentName="ApparelShieldBase">
		<defName>Apparel_PersonalShield_Cold_Advanced</defName>
		<thingClass>ExtremeTemperatureShields.Apparel_ExtremeTemperatureShield</thingClass>
		<label>adv. chilled shooter shield</label>
		<description>One really calm day a colonist somewhere decided to try to further improve their Enhanced A/C Shield. Now after upgrading this shield allows shots to be fired and has slightly better capacity than its vanilla counterpart. Buying a new one will cost you though...</description>    <graphicData>
      <texPath>Things/Pawn/Humanlike/Apparel/PersonalShield/PersonalShield</texPath>
      <graphicClass>Graphic_Single</graphicClass>
    </graphicData>
    <tickerType>Normal</tickerType>
		<statBases>
			<MarketValue>2800</MarketValue>
      <PersonalShieldRechargeRate>0.18</PersonalShieldRechargeRate>
      <PersonalShieldEnergyMax>1.5</PersonalShieldEnergyMax>
	 <!-- 	<Insulation_Cold>0</Insulation_Cold>-->
		<Insulation_Heat>30</Insulation_Heat>
    </statBases>
		<apparel>
			<bodyPartGroups>
				<li>Torso</li>
			</bodyPartGroups>
			<layers>
				<li>Accessory</li>
			</layers>
			<commonality>2</commonality>
			<tags>
				<li>PersonalShield</li>
			<!--	<li>Outlander</li>
				<li>Pirate</li>  -->
				<li>Spacer</li> 
			</tags>
		</apparel>
    <colorGenerator Class="ColorGenerator_Options">
      <options>
        <li>
          <weight>10</weight>
          <only>RGBA(0.33,0.33,0.33,1)</only>
        </li>
        <li>
          <weight>10</weight>
          <only>RGBA(0.65,0.65,0.65,1)</only>
        </li>
        <li>
          <weight>6</weight>
          <min>RGBA(0.3,0.3,0.3,1)</min>
          <max>RGBA(0.5,0.5,0.5,1)</max>
        </li>
        <li>
          <weight>10</weight>
          <only>RGBA(0.9,0.9,0.9,1)</only>
        </li>
      </options>
    </colorGenerator>
	</ThingDef>
	
	
		<ThingDef ParentName="ApparelShieldBase">
		<defName>Apparel_PersonalShield_Heat_Advanced</defName>
		<thingClass>ExtremeTemperatureShields.Apparel_ExtremeTemperatureShield</thingClass>
		<label>adv. cozy shooter shield</label>
		<description>Once again we hear a story about that nudist colonist living on the ice sheet. They had already made their shield amazing by allowing them to stay warm and still fight. One day when they were idle they decided to try to further improve it and SUCCESS! This shield now has a slightly improved capacity compared to a normal shield while retaining its temperature regulation.</description>
    <graphicData>
      <texPath>Things/Pawn/Humanlike/Apparel/PersonalShield/PersonalShield</texPath>
      <graphicClass>Graphic_Single</graphicClass>
    </graphicData>
    <tickerType>Normal</tickerType>
		<statBases>
			<MarketValue>2800</MarketValue>
      <PersonalShieldRechargeRate>0.18</PersonalShieldRechargeRate>
      <PersonalShieldEnergyMax>1.5</PersonalShieldEnergyMax>
	  	<Insulation_Cold>-72</Insulation_Cold>
	<!--	<Insulation_Heat>-6</Insulation_Heat> -->
    </statBases>
		<apparel>
			<bodyPartGroups>
				<li>Torso</li>
			</bodyPartGroups>
			<layers>
				<li>Accessory</li>
			</layers>
			<commonality>2</commonality>
			<tags>
				<li>PersonalShield</li>
		<!--	<li>Outlander</li>
				<li>Pirate</li>  -->
				<li>Spacer</li>
			</tags>
		</apparel>
    <colorGenerator Class="ColorGenerator_Options">
      <options>
        <li>
          <weight>10</weight>
          <only>RGBA(0.33,0.33,0.33,1)</only>
        </li>
        <li>
          <weight>10</weight>
          <only>RGBA(0.65,0.65,0.65,1)</only>
        </li>
        <li>
          <weight>6</weight>
          <min>RGBA(0.3,0.3,0.3,1)</min>
          <max>RGBA(0.5,0.5,0.5,1)</max>
        </li>
        <li>
          <weight>10</weight>
          <only>RGBA(0.9,0.9,0.9,1)</only>
        </li>
      </options>
    </colorGenerator>
	</ThingDef>	
	
		<ThingDef ParentName="ApparelShieldBase">
		<defName>Apparel_PersonalShield_TempAdapative_Advanced</defName>
		<thingClass>ExtremeTemperatureShields.Apparel_ExtremeTemperatureShield</thingClass>
		<label>adv. all-temp shooter worker shield</label>
		<description>Refinements in personal shield tech have resulted in this advanced shield.... n\n\ This shield protects from both hot and cold weather, increases move speed and manipulation, among other things</description>
    <graphicData>
      <texPath>Things/Pawn/Humanlike/Apparel/PersonalShield/PersonalShield</texPath>
      <graphicClass>Graphic_Single</graphicClass>
    </graphicData>
    <tickerType>Normal</tickerType>
		<statBases>
			<MarketValue>3500</MarketValue>
      <PersonalShieldRechargeRate>0.18</PersonalShieldRechargeRate>
      <PersonalShieldEnergyMax>1.5</PersonalShieldEnergyMax>
	  	<Insulation_Cold>-72</Insulation_Cold>
		<Insulation_Heat>30</Insulation_Heat>
    </statBases>
	<equippedStatOffsets>
		<MoveSpeed>2.50</MoveSpeed>
		<WorkSpeedGlobal>1.00</WorkSpeedGlobal>
	</equippedStatOffsets>
		<apparel>
			<bodyPartGroups>
				<li>Torso</li>
			</bodyPartGroups>
			<layers>
				<li>Accessory</li>
			</layers>
			<commonality>2</commonality>
			<tags>
				<li>PersonalShield</li>
		<!--	<li>Outlander</li>
				<li>Pirate</li>  -->
				<li>Spacer</li>
			</tags>
		</apparel>
    <colorGenerator Class="ColorGenerator_Options">
      <options>
        <li>
          <weight>10</weight>
          <only>RGBA(0.33,0.33,0.33,1)</only>
        </li>
        <li>
          <weight>10</weight>
          <only>RGBA(0.65,0.65,0.65,1)</only>
        </li>
        <li>
          <weight>6</weight>
          <min>RGBA(0.3,0.3,0.3,1)</min>
          <max>RGBA(0.5,0.5,0.5,1)</max>
        </li>
        <li>
          <weight>10</weight>
          <only>RGBA(0.9,0.9,0.9,1)</only>
        </li>
      </options>
    </colorGenerator>
	</ThingDef>	
<!-- Note this shield IS OP as hell and is used when testing.... enable it if your prepared for extreme OP enemy spawns with it too -->	

	<!--	<ThingDef ParentName="ApparelShieldBase">
		<thingClass>ExtremeTemperatureShields.Apparel_ExtremeTemperatureShield</thingClass>
		<defName>Apparel_PersonalShield_StatsTester</defName>
		<label>The shield of stats</label>
		<description>Testing without caring if anything/one survives.... GLaDOs would be proud</description>
    <graphicData>
      <texPath>Things/Pawn/Humanlike/Apparel/PersonalShield/PersonalShield</texPath>
	  	<color>(125,125,125)</color>
      <graphicClass>Graphic_Single</graphicClass>
    </graphicData>
    <tickerType>Normal</tickerType>
		<statBases>
			<MarketValue>4321</MarketValue>
      <PersonalShieldRechargeRate>0.45</PersonalShieldRechargeRate>
      <PersonalShieldEnergyMax>10.00</PersonalShieldEnergyMax>
	  	<Insulation_Cold>-70</Insulation_Cold>
		<Insulation_Heat>70</Insulation_Heat>
    </statBases>
	<equippedStatOffsets>
		<MoveSpeed>5.00</MoveSpeed>
		<WorkSpeedGlobal>5.00</WorkSpeedGlobal>
		<MeleeWeapon_DamageAmount>5.00</MeleeWeapon_DamageAmount>
		<MeleeWeapon_Cooldown>-1.00</MeleeWeapon_Cooldown>
		<SculptingSpeed>5.00</SculptingSpeed>
		<TailoringSpeed>5.00</TailoringSpeed>
		<SmithingSpeed>5.00</SmithingSpeed>
		<CookSpeed>5.00</CookSpeed>
		<FoodPoisonChance>-0.10</FoodPoisonChance>
		<BrewingSpeed>5.00</BrewingSpeed>
		<ButcheryFleshSpeed>5.00</ButcheryFleshSpeed>
		<ButcheryFleshEfficiency>5.00</ButcheryFleshEfficiency>
		<ButcheryMechanoidSpeed>5.00</ButcheryMechanoidSpeed>
		<ButcheryMechanoidEfficiency>5.00</ButcheryMechanoidEfficiency>
		<StonecuttingSpeed>5.00</StonecuttingSpeed>
		<SmeltingSpeed>5.00</SmeltingSpeed>
		<BaseHealingQuality>5.00</BaseHealingQuality>
		<HealingSpeed>5.00</HealingSpeed>
		<RecruitPrisonerChance>10.00</RecruitPrisonerChance>
		<TameAnimalChance>10.00</TameAnimalChance>
		<TrainAnimalChance>10.00</TrainAnimalChance>
		<SocialImpact>10.00</SocialImpact>
		<GiftImpact>10.00</GiftImpact>
		<TradePriceImprovement>2.00</TradePriceImprovement>
		<CarryingCapacity>75.00</CarryingCapacity>
		<ImmunityGainSpeed>10.00</ImmunityGainSpeed>
		<EatingSpeed>5.00</EatingSpeed>
		<GlobalLearningFactor>5.00</GlobalLearningFactor>
		<PsychicSensitivity>-0.50</PsychicSensitivity>
		<MentalBreakThreshold>-1.00</MentalBreakThreshold>
		<ShootingAccuracy>5.00</ShootingAccuracy>
		<AimingDelayFactor>-10.00</AimingDelayFactor>
		<MeleeHitChance>5.00</MeleeHitChance>
		<ResearchSpeedFactor>5.00</ResearchSpeedFactor>
		<MedicalTreatmentQualityFactor>5.00</MedicalTreatmentQualityFactor>
		<ImmunityGainSpeedFactor>5.00</ImmunityGainSpeedFactor>
	</equippedStatOffsets>
		<apparel>
			<bodyPartGroups>
				<li>Torso</li>
			</bodyPartGroups>
			<layers>
				<li>Accessory</li>
			</layers>
			<commonality>3</commonality>
			<tags>
				<li>PersonalShield</li>
				<li>Spacer</li>
			</tags>
		</apparel>
	</ThingDef>	 -->

	<ThingDef ParentName="ApparelShieldBase">
		<defName>Apparel_PersonalShield_Medivac</defName>
		<thingClass>ExtremeTemperatureShields.Apparel_ExtremeTemperatureShield</thingClass>
		<label>MediVac Shield</label>
		<description>This shield was designed to aid in battlefield field treating of the fallen.\n\n Shield allows shots to be fired out of it. However Capicity is quite low.... \n\n Resists most temperature fluctuations, increases healing quality and efficiency due to the advanced HUD like system integrated within. Colonists protected by this shield are more resistant to breaking as well.  </description>
    <graphicData>
      <texPath>Things/Pawn/Humanlike/Apparel/PersonalShield/PersonalShield</texPath>
	<color>(30,144,255)</color>
      <graphicClass>Graphic_Single</graphicClass>
    </graphicData>
    <tickerType>Normal</tickerType>
		<statBases>
		<MarketValue>2950</MarketValue>
      <PersonalShieldRechargeRate>0.10</PersonalShieldRechargeRate>
      <PersonalShieldEnergyMax>3.0</PersonalShieldEnergyMax>
	  	<Insulation_Cold>-40</Insulation_Cold>
		<Insulation_Heat>15</Insulation_Heat>
    </statBases>
		<apparel>
			<bodyPartGroups>
				<li>Torso</li>
			</bodyPartGroups>
			<layers>
				<li>Accessory</li>
			</layers>
			<commonality>3</commonality>
			<tags>
				<li>PersonalShield</li>
<!--				<li>Outlander</li>
				<li>Pirate</li> -->
				<li>Spacer</li>
			</tags>
		</apparel>
		<equippedStatOffsets>
		<MoveSpeed>0.50</MoveSpeed>
		<BaseHealingQuality>0.75</BaseHealingQuality>
		<MentalBreakThreshold>-0.10</MentalBreakThreshold>
		<HealingSpeed>2.00</HealingSpeed>
		</equippedStatOffsets>
	</ThingDef>
	
	
	
	
	<ThingDef ParentName="ApparelShieldBase">
		<defName>Apparel_PersonalShield_Medivac_Adv</defName>
		<thingClass>ExtremeTemperatureShields.Apparel_ExtremeTemperatureShield</thingClass>
		<label>Adv.MediVac All-Temp. Shield</label>
		<description>This advanced shield is designed to allow a colonist to rush into the battlefield... Assist if needed and rescue the fallen.\n\n Shield allows shots to be fired out of it. \n\n Also is temperature independent, buffs movement speed, and increases healing quality and efficiency due to the advanced HUD like system integrated. Colonists protected by this shield are more resistant to breaking as well.  </description>
    <graphicData>
      <texPath>Things/Pawn/Humanlike/Apparel/PersonalShield/PersonalShield</texPath>
	<color>(54,71,252)</color>
      <graphicClass>Graphic_Single</graphicClass>
    </graphicData>
    <tickerType>Normal</tickerType>
		<statBases>
		<MarketValue>4000</MarketValue>
      <PersonalShieldRechargeRate>0.10</PersonalShieldRechargeRate>
      <PersonalShieldEnergyMax>3.0</PersonalShieldEnergyMax>
	  	<Insulation_Cold>-65</Insulation_Cold>
		<Insulation_Heat>35</Insulation_Heat>
    </statBases>
		<apparel>
			<bodyPartGroups>
				<li>Torso</li>
			</bodyPartGroups>
			<layers>
				<li>Accessory</li>
			</layers>
			<commonality>3</commonality>
			<tags>
				<li>PersonalShield</li>
<!--				<li>Outlander</li>
				<li>Pirate</li> -->
				<li>Spacer</li>
			</tags>
		</apparel>
		<equippedStatOffsets>
		<MoveSpeed>4.00</MoveSpeed>
		<BaseHealingQuality>1.08</BaseHealingQuality>
		<MentalBreakThreshold>-0.50</MentalBreakThreshold>
		<HealingSpeed>5.00</HealingSpeed>
		</equippedStatOffsets>

	</ThingDef>

	<ThingDef ParentName="ApparelShieldBase">
		<defName>Apparel_PersonalShield_SteadFast</defName>
		<thingClass>ExtremeTemperatureShields.Apparel_ExtremeTemperatureShield</thingClass>
		<label>Steadfast Temperate Shield</label>
		<description>Based on a Temperate Shoot shield. This shield has also been tweaked to repel psychic phenomena while having a calming atmosphere (- 5% to mental break threshold ). Tiny penalty to movement.</description>
    <graphicData>
      <texPath>Things/Pawn/Humanlike/Apparel/PersonalShield/PersonalShield</texPath>
	<color>(7,108,47)</color>
      <graphicClass>Graphic_Single</graphicClass>
    </graphicData>
    <tickerType>Normal</tickerType>
		<statBases>
		<MarketValue>1750</MarketValue>
      <PersonalShieldRechargeRate>0.20</PersonalShieldRechargeRate>
      <PersonalShieldEnergyMax>1.3</PersonalShieldEnergyMax>
	  	<Insulation_Cold>-40</Insulation_Cold>
		<Insulation_Heat>15</Insulation_Heat>
    </statBases>
		<apparel>
			<bodyPartGroups>
				<li>Torso</li>
			</bodyPartGroups>
			<layers>
				<li>Accessory</li>
			</layers>
			<commonality>3</commonality>
			<tags>
				<li>PersonalShield</li>
				<li>Outlander</li>
				<li>Pirate</li>
				<li>Spacer</li>
			</tags>
		</apparel>
		<equippedStatOffsets>
		<MoveSpeed>-0.50</MoveSpeed>
		<MentalBreakThreshold>-0.05</MentalBreakThreshold>
		<PsychicSensitivity>-0.50</PsychicSensitivity>
		</equippedStatOffsets>
	</ThingDef>
	
	<ThingDef ParentName="ApparelShieldBase">
		<defName>Apparel_PersonalShield_SteadFast_Adv</defName>
		<thingClass>ExtremeTemperatureShields.Apparel_ExtremeTemperatureShield</thingClass>
		<label>Advanced Steadfast Temperate Shield</label>
		<description>Based on an Advanced Temperate shoot shield. This shield has also been tweaked to repel psychic phenomena but more efficiently than the base version and has an even more calming atmosphere (- 20% to mental break threshold ) Slight bonus to movement.</description>
    <graphicData>
      <texPath>Things/Pawn/Humanlike/Apparel/PersonalShield/PersonalShield</texPath>
	<color>(88,217,47)</color>
      <graphicClass>Graphic_Single</graphicClass>
    </graphicData>
    <tickerType>Normal</tickerType>
		<statBases>
		<MarketValue>3500</MarketValue>
      <PersonalShieldRechargeRate>0.10</PersonalShieldRechargeRate>
      <PersonalShieldEnergyMax>3.0</PersonalShieldEnergyMax>
	  	<Insulation_Cold>-70</Insulation_Cold>
		<Insulation_Heat>30</Insulation_Heat>
    </statBases>
		<apparel>
			<bodyPartGroups>
				<li>Torso</li>
			</bodyPartGroups>
			<layers>
				<li>Accessory</li>
			</layers>
			<commonality>3</commonality>
			<tags>
				<li>PersonalShield</li>
<!--				<li>Outlander</li>
				<li>Pirate</li> -->
				<li>Spacer</li>
			</tags>
		</apparel>
		<equippedStatOffsets>
		<MoveSpeed>0.75</MoveSpeed>
		<MentalBreakThreshold>-0.20</MentalBreakThreshold>
		<PsychicSensitivity>-0.95</PsychicSensitivity>
		</equippedStatOffsets>
	</ThingDef>

<ThingDef ParentName="ApparelShieldBase">
		<defName>Apparel_PersonalShield_HaulBuffer</defName>
		<thingClass>ExtremeTemperatureShields.Apparel_ExtremeTemperatureShield</thingClass>
		<label>Haul Buffer Shield</label>
		<description>This shield allows the wearer to carry more stuff...I hope... Human pawns appear to be UNAFFECTED in my testing SO use only on DROID type workers added from other mods...</description>
    <graphicData>
      <texPath>Things/Pawn/Humanlike/Apparel/PersonalShield/PersonalShield</texPath>
	<color>(5,5,5)</color>
      <graphicClass>Graphic_Single</graphicClass>
    </graphicData>
    <tickerType>Normal</tickerType>
		<statBases>
		<MarketValue>1500</MarketValue>
      <PersonalShieldRechargeRate>0.10</PersonalShieldRechargeRate>
      <PersonalShieldEnergyMax>3.0</PersonalShieldEnergyMax>
	  	<Insulation_Cold>-40</Insulation_Cold>
		<Insulation_Heat>15</Insulation_Heat>
    </statBases>
		<apparel>
			<bodyPartGroups>
				<li>Torso</li>
			</bodyPartGroups>
			<layers>
				<li>Accessory</li>
			</layers>
			<commonality>1</commonality>
			<tags>
				<li>PersonalShield</li>
				<li>Spacer</li>
			</tags>
		</apparel>
		<equippedStatOffsets>
		<MoveSpeed>1.0</MoveSpeed>
		<CarryingCapacity>75.00</CarryingCapacity>
		</equippedStatOffsets>
	</ThingDef>
	

</Defs>