<?xml version="1.0" encoding="utf-8" ?>
<ThingCategoryDefs>
	<ThingCategoryDef>
        <defName>SweetMeals</defName>
        <label></label>
        <parent>Unused</parent>
        <iconPath>Ui/Icons/ThingCategories/Sweets</iconPath>
    </ThingCategoryDef> <!-- removing in favor of the new categories -->
	<ThingCategoryDef>
        <defName>CookingSupplies</defName>
        <label>cooking ingredents</label>
        <parent>Foods</parent> <!-- changed from FoodMeals -->
        <iconPath>Ui/Icons/ThingCategories/Cookingstuff</iconPath>
      </ThingCategoryDef>
</ThingCategoryDefs>