﻿<?xml version="1.0" encoding="utf-8" ?>
<ResearchProjectDefs>
	
	<ResearchProjectDef>
		<defName>ResearchTurretWeaponBaseAlternateCooldown</defName>
		<label>Turret: Faster Reload</label>
		<description>Research how to increase the reload time of the turret base.</description>
		<descriptionDiscovered>You have successfully redesigned your turret base, so that the reloading is a bit faster.</descriptionDiscovered>
		<totalCost>750</totalCost>
		<prerequisites>
			<li>Mortars</li>
		</prerequisites>
	</ResearchProjectDef>
	
</ResearchProjectDefs>