<?xml version="1.0" encoding="utf-8" ?>
<WorkGivers>
  
	<WorkGiverDef>
		<defName>DoBillsTableGrill</defName>
		<giverClass>WorkGiver_DoBill</giverClass>
		<workType>Cooking</workType>
		<priorityInType>85</priorityInType>
		<singleBillGiverDef>TableGrill</singleBillGiverDef>
		<verb>cook</verb>
		<gerund>cooking at</gerund>
		<requiredCapacities>
			<li>Manipulation</li>
		</requiredCapacities>
	</WorkGiverDef>
	
	<WorkGiverDef>
		<defName>DoBillsMakeKindling_Hand</defName>
		<giverClass>WorkGiver_DoBill</giverClass>
		<workType>Crafting</workType>
		<priorityInType>90</priorityInType>
		<singleBillGiverDef>TableSawmillHand</singleBillGiverDef>
		<verb>make kindling</verb>
		<gerund>making kindling at</gerund>
		<requiredCapacities>
			<li>Manipulation</li>
		</requiredCapacities>
	</WorkGiverDef>
	
	
	<!--<WorkGiverDef>
		<defName>DoBillsMakeWoodPlanks_Hand</defName>
		<giverClass>WorkGiver_DoBill</giverClass>
		<workType>Crafting</workType>
		<priorityInType>90</priorityInType>
		<singleBillGiverDef>TableSawmillHand</singleBillGiverDef>
		<verb>saw logs</verb>
		<gerund>sawing logs</gerund>
		<requiredCapacities>
			<li>Manipulation</li>
		</requiredCapacities>
	</WorkGiverDef>
	
	<WorkGiverDef>
		<defName>DoBillsSmeltMetal_Hand</defName>
		<giverClass>WorkGiver_DoBill</giverClass>
		<workType>Crafting</workType>
		<priorityInType>80</priorityInType>
		<singleBillGiverDef>TableFurnace</singleBillGiverDef>
		<verb>smelt metal</verb>
		<gerund>smelting metal</gerund>
		<requiredCapacities>
			<li>Manipulation</li>
		</requiredCapacities>
	</WorkGiverDef>-->
	
	<WorkGiverDef>
		<defName>DoBillsTableGlassworks</defName>
		<giverClass>WorkGiver_DoBill</giverClass>
		<workType>Crafting</workType>
		<priorityInType>75</priorityInType>
		<singleBillGiverDef>TableGlassworks</singleBillGiverDef>
		<verb>make glass</verb>
		<gerund>making glass at</gerund>
		<requiredCapacities>
			<li>Manipulation</li>
		</requiredCapacities>
	</WorkGiverDef>
	
	<WorkGiverDef>
		<defName>DoBillsTableComposter</defName>
		<giverClass>WorkGiver_DoBill</giverClass>
		<workType>Crafting</workType>
		<priorityInType>60</priorityInType>
		<singleBillGiverDef>TableComposter</singleBillGiverDef>
		<verb>make mulch</verb>
		<gerund>making mulch at</gerund>
		<requiredCapacities>
			<li>Manipulation</li>
		</requiredCapacities>
	</WorkGiverDef>
	
	


</WorkGivers>