﻿<?xml version="1.0" encoding="utf-8" ?>
<ThingCategoryDefs>


<!--removing unused categories by moving them to a blank category since they can't be removed otherwise without modifying the original mod or creating errors-->
  <ThingCategoryDef>
    <defName>Apparellosubhats</defName>
    <label></label>
    <parent>Unused</parent>
  </ThingCategoryDef>

  <ThingCategoryDef>
    <defName>Apparellocategory</defName>
    <label></label>
    <parent>Unused</parent>
  </ThingCategoryDef>


  <ThingCategoryDef>
    <defName>Apparelloarmor</defName>
    <label></label>
    <parent>Apparellocategory</parent>
  </ThingCategoryDef>


<!-- Hat main -->

  <ThingCategoryDef>
    <defName>Apparellohats</defName>
    <label></label>
    <parent>Apparellocategory</parent>
  </ThingCategoryDef>

	  <ThingCategoryDef>
	    <defName>Apparelloeyehats</defName>
	    <label></label>
	    <parent>Apparellohats</parent>
	  </ThingCategoryDef>

	  <ThingCategoryDef>
	    <defName>Apparellozoohats</defName>
	    <label></label>
	    <parent>Apparellohats</parent>
	  </ThingCategoryDef>


<!-- Other -->

  <ThingCategoryDef>
    <defName>Accessorellocategory</defName>
    <label></label>
    <parent>Apparellocategory</parent>
  </ThingCategoryDef>

	  <ThingCategoryDef>
	    <defName>Apparellopanties</defName>
	    <label></label>
	    <parent>Accessorellocategory</parent>
	  </ThingCategoryDef>


<!-- Trinkets -->

  <ThingCategoryDef>
    <defName>TrinkelloCat</defName>
    <label></label>
    <parent>Unused</parent>
  </ThingCategoryDef>
  
</ThingCategoryDefs>


